Store Name,Store Number,Store Complex,Address,City,State,Zip,Phone Number
Birmingham,,"ExploreRecipesArticles & ResourcesLocal StoriesCommunitySaveWeekly AdDeals of the MonthMember-only EventsDigital CouponsShopDietOrganicGluten-freePlant-BasedKetoPaleoNon-GMOCategoriesProduceDeli & Prepared FoodsBakeryBulkDairyMeat & SeafoodGrocery
						AislesFrozenVitamins &
						Body CareBeer & WineDiscover MoreCateringBuy
					It AgainSprouts BrandsNew ItemsExclusivesPrepared Foods",,,,,205-263-2808
Hoover,,"ExploreRecipesArticles & ResourcesLocal StoriesCommunitySaveWeekly AdDeals of the MonthMember-only EventsDigital CouponsShopDietOrganicGluten-freePlant-BasedKetoPaleoNon-GMOCategoriesProduceDeli & Prepared FoodsBakeryBulkDairyMeat & SeafoodGrocery
						AislesFrozenVitamins &
						Body CareBeer & WineDiscover MoreCateringBuy
					It AgainSprouts BrandsNew ItemsExclusivesPrepared Foods",,,,,205-263-4970
Huntsville – Madison,,"ExploreRecipesArticles & ResourcesLocal StoriesCommunitySaveWeekly AdDeals of the MonthMember-only EventsDigital CouponsShopDietOrganicGluten-freePlant-BasedKetoPaleoNon-GMOCategoriesProduceDeli & Prepared FoodsBakeryBulkDairyMeat & SeafoodGrocery
						AislesFrozenVitamins &
						Body CareBeer & WineDiscover MoreCateringBuy
					It AgainSprouts BrandsNew ItemsExclusivesPrepared Foods",,,,,256-203-8334
Avondale,,"ExploreRecipesArticles & ResourcesLocal StoriesCommunitySaveWeekly AdDeals of the MonthMember-only EventsDigital CouponsShopDietOrganicGluten-freePlant-BasedKetoPaleoNon-GMOCategoriesProduceDeli & Prepared FoodsBakeryBulkDairyMeat & SeafoodGrocery
						AislesFrozenVitamins &
						Body CareBeer & WineDiscover MoreCateringBuy
					It AgainSprouts BrandsNew ItemsExclusivesPrepared Foods",,,,,623-535-8989
Cave Creek,,"ExploreRecipesArticles & ResourcesLocal StoriesCommunitySaveWeekly AdDeals of the MonthMember-only EventsDigital CouponsShopDietOrganicGluten-freePlant-BasedKetoPaleoNon-GMOCategoriesProduceDeli & Prepared FoodsBakeryBulkDairyMeat & SeafoodGrocery
						AislesFrozenVitamins &
						Body CareBeer & WineDiscover MoreCateringBuy
					It AgainSprouts BrandsNew ItemsExclusivesPrepared Foods",,,,,480-637-4699
Chandler – Gilbert Rd.,,"ExploreRecipesArticles & ResourcesLocal StoriesCommunitySaveWeekly AdDeals of the MonthMember-only EventsDigital CouponsShopDietOrganicGluten-freePlant-BasedKetoPaleoNon-GMOCategoriesProduceDeli & Prepared FoodsBakeryBulkDairyMeat & SeafoodGrocery
						AislesFrozenVitamins &
						Body CareBeer & WineDiscover MoreCateringBuy
					It AgainSprouts BrandsNew ItemsExclusivesPrepared Foods",,,,,480-781-0088
Chandler – Ray Rd.,,"ExploreRecipesArticles & ResourcesLocal StoriesCommunitySaveWeekly AdDeals of the MonthMember-only EventsDigital CouponsShopDietOrganicGluten-freePlant-BasedKetoPaleoNon-GMOCategoriesProduceDeli & Prepared FoodsBakeryBulkDairyMeat & SeafoodGrocery
						AislesFrozenVitamins &
						Body CareBeer & WineDiscover MoreCateringBuy
					It AgainSprouts BrandsNew ItemsExclusivesPrepared Foods",,,,,480-732-1012
Flagstaff,,"ExploreRecipesArticles & ResourcesLocal StoriesCommunitySaveWeekly AdDeals of the MonthMember-only EventsDigital CouponsShopDietOrganicGluten-freePlant-BasedKetoPaleoNon-GMOCategoriesProduceDeli & Prepared FoodsBakeryBulkDairyMeat & SeafoodGrocery
						AislesFrozenVitamins &
						Body CareBeer & WineDiscover MoreCateringBuy
					It AgainSprouts BrandsNew ItemsExclusivesPrepared Foods",,,,,928-679-6000
Gilbert-Higley Rd.,,"ExploreRecipesArticles & ResourcesLocal StoriesCommunitySaveWeekly AdDeals of the MonthMember-only EventsDigital CouponsShopDietOrganicGluten-freePlant-BasedKetoPaleoNon-GMOCategoriesProduceDeli & Prepared FoodsBakeryBulkDairyMeat & SeafoodGrocery
						AislesFrozenVitamins &
						Body CareBeer & WineDiscover MoreCateringBuy
					It AgainSprouts BrandsNew ItemsExclusivesPrepared Foods",,,,,520-652-3524
Gilbert,,"ExploreRecipesArticles & ResourcesLocal StoriesCommunitySaveWeekly AdDeals of the MonthMember-only EventsDigital CouponsShopDietOrganicGluten-freePlant-BasedKetoPaleoNon-GMOCategoriesProduceDeli & Prepared FoodsBakeryBulkDairyMeat & SeafoodGrocery
						AislesFrozenVitamins &
						Body CareBeer & WineDiscover MoreCateringBuy
					It AgainSprouts BrandsNew ItemsExclusivesPrepared Foods",,,,,480-821-1511
Sahuarita,,"ExploreRecipesArticles & ResourcesLocal StoriesCommunitySaveWeekly AdDeals of the MonthMember-only EventsDigital CouponsShopDietOrganicGluten-freePlant-BasedKetoPaleoNon-GMOCategoriesProduceDeli & Prepared FoodsBakeryBulkDairyMeat & SeafoodGrocery
						AislesFrozenVitamins &
						Body CareBeer & WineDiscover MoreCateringBuy
					It AgainSprouts BrandsNew ItemsExclusivesPrepared Foods",,,,,520-729-3370
Laveen,,"ExploreRecipesArticles & ResourcesLocal StoriesCommunitySaveWeekly AdDeals of the MonthMember-only EventsDigital CouponsShopDietOrganicGluten-freePlant-BasedKetoPaleoNon-GMOCategoriesProduceDeli & Prepared FoodsBakeryBulkDairyMeat & SeafoodGrocery
						AislesFrozenVitamins &
						Body CareBeer & WineDiscover MoreCateringBuy
					It AgainSprouts BrandsNew ItemsExclusivesPrepared Foods",,,,,480-210-4896
Maricopa – John Wayne Pkwy. & Edison Rd.,,"ExploreRecipesArticles & ResourcesLocal StoriesCommunitySaveWeekly AdDeals of the MonthMember-only EventsDigital CouponsShopDietOrganicGluten-freePlant-BasedKetoPaleoNon-GMOCategoriesProduceDeli & Prepared FoodsBakeryBulkDairyMeat & SeafoodGrocery
						AislesFrozenVitamins &
						Body CareBeer & WineDiscover MoreCateringBuy
					It AgainSprouts BrandsNew ItemsExclusivesPrepared Foods",,,,,520-532-1093
Mesa – Baseline Rd.,,"ExploreRecipesArticles & ResourcesLocal StoriesCommunitySaveWeekly AdDeals of the MonthMember-only EventsDigital CouponsShopDietOrganicGluten-freePlant-BasedKetoPaleoNon-GMOCategoriesProduceDeli & Prepared FoodsBakeryBulkDairyMeat & SeafoodGrocery
						AislesFrozenVitamins &
						Body CareBeer & WineDiscover MoreCateringBuy
					It AgainSprouts BrandsNew ItemsExclusivesPrepared Foods",,,,,480-401-3758
Mesa – Brown Rd.,,"ExploreRecipesArticles & ResourcesLocal StoriesCommunitySaveWeekly AdDeals of the MonthMember-only EventsDigital CouponsShopDietOrganicGluten-freePlant-BasedKetoPaleoNon-GMOCategoriesProduceDeli & Prepared FoodsBakeryBulkDairyMeat & SeafoodGrocery
						AislesFrozenVitamins &
						Body CareBeer & WineDiscover MoreCateringBuy
					It AgainSprouts BrandsNew ItemsExclusivesPrepared Foods",,,,,480-668-0800
Mesa – Recker,,"ExploreRecipesArticles & ResourcesLocal StoriesCommunitySaveWeekly AdDeals of the MonthMember-only EventsDigital CouponsShopDietOrganicGluten-freePlant-BasedKetoPaleoNon-GMOCategoriesProduceDeli & Prepared FoodsBakeryBulkDairyMeat & SeafoodGrocery
						AislesFrozenVitamins &
						Body CareBeer & WineDiscover MoreCateringBuy
					It AgainSprouts BrandsNew ItemsExclusivesPrepared Foods",,,,,480-401-3870
Mesa-Signal Butte,,"ExploreRecipesArticles & ResourcesLocal StoriesCommunitySaveWeekly AdDeals of the MonthMember-only EventsDigital CouponsShopDietOrganicGluten-freePlant-BasedKetoPaleoNon-GMOCategoriesProduceDeli & Prepared FoodsBakeryBulkDairyMeat & SeafoodGrocery
						AislesFrozenVitamins &
						Body CareBeer & WineDiscover MoreCateringBuy
					It AgainSprouts BrandsNew ItemsExclusivesPrepared Foods",,,,,480-586-3710
Oro Valley,,"ExploreRecipesArticles & ResourcesLocal StoriesCommunitySaveWeekly AdDeals of the MonthMember-only EventsDigital CouponsShopDietOrganicGluten-freePlant-BasedKetoPaleoNon-GMOCategoriesProduceDeli & Prepared FoodsBakeryBulkDairyMeat & SeafoodGrocery
						AislesFrozenVitamins &
						Body CareBeer & WineDiscover MoreCateringBuy
					It AgainSprouts BrandsNew ItemsExclusivesPrepared Foods",,,,,520-297-5446
Peoria – Happy Valley Rd.,,"ExploreRecipesArticles & ResourcesLocal StoriesCommunitySaveWeekly AdDeals of the MonthMember-only EventsDigital CouponsShopDietOrganicGluten-freePlant-BasedKetoPaleoNon-GMOCategoriesProduceDeli & Prepared FoodsBakeryBulkDairyMeat & SeafoodGrocery
						AislesFrozenVitamins &
						Body CareBeer & WineDiscover MoreCateringBuy
					It AgainSprouts BrandsNew ItemsExclusivesPrepared Foods",,,,,602-385-3392
Peoria – Thunderbird,,"ExploreRecipesArticles & ResourcesLocal StoriesCommunitySaveWeekly AdDeals of the MonthMember-only EventsDigital CouponsShopDietOrganicGluten-freePlant-BasedKetoPaleoNon-GMOCategoriesProduceDeli & Prepared FoodsBakeryBulkDairyMeat & SeafoodGrocery
						AislesFrozenVitamins &
						Body CareBeer & WineDiscover MoreCateringBuy
					It AgainSprouts BrandsNew ItemsExclusivesPrepared Foods",,,,,623-334-1111
Ahwatukee,,"ExploreRecipesArticles & ResourcesLocal StoriesCommunitySaveWeekly AdDeals of the MonthMember-only EventsDigital CouponsShopDietOrganicGluten-freePlant-BasedKetoPaleoNon-GMOCategoriesProduceDeli & Prepared FoodsBakeryBulkDairyMeat & SeafoodGrocery
						AislesFrozenVitamins &
						Body CareBeer & WineDiscover MoreCateringBuy
					It AgainSprouts BrandsNew ItemsExclusivesPrepared Foods",,,,,480-295-4901
Glendale – Deer Valley Rd.,,"ExploreRecipesArticles & ResourcesLocal StoriesCommunitySaveWeekly AdDeals of the MonthMember-only EventsDigital CouponsShopDietOrganicGluten-freePlant-BasedKetoPaleoNon-GMOCategoriesProduceDeli & Prepared FoodsBakeryBulkDairyMeat & SeafoodGrocery
						AislesFrozenVitamins &
						Body CareBeer & WineDiscover MoreCateringBuy
					It AgainSprouts BrandsNew ItemsExclusivesPrepared Foods",,,,,623-385-4430
Phoenix-99th Ave.,,"ExploreRecipesArticles & ResourcesLocal StoriesCommunitySaveWeekly AdDeals of the MonthMember-only EventsDigital CouponsShopDietOrganicGluten-freePlant-BasedKetoPaleoNon-GMOCategoriesProduceDeli & Prepared FoodsBakeryBulkDairyMeat & SeafoodGrocery
						AislesFrozenVitamins &
						Body CareBeer & WineDiscover MoreCateringBuy
					It AgainSprouts BrandsNew ItemsExclusivesPrepared Foods",,,,,623-352-6269
Phoenix-Carefree Hwy. & I-17,,"ExploreRecipesArticles & ResourcesLocal StoriesCommunitySaveWeekly AdDeals of the MonthMember-only EventsDigital CouponsShopDietOrganicGluten-freePlant-BasedKetoPaleoNon-GMOCategoriesProduceDeli & Prepared FoodsBakeryBulkDairyMeat & SeafoodGrocery
						AislesFrozenVitamins &
						Body CareBeer & WineDiscover MoreCateringBuy
					It AgainSprouts BrandsNew ItemsExclusivesPrepared Foods",,,,,480-956-6058
Paradise Valley,,"ExploreRecipesArticles & ResourcesLocal StoriesCommunitySaveWeekly AdDeals of the MonthMember-only EventsDigital CouponsShopDietOrganicGluten-freePlant-BasedKetoPaleoNon-GMOCategoriesProduceDeli & Prepared FoodsBakeryBulkDairyMeat & SeafoodGrocery
						AislesFrozenVitamins &
						Body CareBeer & WineDiscover MoreCateringBuy
					It AgainSprouts BrandsNew ItemsExclusivesPrepared Foods",,,,,602-971-4177
Phoenix – 7th Ave.,,"ExploreRecipesArticles & ResourcesLocal StoriesCommunitySaveWeekly AdDeals of the MonthMember-only EventsDigital CouponsShopDietOrganicGluten-freePlant-BasedKetoPaleoNon-GMOCategoriesProduceDeli & Prepared FoodsBakeryBulkDairyMeat & SeafoodGrocery
						AislesFrozenVitamins &
						Body CareBeer & WineDiscover MoreCateringBuy
					It AgainSprouts BrandsNew ItemsExclusivesPrepared Foods",,,,,602-384-2650
Phoenix – Bell Rd.,,"ExploreRecipesArticles & ResourcesLocal StoriesCommunitySaveWeekly AdDeals of the MonthMember-only EventsDigital CouponsShopDietOrganicGluten-freePlant-BasedKetoPaleoNon-GMOCategoriesProduceDeli & Prepared FoodsBakeryBulkDairyMeat & SeafoodGrocery
						AislesFrozenVitamins &
						Body CareBeer & WineDiscover MoreCateringBuy
					It AgainSprouts BrandsNew ItemsExclusivesPrepared Foods",,,,,602-218-4949
Phoenix – Glendale Ave.,,"ExploreRecipesArticles & ResourcesLocal StoriesCommunitySaveWeekly AdDeals of the MonthMember-only EventsDigital CouponsShopDietOrganicGluten-freePlant-BasedKetoPaleoNon-GMOCategoriesProduceDeli & Prepared FoodsBakeryBulkDairyMeat & SeafoodGrocery
						AislesFrozenVitamins &
						Body CareBeer & WineDiscover MoreCateringBuy
					It AgainSprouts BrandsNew ItemsExclusivesPrepared Foods",,,,,602-385-2150
Phoenix – Indian School Rd.,,"ExploreRecipesArticles & ResourcesLocal StoriesCommunitySaveWeekly AdDeals of the MonthMember-only EventsDigital CouponsShopDietOrganicGluten-freePlant-BasedKetoPaleoNon-GMOCategoriesProduceDeli & Prepared FoodsBakeryBulkDairyMeat & SeafoodGrocery
						AislesFrozenVitamins &
						Body CareBeer & WineDiscover MoreCateringBuy
					It AgainSprouts BrandsNew ItemsExclusivesPrepared Foods",,,,,602-553-3131
Phoenix – Northern Ave.,,"ExploreRecipesArticles & ResourcesLocal StoriesCommunitySaveWeekly AdDeals of the MonthMember-only EventsDigital CouponsShopDietOrganicGluten-freePlant-BasedKetoPaleoNon-GMOCategoriesProduceDeli & Prepared FoodsBakeryBulkDairyMeat & SeafoodGrocery
						AislesFrozenVitamins &
						Body CareBeer & WineDiscover MoreCateringBuy
					It AgainSprouts BrandsNew ItemsExclusivesPrepared Foods",,,,,602-864-6130
Phoenix – Thunderbird Rd. & 43rd Ave.,,"ExploreRecipesArticles & ResourcesLocal StoriesCommunitySaveWeekly AdDeals of the MonthMember-only EventsDigital CouponsShopDietOrganicGluten-freePlant-BasedKetoPaleoNon-GMOCategoriesProduceDeli & Prepared FoodsBakeryBulkDairyMeat & SeafoodGrocery
						AislesFrozenVitamins &
						Body CareBeer & WineDiscover MoreCateringBuy
					It AgainSprouts BrandsNew ItemsExclusivesPrepared Foods",,,,,602-960-4587
Prescott Valley,,"ExploreRecipesArticles & ResourcesLocal StoriesCommunitySaveWeekly AdDeals of the MonthMember-only EventsDigital CouponsShopDietOrganicGluten-freePlant-BasedKetoPaleoNon-GMOCategoriesProduceDeli & Prepared FoodsBakeryBulkDairyMeat & SeafoodGrocery
						AislesFrozenVitamins &
						Body CareBeer & WineDiscover MoreCateringBuy
					It AgainSprouts BrandsNew ItemsExclusivesPrepared Foods",,,,,928-379-8000
Prescott,,"ExploreRecipesArticles & ResourcesLocal StoriesCommunitySaveWeekly AdDeals of the MonthMember-only EventsDigital CouponsShopDietOrganicGluten-freePlant-BasedKetoPaleoNon-GMOCategoriesProduceDeli & Prepared FoodsBakeryBulkDairyMeat & SeafoodGrocery
						AislesFrozenVitamins &
						Body CareBeer & WineDiscover MoreCateringBuy
					It AgainSprouts BrandsNew ItemsExclusivesPrepared Foods",,,,,928-499-3350
Queen Creek,,"ExploreRecipesArticles & ResourcesLocal StoriesCommunitySaveWeekly AdDeals of the MonthMember-only EventsDigital CouponsShopDietOrganicGluten-freePlant-BasedKetoPaleoNon-GMOCategoriesProduceDeli & Prepared FoodsBakeryBulkDairyMeat & SeafoodGrocery
						AislesFrozenVitamins &
						Body CareBeer & WineDiscover MoreCateringBuy
					It AgainSprouts BrandsNew ItemsExclusivesPrepared Foods",,,,,623-385-3213
Queen Creek-Gantzel Rd.,,"ExploreRecipesArticles & ResourcesLocal StoriesCommunitySaveWeekly AdDeals of the MonthMember-only EventsDigital CouponsShopDietOrganicGluten-freePlant-BasedKetoPaleoNon-GMOCategoriesProduceDeli & Prepared FoodsBakeryBulkDairyMeat & SeafoodGrocery
						AislesFrozenVitamins &
						Body CareBeer & WineDiscover MoreCateringBuy
					It AgainSprouts BrandsNew ItemsExclusivesPrepared Foods",,,,,520-614-0304
North Scottsdale,,"ExploreRecipesArticles & ResourcesLocal StoriesCommunitySaveWeekly AdDeals of the MonthMember-only EventsDigital CouponsShopDietOrganicGluten-freePlant-BasedKetoPaleoNon-GMOCategoriesProduceDeli & Prepared FoodsBakeryBulkDairyMeat & SeafoodGrocery
						AislesFrozenVitamins &
						Body CareBeer & WineDiscover MoreCateringBuy
					It AgainSprouts BrandsNew ItemsExclusivesPrepared Foods",,,,,480-295-4789
Scottsdale – Gainey Ranch,,"ExploreRecipesArticles & ResourcesLocal StoriesCommunitySaveWeekly AdDeals of the MonthMember-only EventsDigital CouponsShopDietOrganicGluten-freePlant-BasedKetoPaleoNon-GMOCategoriesProduceDeli & Prepared FoodsBakeryBulkDairyMeat & SeafoodGrocery
						AislesFrozenVitamins &
						Body CareBeer & WineDiscover MoreCateringBuy
					It AgainSprouts BrandsNew ItemsExclusivesPrepared Foods",,,,,480-534-3620
Scottsdale – Miller Rd.,,"ExploreRecipesArticles & ResourcesLocal StoriesCommunitySaveWeekly AdDeals of the MonthMember-only EventsDigital CouponsShopDietOrganicGluten-freePlant-BasedKetoPaleoNon-GMOCategoriesProduceDeli & Prepared FoodsBakeryBulkDairyMeat & SeafoodGrocery
						AislesFrozenVitamins &
						Body CareBeer & WineDiscover MoreCateringBuy
					It AgainSprouts BrandsNew ItemsExclusivesPrepared Foods",,,,,480-941-6001
Scottsdale – Shea Blvd.,,"ExploreRecipesArticles & ResourcesLocal StoriesCommunitySaveWeekly AdDeals of the MonthMember-only EventsDigital CouponsShopDietOrganicGluten-freePlant-BasedKetoPaleoNon-GMOCategoriesProduceDeli & Prepared FoodsBakeryBulkDairyMeat & SeafoodGrocery
						AislesFrozenVitamins &
						Body CareBeer & WineDiscover MoreCateringBuy
					It AgainSprouts BrandsNew ItemsExclusivesPrepared Foods",,,,,480-551-9665
Surprise – Prasada Pkwy,,"ExploreRecipesArticles & ResourcesLocal StoriesCommunitySaveWeekly AdDeals of the MonthMember-only EventsDigital CouponsShopDietOrganicGluten-freePlant-BasedKetoPaleoNon-GMOCategoriesProduceDeli & Prepared FoodsBakeryBulkDairyMeat & SeafoodGrocery
						AislesFrozenVitamins &
						Body CareBeer & WineDiscover MoreCateringBuy
					It AgainSprouts BrandsNew ItemsExclusivesPrepared Foods",,,,,480-864-1358
Surprise – Bell Rd.,,"ExploreRecipesArticles & ResourcesLocal StoriesCommunitySaveWeekly AdDeals of the MonthMember-only EventsDigital CouponsShopDietOrganicGluten-freePlant-BasedKetoPaleoNon-GMOCategoriesProduceDeli & Prepared FoodsBakeryBulkDairyMeat & SeafoodGrocery
						AislesFrozenVitamins &
						Body CareBeer & WineDiscover MoreCateringBuy
					It AgainSprouts BrandsNew ItemsExclusivesPrepared Foods",,,,,623-544-3121
Tempe,,"ExploreRecipesArticles & ResourcesLocal StoriesCommunitySaveWeekly AdDeals of the MonthMember-only EventsDigital CouponsShopDietOrganicGluten-freePlant-BasedKetoPaleoNon-GMOCategoriesProduceDeli & Prepared FoodsBakeryBulkDairyMeat & SeafoodGrocery
						AislesFrozenVitamins &
						Body CareBeer & WineDiscover MoreCateringBuy
					It AgainSprouts BrandsNew ItemsExclusivesPrepared Foods",,,,,480-820-4900
Tempe-Elliot Rd.,,"ExploreRecipesArticles & ResourcesLocal StoriesCommunitySaveWeekly AdDeals of the MonthMember-only EventsDigital CouponsShopDietOrganicGluten-freePlant-BasedKetoPaleoNon-GMOCategoriesProduceDeli & Prepared FoodsBakeryBulkDairyMeat & SeafoodGrocery
						AislesFrozenVitamins &
						Body CareBeer & WineDiscover MoreCateringBuy
					It AgainSprouts BrandsNew ItemsExclusivesPrepared Foods",,,,,480-567-7040
Tucson-Irvington Rd.,,"ExploreRecipesArticles & ResourcesLocal StoriesCommunitySaveWeekly AdDeals of the MonthMember-only EventsDigital CouponsShopDietOrganicGluten-freePlant-BasedKetoPaleoNon-GMOCategoriesProduceDeli & Prepared FoodsBakeryBulkDairyMeat & SeafoodGrocery
						AislesFrozenVitamins &
						Body CareBeer & WineDiscover MoreCateringBuy
					It AgainSprouts BrandsNew ItemsExclusivesPrepared Foods",,,,,520-524-0290
Tucson-1st Ave.,,"ExploreRecipesArticles & ResourcesLocal StoriesCommunitySaveWeekly AdDeals of the MonthMember-only EventsDigital CouponsShopDietOrganicGluten-freePlant-BasedKetoPaleoNon-GMOCategoriesProduceDeli & Prepared FoodsBakeryBulkDairyMeat & SeafoodGrocery
						AislesFrozenVitamins &
						Body CareBeer & WineDiscover MoreCateringBuy
					It AgainSprouts BrandsNew ItemsExclusivesPrepared Foods",,,,,520-407-5132
Tucson-Broadway Blvd.,,"ExploreRecipesArticles & ResourcesLocal StoriesCommunitySaveWeekly AdDeals of the MonthMember-only EventsDigital CouponsShopDietOrganicGluten-freePlant-BasedKetoPaleoNon-GMOCategoriesProduceDeli & Prepared FoodsBakeryBulkDairyMeat & SeafoodGrocery
						AislesFrozenVitamins &
						Body CareBeer & WineDiscover MoreCateringBuy
					It AgainSprouts BrandsNew ItemsExclusivesPrepared Foods",,,,,520-546-6112
Tucson-River Rd.,,"ExploreRecipesArticles & ResourcesLocal StoriesCommunitySaveWeekly AdDeals of the MonthMember-only EventsDigital CouponsShopDietOrganicGluten-freePlant-BasedKetoPaleoNon-GMOCategoriesProduceDeli & Prepared FoodsBakeryBulkDairyMeat & SeafoodGrocery
						AislesFrozenVitamins &
						Body CareBeer & WineDiscover MoreCateringBuy
					It AgainSprouts BrandsNew ItemsExclusivesPrepared Foods",,,,,520-204-1787
Tucson-Speedway Blvd.,,"ExploreRecipesArticles & ResourcesLocal StoriesCommunitySaveWeekly AdDeals of the MonthMember-only EventsDigital CouponsShopDietOrganicGluten-freePlant-BasedKetoPaleoNon-GMOCategoriesProduceDeli & Prepared FoodsBakeryBulkDairyMeat & SeafoodGrocery
						AislesFrozenVitamins &
						Body CareBeer & WineDiscover MoreCateringBuy
					It AgainSprouts BrandsNew ItemsExclusivesPrepared Foods",,,,,520-325-1320
Yuma-4th Ave.,,"ExploreRecipesArticles & ResourcesLocal StoriesCommunitySaveWeekly AdDeals of the MonthMember-only EventsDigital CouponsShopDietOrganicGluten-freePlant-BasedKetoPaleoNon-GMOCategoriesProduceDeli & Prepared FoodsBakeryBulkDairyMeat & SeafoodGrocery
						AislesFrozenVitamins &
						Body CareBeer & WineDiscover MoreCateringBuy
					It AgainSprouts BrandsNew ItemsExclusivesPrepared Foods",,,,,928-388-6016
Yuma-Foothills,,"ExploreRecipesArticles & ResourcesLocal StoriesCommunitySaveWeekly AdDeals of the MonthMember-only EventsDigital CouponsShopDietOrganicGluten-freePlant-BasedKetoPaleoNon-GMOCategoriesProduceDeli & Prepared FoodsBakeryBulkDairyMeat & SeafoodGrocery
						AislesFrozenVitamins &
						Body CareBeer & WineDiscover MoreCateringBuy
					It AgainSprouts BrandsNew ItemsExclusivesPrepared Foods",,,,,928-798-3426
Albany,,"ExploreRecipesArticles & ResourcesLocal StoriesCommunitySaveWeekly AdDeals of the MonthMember-only EventsDigital CouponsShopDietOrganicGluten-freePlant-BasedKetoPaleoNon-GMOCategoriesProduceDeli & Prepared FoodsBakeryBulkDairyMeat & SeafoodGrocery
						AislesFrozenVitamins &
						Body CareBeer & WineDiscover MoreCateringBuy
					It AgainSprouts BrandsNew ItemsExclusivesPrepared Foods",,,,,510-345-0461
Alhambra,,"ExploreRecipesArticles & ResourcesLocal StoriesCommunitySaveWeekly AdDeals of the MonthMember-only EventsDigital CouponsShopDietOrganicGluten-freePlant-BasedKetoPaleoNon-GMOCategoriesProduceDeli & Prepared FoodsBakeryBulkDairyMeat & SeafoodGrocery
						AislesFrozenVitamins &
						Body CareBeer & WineDiscover MoreCateringBuy
					It AgainSprouts BrandsNew ItemsExclusivesPrepared Foods",,,,,626-863-1096
Apple Valley,,"ExploreRecipesArticles & ResourcesLocal StoriesCommunitySaveWeekly AdDeals of the MonthMember-only EventsDigital CouponsShopDietOrganicGluten-freePlant-BasedKetoPaleoNon-GMOCategoriesProduceDeli & Prepared FoodsBakeryBulkDairyMeat & SeafoodGrocery
						AislesFrozenVitamins &
						Body CareBeer & WineDiscover MoreCateringBuy
					It AgainSprouts BrandsNew ItemsExclusivesPrepared Foods",,,,,442-336-0327
Bakersfield-Panama Lane,,"ExploreRecipesArticles & ResourcesLocal StoriesCommunitySaveWeekly AdDeals of the MonthMember-only EventsDigital CouponsShopDietOrganicGluten-freePlant-BasedKetoPaleoNon-GMOCategoriesProduceDeli & Prepared FoodsBakeryBulkDairyMeat & SeafoodGrocery
						AislesFrozenVitamins &
						Body CareBeer & WineDiscover MoreCateringBuy
					It AgainSprouts BrandsNew ItemsExclusivesPrepared Foods",,,,,661-529-3501
Bakersfield,,"ExploreRecipesArticles & ResourcesLocal StoriesCommunitySaveWeekly AdDeals of the MonthMember-only EventsDigital CouponsShopDietOrganicGluten-freePlant-BasedKetoPaleoNon-GMOCategoriesProduceDeli & Prepared FoodsBakeryBulkDairyMeat & SeafoodGrocery
						AislesFrozenVitamins &
						Body CareBeer & WineDiscover MoreCateringBuy
					It AgainSprouts BrandsNew ItemsExclusivesPrepared Foods",,,,,661-617-8957
Brea,,"ExploreRecipesArticles & ResourcesLocal StoriesCommunitySaveWeekly AdDeals of the MonthMember-only EventsDigital CouponsShopDietOrganicGluten-freePlant-BasedKetoPaleoNon-GMOCategoriesProduceDeli & Prepared FoodsBakeryBulkDairyMeat & SeafoodGrocery
						AislesFrozenVitamins &
						Body CareBeer & WineDiscover MoreCateringBuy
					It AgainSprouts BrandsNew ItemsExclusivesPrepared Foods",,,,,714-482-1000
Brentwood,,"ExploreRecipesArticles & ResourcesLocal StoriesCommunitySaveWeekly AdDeals of the MonthMember-only EventsDigital CouponsShopDietOrganicGluten-freePlant-BasedKetoPaleoNon-GMOCategoriesProduceDeli & Prepared FoodsBakeryBulkDairyMeat & SeafoodGrocery
						AislesFrozenVitamins &
						Body CareBeer & WineDiscover MoreCateringBuy
					It AgainSprouts BrandsNew ItemsExclusivesPrepared Foods",,,,,925-308-1965
Burbank,,"ExploreRecipesArticles & ResourcesLocal StoriesCommunitySaveWeekly AdDeals of the MonthMember-only EventsDigital CouponsShopDietOrganicGluten-freePlant-BasedKetoPaleoNon-GMOCategoriesProduceDeli & Prepared FoodsBakeryBulkDairyMeat & SeafoodGrocery
						AislesFrozenVitamins &
						Body CareBeer & WineDiscover MoreCateringBuy
					It AgainSprouts BrandsNew ItemsExclusivesPrepared Foods",,,,,818-566-4089
Camarillo,,"ExploreRecipesArticles & ResourcesLocal StoriesCommunitySaveWeekly AdDeals of the MonthMember-only EventsDigital CouponsShopDietOrganicGluten-freePlant-BasedKetoPaleoNon-GMOCategoriesProduceDeli & Prepared FoodsBakeryBulkDairyMeat & SeafoodGrocery
						AislesFrozenVitamins &
						Body CareBeer & WineDiscover MoreCateringBuy
					It AgainSprouts BrandsNew ItemsExclusivesPrepared Foods",,,,,805-233-3755
Bressi Ranch,,"ExploreRecipesArticles & ResourcesLocal StoriesCommunitySaveWeekly AdDeals of the MonthMember-only EventsDigital CouponsShopDietOrganicGluten-freePlant-BasedKetoPaleoNon-GMOCategoriesProduceDeli & Prepared FoodsBakeryBulkDairyMeat & SeafoodGrocery
						AislesFrozenVitamins &
						Body CareBeer & WineDiscover MoreCateringBuy
					It AgainSprouts BrandsNew ItemsExclusivesPrepared Foods",,,,,760-827-8916
Rancho Santa Fe,,"ExploreRecipesArticles & ResourcesLocal StoriesCommunitySaveWeekly AdDeals of the MonthMember-only EventsDigital CouponsShopDietOrganicGluten-freePlant-BasedKetoPaleoNon-GMOCategoriesProduceDeli & Prepared FoodsBakeryBulkDairyMeat & SeafoodGrocery
						AislesFrozenVitamins &
						Body CareBeer & WineDiscover MoreCateringBuy
					It AgainSprouts BrandsNew ItemsExclusivesPrepared Foods",,,,,760-635-0625
Carlsbad,,"ExploreRecipesArticles & ResourcesLocal StoriesCommunitySaveWeekly AdDeals of the MonthMember-only EventsDigital CouponsShopDietOrganicGluten-freePlant-BasedKetoPaleoNon-GMOCategoriesProduceDeli & Prepared FoodsBakeryBulkDairyMeat & SeafoodGrocery
						AislesFrozenVitamins &
						Body CareBeer & WineDiscover MoreCateringBuy
					It AgainSprouts BrandsNew ItemsExclusivesPrepared Foods",,,,,760-730-1123
Cerritos,,"ExploreRecipesArticles & ResourcesLocal StoriesCommunitySaveWeekly AdDeals of the MonthMember-only EventsDigital CouponsShopDietOrganicGluten-freePlant-BasedKetoPaleoNon-GMOCategoriesProduceDeli & Prepared FoodsBakeryBulkDairyMeat & SeafoodGrocery
						AislesFrozenVitamins &
						Body CareBeer & WineDiscover MoreCateringBuy
					It AgainSprouts BrandsNew ItemsExclusivesPrepared Foods",,,,,562-274-0602
Chino Hills,,"ExploreRecipesArticles & ResourcesLocal StoriesCommunitySaveWeekly AdDeals of the MonthMember-only EventsDigital CouponsShopDietOrganicGluten-freePlant-BasedKetoPaleoNon-GMOCategoriesProduceDeli & Prepared FoodsBakeryBulkDairyMeat & SeafoodGrocery
						AislesFrozenVitamins &
						Body CareBeer & WineDiscover MoreCateringBuy
					It AgainSprouts BrandsNew ItemsExclusivesPrepared Foods",,,,,909-548-0440
Chula Vista (Independently Operated*),,"ExploreRecipesArticles & ResourcesLocal StoriesCommunitySaveWeekly AdDeals of the MonthMember-only EventsDigital CouponsShopDietOrganicGluten-freePlant-BasedKetoPaleoNon-GMOCategoriesProduceDeli & Prepared FoodsBakeryBulkDairyMeat & SeafoodGrocery
						AislesFrozenVitamins &
						Body CareBeer & WineDiscover MoreCateringBuy
					It AgainSprouts BrandsNew ItemsExclusivesPrepared Foods",,,,,619-409-7630
Chula Vista Eastlake (Independently Operated*),,"ExploreRecipesArticles & ResourcesLocal StoriesCommunitySaveWeekly AdDeals of the MonthMember-only EventsDigital CouponsShopDietOrganicGluten-freePlant-BasedKetoPaleoNon-GMOCategoriesProduceDeli & Prepared FoodsBakeryBulkDairyMeat & SeafoodGrocery
						AislesFrozenVitamins &
						Body CareBeer & WineDiscover MoreCateringBuy
					It AgainSprouts BrandsNew ItemsExclusivesPrepared Foods",,,,,619-421-2099
Citrus Heights,,"ExploreRecipesArticles & ResourcesLocal StoriesCommunitySaveWeekly AdDeals of the MonthMember-only EventsDigital CouponsShopDietOrganicGluten-freePlant-BasedKetoPaleoNon-GMOCategoriesProduceDeli & Prepared FoodsBakeryBulkDairyMeat & SeafoodGrocery
						AislesFrozenVitamins &
						Body CareBeer & WineDiscover MoreCateringBuy
					It AgainSprouts BrandsNew ItemsExclusivesPrepared Foods",,,,,916-560-2000
Claremont,,"ExploreRecipesArticles & ResourcesLocal StoriesCommunitySaveWeekly AdDeals of the MonthMember-only EventsDigital CouponsShopDietOrganicGluten-freePlant-BasedKetoPaleoNon-GMOCategoriesProduceDeli & Prepared FoodsBakeryBulkDairyMeat & SeafoodGrocery
						AislesFrozenVitamins &
						Body CareBeer & WineDiscover MoreCateringBuy
					It AgainSprouts BrandsNew ItemsExclusivesPrepared Foods",,,,,909-267-1049
Clovis,,"ExploreRecipesArticles & ResourcesLocal StoriesCommunitySaveWeekly AdDeals of the MonthMember-only EventsDigital CouponsShopDietOrganicGluten-freePlant-BasedKetoPaleoNon-GMOCategoriesProduceDeli & Prepared FoodsBakeryBulkDairyMeat & SeafoodGrocery
						AislesFrozenVitamins &
						Body CareBeer & WineDiscover MoreCateringBuy
					It AgainSprouts BrandsNew ItemsExclusivesPrepared Foods",,,,,559-326-1169
Corona,,"ExploreRecipesArticles & ResourcesLocal StoriesCommunitySaveWeekly AdDeals of the MonthMember-only EventsDigital CouponsShopDietOrganicGluten-freePlant-BasedKetoPaleoNon-GMOCategoriesProduceDeli & Prepared FoodsBakeryBulkDairyMeat & SeafoodGrocery
						AislesFrozenVitamins &
						Body CareBeer & WineDiscover MoreCateringBuy
					It AgainSprouts BrandsNew ItemsExclusivesPrepared Foods",,,,,951-371-4227
Costa Mesa – Harbor Blvd.,,"ExploreRecipesArticles & ResourcesLocal StoriesCommunitySaveWeekly AdDeals of the MonthMember-only EventsDigital CouponsShopDietOrganicGluten-freePlant-BasedKetoPaleoNon-GMOCategoriesProduceDeli & Prepared FoodsBakeryBulkDairyMeat & SeafoodGrocery
						AislesFrozenVitamins &
						Body CareBeer & WineDiscover MoreCateringBuy
					It AgainSprouts BrandsNew ItemsExclusivesPrepared Foods",,,,,714-751-6399
Costa Mesa,,"ExploreRecipesArticles & ResourcesLocal StoriesCommunitySaveWeekly AdDeals of the MonthMember-only EventsDigital CouponsShopDietOrganicGluten-freePlant-BasedKetoPaleoNon-GMOCategoriesProduceDeli & Prepared FoodsBakeryBulkDairyMeat & SeafoodGrocery
						AislesFrozenVitamins &
						Body CareBeer & WineDiscover MoreCateringBuy
					It AgainSprouts BrandsNew ItemsExclusivesPrepared Foods",,,,,949-698-1094
Cudahy,,"ExploreRecipesArticles & ResourcesLocal StoriesCommunitySaveWeekly AdDeals of the MonthMember-only EventsDigital CouponsShopDietOrganicGluten-freePlant-BasedKetoPaleoNon-GMOCategoriesProduceDeli & Prepared FoodsBakeryBulkDairyMeat & SeafoodGrocery
						AislesFrozenVitamins &
						Body CareBeer & WineDiscover MoreCateringBuy
					It AgainSprouts BrandsNew ItemsExclusivesPrepared Foods",,,,,213-259-2223
Culver City,,"ExploreRecipesArticles & ResourcesLocal StoriesCommunitySaveWeekly AdDeals of the MonthMember-only EventsDigital CouponsShopDietOrganicGluten-freePlant-BasedKetoPaleoNon-GMOCategoriesProduceDeli & Prepared FoodsBakeryBulkDairyMeat & SeafoodGrocery
						AislesFrozenVitamins &
						Body CareBeer & WineDiscover MoreCateringBuy
					It AgainSprouts BrandsNew ItemsExclusivesPrepared Foods",,,,,310-591-1028
Daly City,,"ExploreRecipesArticles & ResourcesLocal StoriesCommunitySaveWeekly AdDeals of the MonthMember-only EventsDigital CouponsShopDietOrganicGluten-freePlant-BasedKetoPaleoNon-GMOCategoriesProduceDeli & Prepared FoodsBakeryBulkDairyMeat & SeafoodGrocery
						AislesFrozenVitamins &
						Body CareBeer & WineDiscover MoreCateringBuy
					It AgainSprouts BrandsNew ItemsExclusivesPrepared Foods",,,,,415-325-1091
Diamond Bar,,"ExploreRecipesArticles & ResourcesLocal StoriesCommunitySaveWeekly AdDeals of the MonthMember-only EventsDigital CouponsShopDietOrganicGluten-freePlant-BasedKetoPaleoNon-GMOCategoriesProduceDeli & Prepared FoodsBakeryBulkDairyMeat & SeafoodGrocery
						AislesFrozenVitamins &
						Body CareBeer & WineDiscover MoreCateringBuy
					It AgainSprouts BrandsNew ItemsExclusivesPrepared Foods",,,,,909-378-4980
Downey,,"ExploreRecipesArticles & ResourcesLocal StoriesCommunitySaveWeekly AdDeals of the MonthMember-only EventsDigital CouponsShopDietOrganicGluten-freePlant-BasedKetoPaleoNon-GMOCategoriesProduceDeli & Prepared FoodsBakeryBulkDairyMeat & SeafoodGrocery
						AislesFrozenVitamins &
						Body CareBeer & WineDiscover MoreCateringBuy
					It AgainSprouts BrandsNew ItemsExclusivesPrepared Foods",,,,,562-545-9024
Dublin,,"ExploreRecipesArticles & ResourcesLocal StoriesCommunitySaveWeekly AdDeals of the MonthMember-only EventsDigital CouponsShopDietOrganicGluten-freePlant-BasedKetoPaleoNon-GMOCategoriesProduceDeli & Prepared FoodsBakeryBulkDairyMeat & SeafoodGrocery
						AislesFrozenVitamins &
						Body CareBeer & WineDiscover MoreCateringBuy
					It AgainSprouts BrandsNew ItemsExclusivesPrepared Foods",,,,,925-307-1172
Eastvale,,"ExploreRecipesArticles & ResourcesLocal StoriesCommunitySaveWeekly AdDeals of the MonthMember-only EventsDigital CouponsShopDietOrganicGluten-freePlant-BasedKetoPaleoNon-GMOCategoriesProduceDeli & Prepared FoodsBakeryBulkDairyMeat & SeafoodGrocery
						AislesFrozenVitamins &
						Body CareBeer & WineDiscover MoreCateringBuy
					It AgainSprouts BrandsNew ItemsExclusivesPrepared Foods",,,,,909-655-5356
El Cajon,,"ExploreRecipesArticles & ResourcesLocal StoriesCommunitySaveWeekly AdDeals of the MonthMember-only EventsDigital CouponsShopDietOrganicGluten-freePlant-BasedKetoPaleoNon-GMOCategoriesProduceDeli & Prepared FoodsBakeryBulkDairyMeat & SeafoodGrocery
						AislesFrozenVitamins &
						Body CareBeer & WineDiscover MoreCateringBuy
					It AgainSprouts BrandsNew ItemsExclusivesPrepared Foods",,,,,619-579-8251
Elk Grove,,"ExploreRecipesArticles & ResourcesLocal StoriesCommunitySaveWeekly AdDeals of the MonthMember-only EventsDigital CouponsShopDietOrganicGluten-freePlant-BasedKetoPaleoNon-GMOCategoriesProduceDeli & Prepared FoodsBakeryBulkDairyMeat & SeafoodGrocery
						AislesFrozenVitamins &
						Body CareBeer & WineDiscover MoreCateringBuy
					It AgainSprouts BrandsNew ItemsExclusivesPrepared Foods",,,,,916-478-9595
Encinitas,,"ExploreRecipesArticles & ResourcesLocal StoriesCommunitySaveWeekly AdDeals of the MonthMember-only EventsDigital CouponsShopDietOrganicGluten-freePlant-BasedKetoPaleoNon-GMOCategoriesProduceDeli & Prepared FoodsBakeryBulkDairyMeat & SeafoodGrocery
						AislesFrozenVitamins &
						Body CareBeer & WineDiscover MoreCateringBuy
					It AgainSprouts BrandsNew ItemsExclusivesPrepared Foods",,,,,760-633-4747
Escondido,,"ExploreRecipesArticles & ResourcesLocal StoriesCommunitySaveWeekly AdDeals of the MonthMember-only EventsDigital CouponsShopDietOrganicGluten-freePlant-BasedKetoPaleoNon-GMOCategoriesProduceDeli & Prepared FoodsBakeryBulkDairyMeat & SeafoodGrocery
						AislesFrozenVitamins &
						Body CareBeer & WineDiscover MoreCateringBuy
					It AgainSprouts BrandsNew ItemsExclusivesPrepared Foods",,,,,760-743-1528
Folsom,,"ExploreRecipesArticles & ResourcesLocal StoriesCommunitySaveWeekly AdDeals of the MonthMember-only EventsDigital CouponsShopDietOrganicGluten-freePlant-BasedKetoPaleoNon-GMOCategoriesProduceDeli & Prepared FoodsBakeryBulkDairyMeat & SeafoodGrocery
						AislesFrozenVitamins &
						Body CareBeer & WineDiscover MoreCateringBuy
					It AgainSprouts BrandsNew ItemsExclusivesPrepared Foods",,,,,916-605-7050
Fontana,,"ExploreRecipesArticles & ResourcesLocal StoriesCommunitySaveWeekly AdDeals of the MonthMember-only EventsDigital CouponsShopDietOrganicGluten-freePlant-BasedKetoPaleoNon-GMOCategoriesProduceDeli & Prepared FoodsBakeryBulkDairyMeat & SeafoodGrocery
						AislesFrozenVitamins &
						Body CareBeer & WineDiscover MoreCateringBuy
					It AgainSprouts BrandsNew ItemsExclusivesPrepared Foods",,,,,909-320-5360
Fountain Valley,,"ExploreRecipesArticles & ResourcesLocal StoriesCommunitySaveWeekly AdDeals of the MonthMember-only EventsDigital CouponsShopDietOrganicGluten-freePlant-BasedKetoPaleoNon-GMOCategoriesProduceDeli & Prepared FoodsBakeryBulkDairyMeat & SeafoodGrocery
						AislesFrozenVitamins &
						Body CareBeer & WineDiscover MoreCateringBuy
					It AgainSprouts BrandsNew ItemsExclusivesPrepared Foods",,,,,657-733-4525
Fresno,,"ExploreRecipesArticles & ResourcesLocal StoriesCommunitySaveWeekly AdDeals of the MonthMember-only EventsDigital CouponsShopDietOrganicGluten-freePlant-BasedKetoPaleoNon-GMOCategoriesProduceDeli & Prepared FoodsBakeryBulkDairyMeat & SeafoodGrocery
						AislesFrozenVitamins &
						Body CareBeer & WineDiscover MoreCateringBuy
					It AgainSprouts BrandsNew ItemsExclusivesPrepared Foods",,,,,559-256-1735
Fullerton,,"ExploreRecipesArticles & ResourcesLocal StoriesCommunitySaveWeekly AdDeals of the MonthMember-only EventsDigital CouponsShopDietOrganicGluten-freePlant-BasedKetoPaleoNon-GMOCategoriesProduceDeli & Prepared FoodsBakeryBulkDairyMeat & SeafoodGrocery
						AislesFrozenVitamins &
						Body CareBeer & WineDiscover MoreCateringBuy
					It AgainSprouts BrandsNew ItemsExclusivesPrepared Foods",,,,,714-441-1233
Garden Grove,,"ExploreRecipesArticles & ResourcesLocal StoriesCommunitySaveWeekly AdDeals of the MonthMember-only EventsDigital CouponsShopDietOrganicGluten-freePlant-BasedKetoPaleoNon-GMOCategoriesProduceDeli & Prepared FoodsBakeryBulkDairyMeat & SeafoodGrocery
						AislesFrozenVitamins &
						Body CareBeer & WineDiscover MoreCateringBuy
					It AgainSprouts BrandsNew ItemsExclusivesPrepared Foods",,,,,657-427-6713
Glendora,,"ExploreRecipesArticles & ResourcesLocal StoriesCommunitySaveWeekly AdDeals of the MonthMember-only EventsDigital CouponsShopDietOrganicGluten-freePlant-BasedKetoPaleoNon-GMOCategoriesProduceDeli & Prepared FoodsBakeryBulkDairyMeat & SeafoodGrocery
						AislesFrozenVitamins &
						Body CareBeer & WineDiscover MoreCateringBuy
					It AgainSprouts BrandsNew ItemsExclusivesPrepared Foods",,,,,626-250-6625
Goleta,,"ExploreRecipesArticles & ResourcesLocal StoriesCommunitySaveWeekly AdDeals of the MonthMember-only EventsDigital CouponsShopDietOrganicGluten-freePlant-BasedKetoPaleoNon-GMOCategoriesProduceDeli & Prepared FoodsBakeryBulkDairyMeat & SeafoodGrocery
						AislesFrozenVitamins &
						Body CareBeer & WineDiscover MoreCateringBuy
					It AgainSprouts BrandsNew ItemsExclusivesPrepared Foods",,,,,805-979-9589
Granada Hills,,"ExploreRecipesArticles & ResourcesLocal StoriesCommunitySaveWeekly AdDeals of the MonthMember-only EventsDigital CouponsShopDietOrganicGluten-freePlant-BasedKetoPaleoNon-GMOCategoriesProduceDeli & Prepared FoodsBakeryBulkDairyMeat & SeafoodGrocery
						AislesFrozenVitamins &
						Body CareBeer & WineDiscover MoreCateringBuy
					It AgainSprouts BrandsNew ItemsExclusivesPrepared Foods",,,,,818-366-0717
Hacienda Heights,,"ExploreRecipesArticles & ResourcesLocal StoriesCommunitySaveWeekly AdDeals of the MonthMember-only EventsDigital CouponsShopDietOrganicGluten-freePlant-BasedKetoPaleoNon-GMOCategoriesProduceDeli & Prepared FoodsBakeryBulkDairyMeat & SeafoodGrocery
						AislesFrozenVitamins &
						Body CareBeer & WineDiscover MoreCateringBuy
					It AgainSprouts BrandsNew ItemsExclusivesPrepared Foods",,,,,626-735-4149
Hayward,,"ExploreRecipesArticles & ResourcesLocal StoriesCommunitySaveWeekly AdDeals of the MonthMember-only EventsDigital CouponsShopDietOrganicGluten-freePlant-BasedKetoPaleoNon-GMOCategoriesProduceDeli & Prepared FoodsBakeryBulkDairyMeat & SeafoodGrocery
						AislesFrozenVitamins &
						Body CareBeer & WineDiscover MoreCateringBuy
					It AgainSprouts BrandsNew ItemsExclusivesPrepared Foods",,,,,510-392-3338
Hemet,,"ExploreRecipesArticles & ResourcesLocal StoriesCommunitySaveWeekly AdDeals of the MonthMember-only EventsDigital CouponsShopDietOrganicGluten-freePlant-BasedKetoPaleoNon-GMOCategoriesProduceDeli & Prepared FoodsBakeryBulkDairyMeat & SeafoodGrocery
						AislesFrozenVitamins &
						Body CareBeer & WineDiscover MoreCateringBuy
					It AgainSprouts BrandsNew ItemsExclusivesPrepared Foods",,,,,951-537-1975
Huntington Beach,,"ExploreRecipesArticles & ResourcesLocal StoriesCommunitySaveWeekly AdDeals of the MonthMember-only EventsDigital CouponsShopDietOrganicGluten-freePlant-BasedKetoPaleoNon-GMOCategoriesProduceDeli & Prepared FoodsBakeryBulkDairyMeat & SeafoodGrocery
						AislesFrozenVitamins &
						Body CareBeer & WineDiscover MoreCateringBuy
					It AgainSprouts BrandsNew ItemsExclusivesPrepared Foods",,,,,714-369-1139
Huntington Beach – Warner Ave.,,"ExploreRecipesArticles & ResourcesLocal StoriesCommunitySaveWeekly AdDeals of the MonthMember-only EventsDigital CouponsShopDietOrganicGluten-freePlant-BasedKetoPaleoNon-GMOCategoriesProduceDeli & Prepared FoodsBakeryBulkDairyMeat & SeafoodGrocery
						AislesFrozenVitamins &
						Body CareBeer & WineDiscover MoreCateringBuy
					It AgainSprouts BrandsNew ItemsExclusivesPrepared Foods",,,,,714-369-1160
Indian Wells,,"ExploreRecipesArticles & ResourcesLocal StoriesCommunitySaveWeekly AdDeals of the MonthMember-only EventsDigital CouponsShopDietOrganicGluten-freePlant-BasedKetoPaleoNon-GMOCategoriesProduceDeli & Prepared FoodsBakeryBulkDairyMeat & SeafoodGrocery
						AislesFrozenVitamins &
						Body CareBeer & WineDiscover MoreCateringBuy
					It AgainSprouts BrandsNew ItemsExclusivesPrepared Foods",,,,,
Irvine,,"ExploreRecipesArticles & ResourcesLocal StoriesCommunitySaveWeekly AdDeals of the MonthMember-only EventsDigital CouponsShopDietOrganicGluten-freePlant-BasedKetoPaleoNon-GMOCategoriesProduceDeli & Prepared FoodsBakeryBulkDairyMeat & SeafoodGrocery
						AislesFrozenVitamins &
						Body CareBeer & WineDiscover MoreCateringBuy
					It AgainSprouts BrandsNew ItemsExclusivesPrepared Foods",,,,,949-705-5435
La Canada Flintridge,,"ExploreRecipesArticles & ResourcesLocal StoriesCommunitySaveWeekly AdDeals of the MonthMember-only EventsDigital CouponsShopDietOrganicGluten-freePlant-BasedKetoPaleoNon-GMOCategoriesProduceDeli & Prepared FoodsBakeryBulkDairyMeat & SeafoodGrocery
						AislesFrozenVitamins &
						Body CareBeer & WineDiscover MoreCateringBuy
					It AgainSprouts BrandsNew ItemsExclusivesPrepared Foods",,,,,818-495-1103
La Habra,,"ExploreRecipesArticles & ResourcesLocal StoriesCommunitySaveWeekly AdDeals of the MonthMember-only EventsDigital CouponsShopDietOrganicGluten-freePlant-BasedKetoPaleoNon-GMOCategoriesProduceDeli & Prepared FoodsBakeryBulkDairyMeat & SeafoodGrocery
						AislesFrozenVitamins &
						Body CareBeer & WineDiscover MoreCateringBuy
					It AgainSprouts BrandsNew ItemsExclusivesPrepared Foods",,,,,562-265-2151
La Mesa,,"ExploreRecipesArticles & ResourcesLocal StoriesCommunitySaveWeekly AdDeals of the MonthMember-only EventsDigital CouponsShopDietOrganicGluten-freePlant-BasedKetoPaleoNon-GMOCategoriesProduceDeli & Prepared FoodsBakeryBulkDairyMeat & SeafoodGrocery
						AislesFrozenVitamins &
						Body CareBeer & WineDiscover MoreCateringBuy
					It AgainSprouts BrandsNew ItemsExclusivesPrepared Foods",,,,,619-460-7722
La Quinta,,"ExploreRecipesArticles & ResourcesLocal StoriesCommunitySaveWeekly AdDeals of the MonthMember-only EventsDigital CouponsShopDietOrganicGluten-freePlant-BasedKetoPaleoNon-GMOCategoriesProduceDeli & Prepared FoodsBakeryBulkDairyMeat & SeafoodGrocery
						AislesFrozenVitamins &
						Body CareBeer & WineDiscover MoreCateringBuy
					It AgainSprouts BrandsNew ItemsExclusivesPrepared Foods",,,,,760-771-2485
La Verne,,"ExploreRecipesArticles & ResourcesLocal StoriesCommunitySaveWeekly AdDeals of the MonthMember-only EventsDigital CouponsShopDietOrganicGluten-freePlant-BasedKetoPaleoNon-GMOCategoriesProduceDeli & Prepared FoodsBakeryBulkDairyMeat & SeafoodGrocery
						AislesFrozenVitamins &
						Body CareBeer & WineDiscover MoreCateringBuy
					It AgainSprouts BrandsNew ItemsExclusivesPrepared Foods",,,,,909-582-2836
Laguna Niguel,,"ExploreRecipesArticles & ResourcesLocal StoriesCommunitySaveWeekly AdDeals of the MonthMember-only EventsDigital CouponsShopDietOrganicGluten-freePlant-BasedKetoPaleoNon-GMOCategoriesProduceDeli & Prepared FoodsBakeryBulkDairyMeat & SeafoodGrocery
						AislesFrozenVitamins &
						Body CareBeer & WineDiscover MoreCateringBuy
					It AgainSprouts BrandsNew ItemsExclusivesPrepared Foods",,,,,949-349-1999
Lake Forest,,"ExploreRecipesArticles & ResourcesLocal StoriesCommunitySaveWeekly AdDeals of the MonthMember-only EventsDigital CouponsShopDietOrganicGluten-freePlant-BasedKetoPaleoNon-GMOCategoriesProduceDeli & Prepared FoodsBakeryBulkDairyMeat & SeafoodGrocery
						AislesFrozenVitamins &
						Body CareBeer & WineDiscover MoreCateringBuy
					It AgainSprouts BrandsNew ItemsExclusivesPrepared Foods",,,,,949-427-4020
Lakewood,,"ExploreRecipesArticles & ResourcesLocal StoriesCommunitySaveWeekly AdDeals of the MonthMember-only EventsDigital CouponsShopDietOrganicGluten-freePlant-BasedKetoPaleoNon-GMOCategoriesProduceDeli & Prepared FoodsBakeryBulkDairyMeat & SeafoodGrocery
						AislesFrozenVitamins &
						Body CareBeer & WineDiscover MoreCateringBuy
					It AgainSprouts BrandsNew ItemsExclusivesPrepared Foods",,,,,562-739-2541
Lancaster,,"ExploreRecipesArticles & ResourcesLocal StoriesCommunitySaveWeekly AdDeals of the MonthMember-only EventsDigital CouponsShopDietOrganicGluten-freePlant-BasedKetoPaleoNon-GMOCategoriesProduceDeli & Prepared FoodsBakeryBulkDairyMeat & SeafoodGrocery
						AislesFrozenVitamins &
						Body CareBeer & WineDiscover MoreCateringBuy
					It AgainSprouts BrandsNew ItemsExclusivesPrepared Foods",,,,,661-499-2651
Lathrop,,"ExploreRecipesArticles & ResourcesLocal StoriesCommunitySaveWeekly AdDeals of the MonthMember-only EventsDigital CouponsShopDietOrganicGluten-freePlant-BasedKetoPaleoNon-GMOCategoriesProduceDeli & Prepared FoodsBakeryBulkDairyMeat & SeafoodGrocery
						AislesFrozenVitamins &
						Body CareBeer & WineDiscover MoreCateringBuy
					It AgainSprouts BrandsNew ItemsExclusivesPrepared Foods",,,,,209-670-1663
Lawndale,,"ExploreRecipesArticles & ResourcesLocal StoriesCommunitySaveWeekly AdDeals of the MonthMember-only EventsDigital CouponsShopDietOrganicGluten-freePlant-BasedKetoPaleoNon-GMOCategoriesProduceDeli & Prepared FoodsBakeryBulkDairyMeat & SeafoodGrocery
						AislesFrozenVitamins &
						Body CareBeer & WineDiscover MoreCateringBuy
					It AgainSprouts BrandsNew ItemsExclusivesPrepared Foods",,,,,
Lemon Grove,,"ExploreRecipesArticles & ResourcesLocal StoriesCommunitySaveWeekly AdDeals of the MonthMember-only EventsDigital CouponsShopDietOrganicGluten-freePlant-BasedKetoPaleoNon-GMOCategoriesProduceDeli & Prepared FoodsBakeryBulkDairyMeat & SeafoodGrocery
						AislesFrozenVitamins &
						Body CareBeer & WineDiscover MoreCateringBuy
					It AgainSprouts BrandsNew ItemsExclusivesPrepared Foods",,,,,619-667-8686
Lincoln,,"ExploreRecipesArticles & ResourcesLocal StoriesCommunitySaveWeekly AdDeals of the MonthMember-only EventsDigital CouponsShopDietOrganicGluten-freePlant-BasedKetoPaleoNon-GMOCategoriesProduceDeli & Prepared FoodsBakeryBulkDairyMeat & SeafoodGrocery
						AislesFrozenVitamins &
						Body CareBeer & WineDiscover MoreCateringBuy
					It AgainSprouts BrandsNew ItemsExclusivesPrepared Foods",,,,,916-209-5346
Lodi,,"ExploreRecipesArticles & ResourcesLocal StoriesCommunitySaveWeekly AdDeals of the MonthMember-only EventsDigital CouponsShopDietOrganicGluten-freePlant-BasedKetoPaleoNon-GMOCategoriesProduceDeli & Prepared FoodsBakeryBulkDairyMeat & SeafoodGrocery
						AislesFrozenVitamins &
						Body CareBeer & WineDiscover MoreCateringBuy
					It AgainSprouts BrandsNew ItemsExclusivesPrepared Foods",,,,,209-371-6656
Long Beach-Traffic Circle,,"ExploreRecipesArticles & ResourcesLocal StoriesCommunitySaveWeekly AdDeals of the MonthMember-only EventsDigital CouponsShopDietOrganicGluten-freePlant-BasedKetoPaleoNon-GMOCategoriesProduceDeli & Prepared FoodsBakeryBulkDairyMeat & SeafoodGrocery
						AislesFrozenVitamins &
						Body CareBeer & WineDiscover MoreCateringBuy
					It AgainSprouts BrandsNew ItemsExclusivesPrepared Foods",,,,,562-286-9409
Eagle Rock,,"ExploreRecipesArticles & ResourcesLocal StoriesCommunitySaveWeekly AdDeals of the MonthMember-only EventsDigital CouponsShopDietOrganicGluten-freePlant-BasedKetoPaleoNon-GMOCategoriesProduceDeli & Prepared FoodsBakeryBulkDairyMeat & SeafoodGrocery
						AislesFrozenVitamins &
						Body CareBeer & WineDiscover MoreCateringBuy
					It AgainSprouts BrandsNew ItemsExclusivesPrepared Foods",,,,,323-423-1128
Echo Park,,"ExploreRecipesArticles & ResourcesLocal StoriesCommunitySaveWeekly AdDeals of the MonthMember-only EventsDigital CouponsShopDietOrganicGluten-freePlant-BasedKetoPaleoNon-GMOCategoriesProduceDeli & Prepared FoodsBakeryBulkDairyMeat & SeafoodGrocery
						AislesFrozenVitamins &
						Body CareBeer & WineDiscover MoreCateringBuy
					It AgainSprouts BrandsNew ItemsExclusivesPrepared Foods",,,,,213-423-6965
Los Angeles – La Brea Ave.,,"ExploreRecipesArticles & ResourcesLocal StoriesCommunitySaveWeekly AdDeals of the MonthMember-only EventsDigital CouponsShopDietOrganicGluten-freePlant-BasedKetoPaleoNon-GMOCategoriesProduceDeli & Prepared FoodsBakeryBulkDairyMeat & SeafoodGrocery
						AislesFrozenVitamins &
						Body CareBeer & WineDiscover MoreCateringBuy
					It AgainSprouts BrandsNew ItemsExclusivesPrepared Foods",,,,,323-217-1642
Los Angeles – San Vicente,,"ExploreRecipesArticles & ResourcesLocal StoriesCommunitySaveWeekly AdDeals of the MonthMember-only EventsDigital CouponsShopDietOrganicGluten-freePlant-BasedKetoPaleoNon-GMOCategoriesProduceDeli & Prepared FoodsBakeryBulkDairyMeat & SeafoodGrocery
						AislesFrozenVitamins &
						Body CareBeer & WineDiscover MoreCateringBuy
					It AgainSprouts BrandsNew ItemsExclusivesPrepared Foods",,,,,323-801-7510
Los Angeles – Venice Blvd.,,"ExploreRecipesArticles & ResourcesLocal StoriesCommunitySaveWeekly AdDeals of the MonthMember-only EventsDigital CouponsShopDietOrganicGluten-freePlant-BasedKetoPaleoNon-GMOCategoriesProduceDeli & Prepared FoodsBakeryBulkDairyMeat & SeafoodGrocery
						AislesFrozenVitamins &
						Body CareBeer & WineDiscover MoreCateringBuy
					It AgainSprouts BrandsNew ItemsExclusivesPrepared Foods",,,,,424-361-6611
Westwood,,"ExploreRecipesArticles & ResourcesLocal StoriesCommunitySaveWeekly AdDeals of the MonthMember-only EventsDigital CouponsShopDietOrganicGluten-freePlant-BasedKetoPaleoNon-GMOCategoriesProduceDeli & Prepared FoodsBakeryBulkDairyMeat & SeafoodGrocery
						AislesFrozenVitamins &
						Body CareBeer & WineDiscover MoreCateringBuy
					It AgainSprouts BrandsNew ItemsExclusivesPrepared Foods",,,,,310-500-1192
Menifee,,"ExploreRecipesArticles & ResourcesLocal StoriesCommunitySaveWeekly AdDeals of the MonthMember-only EventsDigital CouponsShopDietOrganicGluten-freePlant-BasedKetoPaleoNon-GMOCategoriesProduceDeli & Prepared FoodsBakeryBulkDairyMeat & SeafoodGrocery
						AislesFrozenVitamins &
						Body CareBeer & WineDiscover MoreCateringBuy
					It AgainSprouts BrandsNew ItemsExclusivesPrepared Foods",,,,,951-370-1317
Merced,,"ExploreRecipesArticles & ResourcesLocal StoriesCommunitySaveWeekly AdDeals of the MonthMember-only EventsDigital CouponsShopDietOrganicGluten-freePlant-BasedKetoPaleoNon-GMOCategoriesProduceDeli & Prepared FoodsBakeryBulkDairyMeat & SeafoodGrocery
						AislesFrozenVitamins &
						Body CareBeer & WineDiscover MoreCateringBuy
					It AgainSprouts BrandsNew ItemsExclusivesPrepared Foods",,,,,209-720-1439
Mission Viejo,,"ExploreRecipesArticles & ResourcesLocal StoriesCommunitySaveWeekly AdDeals of the MonthMember-only EventsDigital CouponsShopDietOrganicGluten-freePlant-BasedKetoPaleoNon-GMOCategoriesProduceDeli & Prepared FoodsBakeryBulkDairyMeat & SeafoodGrocery
						AislesFrozenVitamins &
						Body CareBeer & WineDiscover MoreCateringBuy
					It AgainSprouts BrandsNew ItemsExclusivesPrepared Foods",,,,,949-587-3003
Modesto,,"ExploreRecipesArticles & ResourcesLocal StoriesCommunitySaveWeekly AdDeals of the MonthMember-only EventsDigital CouponsShopDietOrganicGluten-freePlant-BasedKetoPaleoNon-GMOCategoriesProduceDeli & Prepared FoodsBakeryBulkDairyMeat & SeafoodGrocery
						AislesFrozenVitamins &
						Body CareBeer & WineDiscover MoreCateringBuy
					It AgainSprouts BrandsNew ItemsExclusivesPrepared Foods",,,,,209-527-7575
Monrovia,,"ExploreRecipesArticles & ResourcesLocal StoriesCommunitySaveWeekly AdDeals of the MonthMember-only EventsDigital CouponsShopDietOrganicGluten-freePlant-BasedKetoPaleoNon-GMOCategoriesProduceDeli & Prepared FoodsBakeryBulkDairyMeat & SeafoodGrocery
						AislesFrozenVitamins &
						Body CareBeer & WineDiscover MoreCateringBuy
					It AgainSprouts BrandsNew ItemsExclusivesPrepared Foods",,,,,626-358-6845
Moreno Valley,,"ExploreRecipesArticles & ResourcesLocal StoriesCommunitySaveWeekly AdDeals of the MonthMember-only EventsDigital CouponsShopDietOrganicGluten-freePlant-BasedKetoPaleoNon-GMOCategoriesProduceDeli & Prepared FoodsBakeryBulkDairyMeat & SeafoodGrocery
						AislesFrozenVitamins &
						Body CareBeer & WineDiscover MoreCateringBuy
					It AgainSprouts BrandsNew ItemsExclusivesPrepared Foods",,,,,951-567-7549
Newark,,"ExploreRecipesArticles & ResourcesLocal StoriesCommunitySaveWeekly AdDeals of the MonthMember-only EventsDigital CouponsShopDietOrganicGluten-freePlant-BasedKetoPaleoNon-GMOCategoriesProduceDeli & Prepared FoodsBakeryBulkDairyMeat & SeafoodGrocery
						AislesFrozenVitamins &
						Body CareBeer & WineDiscover MoreCateringBuy
					It AgainSprouts BrandsNew ItemsExclusivesPrepared Foods",,,,,510-789-0361
Norwalk,,"ExploreRecipesArticles & ResourcesLocal StoriesCommunitySaveWeekly AdDeals of the MonthMember-only EventsDigital CouponsShopDietOrganicGluten-freePlant-BasedKetoPaleoNon-GMOCategoriesProduceDeli & Prepared FoodsBakeryBulkDairyMeat & SeafoodGrocery
						AislesFrozenVitamins &
						Body CareBeer & WineDiscover MoreCateringBuy
					It AgainSprouts BrandsNew ItemsExclusivesPrepared Foods",,,,,562-564-5410
Oakland,,"ExploreRecipesArticles & ResourcesLocal StoriesCommunitySaveWeekly AdDeals of the MonthMember-only EventsDigital CouponsShopDietOrganicGluten-freePlant-BasedKetoPaleoNon-GMOCategoriesProduceDeli & Prepared FoodsBakeryBulkDairyMeat & SeafoodGrocery
						AislesFrozenVitamins &
						Body CareBeer & WineDiscover MoreCateringBuy
					It AgainSprouts BrandsNew ItemsExclusivesPrepared Foods",,,,,510-851-7688
Oceanside,,"ExploreRecipesArticles & ResourcesLocal StoriesCommunitySaveWeekly AdDeals of the MonthMember-only EventsDigital CouponsShopDietOrganicGluten-freePlant-BasedKetoPaleoNon-GMOCategoriesProduceDeli & Prepared FoodsBakeryBulkDairyMeat & SeafoodGrocery
						AislesFrozenVitamins &
						Body CareBeer & WineDiscover MoreCateringBuy
					It AgainSprouts BrandsNew ItemsExclusivesPrepared Foods",,,,,760-726-7274
Orange,,"ExploreRecipesArticles & ResourcesLocal StoriesCommunitySaveWeekly AdDeals of the MonthMember-only EventsDigital CouponsShopDietOrganicGluten-freePlant-BasedKetoPaleoNon-GMOCategoriesProduceDeli & Prepared FoodsBakeryBulkDairyMeat & SeafoodGrocery
						AislesFrozenVitamins &
						Body CareBeer & WineDiscover MoreCateringBuy
					It AgainSprouts BrandsNew ItemsExclusivesPrepared Foods",,,,,714-464-1060
Palm Springs,,"ExploreRecipesArticles & ResourcesLocal StoriesCommunitySaveWeekly AdDeals of the MonthMember-only EventsDigital CouponsShopDietOrganicGluten-freePlant-BasedKetoPaleoNon-GMOCategoriesProduceDeli & Prepared FoodsBakeryBulkDairyMeat & SeafoodGrocery
						AislesFrozenVitamins &
						Body CareBeer & WineDiscover MoreCateringBuy
					It AgainSprouts BrandsNew ItemsExclusivesPrepared Foods",,,,,442-407-0048
Palmdale,,"ExploreRecipesArticles & ResourcesLocal StoriesCommunitySaveWeekly AdDeals of the MonthMember-only EventsDigital CouponsShopDietOrganicGluten-freePlant-BasedKetoPaleoNon-GMOCategoriesProduceDeli & Prepared FoodsBakeryBulkDairyMeat & SeafoodGrocery
						AislesFrozenVitamins &
						Body CareBeer & WineDiscover MoreCateringBuy
					It AgainSprouts BrandsNew ItemsExclusivesPrepared Foods",,,,,661-485-1280
Paramount,,"ExploreRecipesArticles & ResourcesLocal StoriesCommunitySaveWeekly AdDeals of the MonthMember-only EventsDigital CouponsShopDietOrganicGluten-freePlant-BasedKetoPaleoNon-GMOCategoriesProduceDeli & Prepared FoodsBakeryBulkDairyMeat & SeafoodGrocery
						AislesFrozenVitamins &
						Body CareBeer & WineDiscover MoreCateringBuy
					It AgainSprouts BrandsNew ItemsExclusivesPrepared Foods",,,,,
Pasadena,,"ExploreRecipesArticles & ResourcesLocal StoriesCommunitySaveWeekly AdDeals of the MonthMember-only EventsDigital CouponsShopDietOrganicGluten-freePlant-BasedKetoPaleoNon-GMOCategoriesProduceDeli & Prepared FoodsBakeryBulkDairyMeat & SeafoodGrocery
						AislesFrozenVitamins &
						Body CareBeer & WineDiscover MoreCateringBuy
					It AgainSprouts BrandsNew ItemsExclusivesPrepared Foods",,,,,626-696-1290
Petaluma,,"ExploreRecipesArticles & ResourcesLocal StoriesCommunitySaveWeekly AdDeals of the MonthMember-only EventsDigital CouponsShopDietOrganicGluten-freePlant-BasedKetoPaleoNon-GMOCategoriesProduceDeli & Prepared FoodsBakeryBulkDairyMeat & SeafoodGrocery
						AislesFrozenVitamins &
						Body CareBeer & WineDiscover MoreCateringBuy
					It AgainSprouts BrandsNew ItemsExclusivesPrepared Foods",,,,,707-789-4976
Pinole,,"ExploreRecipesArticles & ResourcesLocal StoriesCommunitySaveWeekly AdDeals of the MonthMember-only EventsDigital CouponsShopDietOrganicGluten-freePlant-BasedKetoPaleoNon-GMOCategoriesProduceDeli & Prepared FoodsBakeryBulkDairyMeat & SeafoodGrocery
						AislesFrozenVitamins &
						Body CareBeer & WineDiscover MoreCateringBuy
					It AgainSprouts BrandsNew ItemsExclusivesPrepared Foods",,,,,510-640-8111
Pittsburg,,"ExploreRecipesArticles & ResourcesLocal StoriesCommunitySaveWeekly AdDeals of the MonthMember-only EventsDigital CouponsShopDietOrganicGluten-freePlant-BasedKetoPaleoNon-GMOCategoriesProduceDeli & Prepared FoodsBakeryBulkDairyMeat & SeafoodGrocery
						AislesFrozenVitamins &
						Body CareBeer & WineDiscover MoreCateringBuy
					It AgainSprouts BrandsNew ItemsExclusivesPrepared Foods",,,,,341-214-1031
Poway,,"ExploreRecipesArticles & ResourcesLocal StoriesCommunitySaveWeekly AdDeals of the MonthMember-only EventsDigital CouponsShopDietOrganicGluten-freePlant-BasedKetoPaleoNon-GMOCategoriesProduceDeli & Prepared FoodsBakeryBulkDairyMeat & SeafoodGrocery
						AislesFrozenVitamins &
						Body CareBeer & WineDiscover MoreCateringBuy
					It AgainSprouts BrandsNew ItemsExclusivesPrepared Foods",,,,,858-486-7851
Rancho Cordova,,"ExploreRecipesArticles & ResourcesLocal StoriesCommunitySaveWeekly AdDeals of the MonthMember-only EventsDigital CouponsShopDietOrganicGluten-freePlant-BasedKetoPaleoNon-GMOCategoriesProduceDeli & Prepared FoodsBakeryBulkDairyMeat & SeafoodGrocery
						AislesFrozenVitamins &
						Body CareBeer & WineDiscover MoreCateringBuy
					It AgainSprouts BrandsNew ItemsExclusivesPrepared Foods",,,,,279-278-7553
Alta Loma,,"ExploreRecipesArticles & ResourcesLocal StoriesCommunitySaveWeekly AdDeals of the MonthMember-only EventsDigital CouponsShopDietOrganicGluten-freePlant-BasedKetoPaleoNon-GMOCategoriesProduceDeli & Prepared FoodsBakeryBulkDairyMeat & SeafoodGrocery
						AislesFrozenVitamins &
						Body CareBeer & WineDiscover MoreCateringBuy
					It AgainSprouts BrandsNew ItemsExclusivesPrepared Foods",,,,,909-296-3094
Rancho Cucamonga,,"ExploreRecipesArticles & ResourcesLocal StoriesCommunitySaveWeekly AdDeals of the MonthMember-only EventsDigital CouponsShopDietOrganicGluten-freePlant-BasedKetoPaleoNon-GMOCategoriesProduceDeli & Prepared FoodsBakeryBulkDairyMeat & SeafoodGrocery
						AislesFrozenVitamins &
						Body CareBeer & WineDiscover MoreCateringBuy
					It AgainSprouts BrandsNew ItemsExclusivesPrepared Foods",,,,,909-803-5730
Redding,,"ExploreRecipesArticles & ResourcesLocal StoriesCommunitySaveWeekly AdDeals of the MonthMember-only EventsDigital CouponsShopDietOrganicGluten-freePlant-BasedKetoPaleoNon-GMOCategoriesProduceDeli & Prepared FoodsBakeryBulkDairyMeat & SeafoodGrocery
						AislesFrozenVitamins &
						Body CareBeer & WineDiscover MoreCateringBuy
					It AgainSprouts BrandsNew ItemsExclusivesPrepared Foods",,,,,530-999-0988
Redlands,,"ExploreRecipesArticles & ResourcesLocal StoriesCommunitySaveWeekly AdDeals of the MonthMember-only EventsDigital CouponsShopDietOrganicGluten-freePlant-BasedKetoPaleoNon-GMOCategoriesProduceDeli & Prepared FoodsBakeryBulkDairyMeat & SeafoodGrocery
						AislesFrozenVitamins &
						Body CareBeer & WineDiscover MoreCateringBuy
					It AgainSprouts BrandsNew ItemsExclusivesPrepared Foods",,,,,909-283-7162
Redondo Beach,,"ExploreRecipesArticles & ResourcesLocal StoriesCommunitySaveWeekly AdDeals of the MonthMember-only EventsDigital CouponsShopDietOrganicGluten-freePlant-BasedKetoPaleoNon-GMOCategoriesProduceDeli & Prepared FoodsBakeryBulkDairyMeat & SeafoodGrocery
						AislesFrozenVitamins &
						Body CareBeer & WineDiscover MoreCateringBuy
					It AgainSprouts BrandsNew ItemsExclusivesPrepared Foods",,,,,424-903-7028
Rialto,,"ExploreRecipesArticles & ResourcesLocal StoriesCommunitySaveWeekly AdDeals of the MonthMember-only EventsDigital CouponsShopDietOrganicGluten-freePlant-BasedKetoPaleoNon-GMOCategoriesProduceDeli & Prepared FoodsBakeryBulkDairyMeat & SeafoodGrocery
						AislesFrozenVitamins &
						Body CareBeer & WineDiscover MoreCateringBuy
					It AgainSprouts BrandsNew ItemsExclusivesPrepared Foods",,,,,840-220-4266
Riverside,,"ExploreRecipesArticles & ResourcesLocal StoriesCommunitySaveWeekly AdDeals of the MonthMember-only EventsDigital CouponsShopDietOrganicGluten-freePlant-BasedKetoPaleoNon-GMOCategoriesProduceDeli & Prepared FoodsBakeryBulkDairyMeat & SeafoodGrocery
						AislesFrozenVitamins &
						Body CareBeer & WineDiscover MoreCateringBuy
					It AgainSprouts BrandsNew ItemsExclusivesPrepared Foods",,,,,951-565-5400
Roseville – Granite Bay,,"ExploreRecipesArticles & ResourcesLocal StoriesCommunitySaveWeekly AdDeals of the MonthMember-only EventsDigital CouponsShopDietOrganicGluten-freePlant-BasedKetoPaleoNon-GMOCategoriesProduceDeli & Prepared FoodsBakeryBulkDairyMeat & SeafoodGrocery
						AislesFrozenVitamins &
						Body CareBeer & WineDiscover MoreCateringBuy
					It AgainSprouts BrandsNew ItemsExclusivesPrepared Foods",,,,,916-462-5047
Sacramento,,"ExploreRecipesArticles & ResourcesLocal StoriesCommunitySaveWeekly AdDeals of the MonthMember-only EventsDigital CouponsShopDietOrganicGluten-freePlant-BasedKetoPaleoNon-GMOCategoriesProduceDeli & Prepared FoodsBakeryBulkDairyMeat & SeafoodGrocery
						AislesFrozenVitamins &
						Body CareBeer & WineDiscover MoreCateringBuy
					It AgainSprouts BrandsNew ItemsExclusivesPrepared Foods",,,,,916-455-4200
Sacramento – Natomas,,"ExploreRecipesArticles & ResourcesLocal StoriesCommunitySaveWeekly AdDeals of the MonthMember-only EventsDigital CouponsShopDietOrganicGluten-freePlant-BasedKetoPaleoNon-GMOCategoriesProduceDeli & Prepared FoodsBakeryBulkDairyMeat & SeafoodGrocery
						AislesFrozenVitamins &
						Body CareBeer & WineDiscover MoreCateringBuy
					It AgainSprouts BrandsNew ItemsExclusivesPrepared Foods",,,,,916-431-1111
Sacramento – Town & Country,,"ExploreRecipesArticles & ResourcesLocal StoriesCommunitySaveWeekly AdDeals of the MonthMember-only EventsDigital CouponsShopDietOrganicGluten-freePlant-BasedKetoPaleoNon-GMOCategoriesProduceDeli & Prepared FoodsBakeryBulkDairyMeat & SeafoodGrocery
						AislesFrozenVitamins &
						Body CareBeer & WineDiscover MoreCateringBuy
					It AgainSprouts BrandsNew ItemsExclusivesPrepared Foods",,,,,916-999-3410
San Clemente,,"ExploreRecipesArticles & ResourcesLocal StoriesCommunitySaveWeekly AdDeals of the MonthMember-only EventsDigital CouponsShopDietOrganicGluten-freePlant-BasedKetoPaleoNon-GMOCategoriesProduceDeli & Prepared FoodsBakeryBulkDairyMeat & SeafoodGrocery
						AislesFrozenVitamins &
						Body CareBeer & WineDiscover MoreCateringBuy
					It AgainSprouts BrandsNew ItemsExclusivesPrepared Foods",,,,,949-542-1036
Carmel Mountain Ranch,,"ExploreRecipesArticles & ResourcesLocal StoriesCommunitySaveWeekly AdDeals of the MonthMember-only EventsDigital CouponsShopDietOrganicGluten-freePlant-BasedKetoPaleoNon-GMOCategoriesProduceDeli & Prepared FoodsBakeryBulkDairyMeat & SeafoodGrocery
						AislesFrozenVitamins &
						Body CareBeer & WineDiscover MoreCateringBuy
					It AgainSprouts BrandsNew ItemsExclusivesPrepared Foods",,,,,858-798-7200
Clairemont,,"ExploreRecipesArticles & ResourcesLocal StoriesCommunitySaveWeekly AdDeals of the MonthMember-only EventsDigital CouponsShopDietOrganicGluten-freePlant-BasedKetoPaleoNon-GMOCategoriesProduceDeli & Prepared FoodsBakeryBulkDairyMeat & SeafoodGrocery
						AislesFrozenVitamins &
						Body CareBeer & WineDiscover MoreCateringBuy
					It AgainSprouts BrandsNew ItemsExclusivesPrepared Foods",,,,,619-764-6015
Mira Mesa,,"ExploreRecipesArticles & ResourcesLocal StoriesCommunitySaveWeekly AdDeals of the MonthMember-only EventsDigital CouponsShopDietOrganicGluten-freePlant-BasedKetoPaleoNon-GMOCategoriesProduceDeli & Prepared FoodsBakeryBulkDairyMeat & SeafoodGrocery
						AislesFrozenVitamins &
						Body CareBeer & WineDiscover MoreCateringBuy
					It AgainSprouts BrandsNew ItemsExclusivesPrepared Foods",,,,,858-880-0210
North Park,,"ExploreRecipesArticles & ResourcesLocal StoriesCommunitySaveWeekly AdDeals of the MonthMember-only EventsDigital CouponsShopDietOrganicGluten-freePlant-BasedKetoPaleoNon-GMOCategoriesProduceDeli & Prepared FoodsBakeryBulkDairyMeat & SeafoodGrocery
						AislesFrozenVitamins &
						Body CareBeer & WineDiscover MoreCateringBuy
					It AgainSprouts BrandsNew ItemsExclusivesPrepared Foods",,,,,619-291-8287
Pacific Beach,,"ExploreRecipesArticles & ResourcesLocal StoriesCommunitySaveWeekly AdDeals of the MonthMember-only EventsDigital CouponsShopDietOrganicGluten-freePlant-BasedKetoPaleoNon-GMOCategoriesProduceDeli & Prepared FoodsBakeryBulkDairyMeat & SeafoodGrocery
						AislesFrozenVitamins &
						Body CareBeer & WineDiscover MoreCateringBuy
					It AgainSprouts BrandsNew ItemsExclusivesPrepared Foods",,,,,858-270-8200
Point Loma,,"ExploreRecipesArticles & ResourcesLocal StoriesCommunitySaveWeekly AdDeals of the MonthMember-only EventsDigital CouponsShopDietOrganicGluten-freePlant-BasedKetoPaleoNon-GMOCategoriesProduceDeli & Prepared FoodsBakeryBulkDairyMeat & SeafoodGrocery
						AislesFrozenVitamins &
						Body CareBeer & WineDiscover MoreCateringBuy
					It AgainSprouts BrandsNew ItemsExclusivesPrepared Foods",,,,,619-523-3640
Rancho Bernardo,,"ExploreRecipesArticles & ResourcesLocal StoriesCommunitySaveWeekly AdDeals of the MonthMember-only EventsDigital CouponsShopDietOrganicGluten-freePlant-BasedKetoPaleoNon-GMOCategoriesProduceDeli & Prepared FoodsBakeryBulkDairyMeat & SeafoodGrocery
						AislesFrozenVitamins &
						Body CareBeer & WineDiscover MoreCateringBuy
					It AgainSprouts BrandsNew ItemsExclusivesPrepared Foods",,,,,858-385-1606
San Diego – Del Sur,,"ExploreRecipesArticles & ResourcesLocal StoriesCommunitySaveWeekly AdDeals of the MonthMember-only EventsDigital CouponsShopDietOrganicGluten-freePlant-BasedKetoPaleoNon-GMOCategoriesProduceDeli & Prepared FoodsBakeryBulkDairyMeat & SeafoodGrocery
						AislesFrozenVitamins &
						Body CareBeer & WineDiscover MoreCateringBuy
					It AgainSprouts BrandsNew ItemsExclusivesPrepared Foods",,,,,858-798-8232
San Diego – Genesee Ave.,,"ExploreRecipesArticles & ResourcesLocal StoriesCommunitySaveWeekly AdDeals of the MonthMember-only EventsDigital CouponsShopDietOrganicGluten-freePlant-BasedKetoPaleoNon-GMOCategoriesProduceDeli & Prepared FoodsBakeryBulkDairyMeat & SeafoodGrocery
						AislesFrozenVitamins &
						Body CareBeer & WineDiscover MoreCateringBuy
					It AgainSprouts BrandsNew ItemsExclusivesPrepared Foods",,,,,858-268-2400
University City,,"ExploreRecipesArticles & ResourcesLocal StoriesCommunitySaveWeekly AdDeals of the MonthMember-only EventsDigital CouponsShopDietOrganicGluten-freePlant-BasedKetoPaleoNon-GMOCategoriesProduceDeli & Prepared FoodsBakeryBulkDairyMeat & SeafoodGrocery
						AislesFrozenVitamins &
						Body CareBeer & WineDiscover MoreCateringBuy
					It AgainSprouts BrandsNew ItemsExclusivesPrepared Foods",,,,,858-457-5006
San Jose – Coleman Ave.,,"ExploreRecipesArticles & ResourcesLocal StoriesCommunitySaveWeekly AdDeals of the MonthMember-only EventsDigital CouponsShopDietOrganicGluten-freePlant-BasedKetoPaleoNon-GMOCategoriesProduceDeli & Prepared FoodsBakeryBulkDairyMeat & SeafoodGrocery
						AislesFrozenVitamins &
						Body CareBeer & WineDiscover MoreCateringBuy
					It AgainSprouts BrandsNew ItemsExclusivesPrepared Foods",,,,,669-444-3186
San Jose-N. Capitol Ave.,,"ExploreRecipesArticles & ResourcesLocal StoriesCommunitySaveWeekly AdDeals of the MonthMember-only EventsDigital CouponsShopDietOrganicGluten-freePlant-BasedKetoPaleoNon-GMOCategoriesProduceDeli & Prepared FoodsBakeryBulkDairyMeat & SeafoodGrocery
						AislesFrozenVitamins &
						Body CareBeer & WineDiscover MoreCateringBuy
					It AgainSprouts BrandsNew ItemsExclusivesPrepared Foods",,,,,408-503-3250
San Jose – Branham Ln.,,"ExploreRecipesArticles & ResourcesLocal StoriesCommunitySaveWeekly AdDeals of the MonthMember-only EventsDigital CouponsShopDietOrganicGluten-freePlant-BasedKetoPaleoNon-GMOCategoriesProduceDeli & Prepared FoodsBakeryBulkDairyMeat & SeafoodGrocery
						AislesFrozenVitamins &
						Body CareBeer & WineDiscover MoreCateringBuy
					It AgainSprouts BrandsNew ItemsExclusivesPrepared Foods",,,,,408-833-1152
San Jose – Brokaw Rd.,,"ExploreRecipesArticles & ResourcesLocal StoriesCommunitySaveWeekly AdDeals of the MonthMember-only EventsDigital CouponsShopDietOrganicGluten-freePlant-BasedKetoPaleoNon-GMOCategoriesProduceDeli & Prepared FoodsBakeryBulkDairyMeat & SeafoodGrocery
						AislesFrozenVitamins &
						Body CareBeer & WineDiscover MoreCateringBuy
					It AgainSprouts BrandsNew ItemsExclusivesPrepared Foods",,,,,408-490-3041
San Jose – Capitol Expwy.,,"ExploreRecipesArticles & ResourcesLocal StoriesCommunitySaveWeekly AdDeals of the MonthMember-only EventsDigital CouponsShopDietOrganicGluten-freePlant-BasedKetoPaleoNon-GMOCategoriesProduceDeli & Prepared FoodsBakeryBulkDairyMeat & SeafoodGrocery
						AislesFrozenVitamins &
						Body CareBeer & WineDiscover MoreCateringBuy
					It AgainSprouts BrandsNew ItemsExclusivesPrepared Foods",,,,,669-234-5260
San Jose – Prospect Rd.,,"ExploreRecipesArticles & ResourcesLocal StoriesCommunitySaveWeekly AdDeals of the MonthMember-only EventsDigital CouponsShopDietOrganicGluten-freePlant-BasedKetoPaleoNon-GMOCategoriesProduceDeli & Prepared FoodsBakeryBulkDairyMeat & SeafoodGrocery
						AislesFrozenVitamins &
						Body CareBeer & WineDiscover MoreCateringBuy
					It AgainSprouts BrandsNew ItemsExclusivesPrepared Foods",,,,,408-725-3970
San Leandro,,"ExploreRecipesArticles & ResourcesLocal StoriesCommunitySaveWeekly AdDeals of the MonthMember-only EventsDigital CouponsShopDietOrganicGluten-freePlant-BasedKetoPaleoNon-GMOCategoriesProduceDeli & Prepared FoodsBakeryBulkDairyMeat & SeafoodGrocery
						AislesFrozenVitamins &
						Body CareBeer & WineDiscover MoreCateringBuy
					It AgainSprouts BrandsNew ItemsExclusivesPrepared Foods",,,,,
San Luis Obispo,,"ExploreRecipesArticles & ResourcesLocal StoriesCommunitySaveWeekly AdDeals of the MonthMember-only EventsDigital CouponsShopDietOrganicGluten-freePlant-BasedKetoPaleoNon-GMOCategoriesProduceDeli & Prepared FoodsBakeryBulkDairyMeat & SeafoodGrocery
						AislesFrozenVitamins &
						Body CareBeer & WineDiscover MoreCateringBuy
					It AgainSprouts BrandsNew ItemsExclusivesPrepared Foods",,,,,805-858-3350
San Marcos,,"ExploreRecipesArticles & ResourcesLocal StoriesCommunitySaveWeekly AdDeals of the MonthMember-only EventsDigital CouponsShopDietOrganicGluten-freePlant-BasedKetoPaleoNon-GMOCategoriesProduceDeli & Prepared FoodsBakeryBulkDairyMeat & SeafoodGrocery
						AislesFrozenVitamins &
						Body CareBeer & WineDiscover MoreCateringBuy
					It AgainSprouts BrandsNew ItemsExclusivesPrepared Foods",,,,,760-208-6041
San Pedro,,"ExploreRecipesArticles & ResourcesLocal StoriesCommunitySaveWeekly AdDeals of the MonthMember-only EventsDigital CouponsShopDietOrganicGluten-freePlant-BasedKetoPaleoNon-GMOCategoriesProduceDeli & Prepared FoodsBakeryBulkDairyMeat & SeafoodGrocery
						AislesFrozenVitamins &
						Body CareBeer & WineDiscover MoreCateringBuy
					It AgainSprouts BrandsNew ItemsExclusivesPrepared Foods",,,,,310-831-7836
San Rafael,,"ExploreRecipesArticles & ResourcesLocal StoriesCommunitySaveWeekly AdDeals of the MonthMember-only EventsDigital CouponsShopDietOrganicGluten-freePlant-BasedKetoPaleoNon-GMOCategoriesProduceDeli & Prepared FoodsBakeryBulkDairyMeat & SeafoodGrocery
						AislesFrozenVitamins &
						Body CareBeer & WineDiscover MoreCateringBuy
					It AgainSprouts BrandsNew ItemsExclusivesPrepared Foods",,,,,415-524-1159
San Ramon,,"ExploreRecipesArticles & ResourcesLocal StoriesCommunitySaveWeekly AdDeals of the MonthMember-only EventsDigital CouponsShopDietOrganicGluten-freePlant-BasedKetoPaleoNon-GMOCategoriesProduceDeli & Prepared FoodsBakeryBulkDairyMeat & SeafoodGrocery
						AislesFrozenVitamins &
						Body CareBeer & WineDiscover MoreCateringBuy
					It AgainSprouts BrandsNew ItemsExclusivesPrepared Foods",,,,,925-302-1395
Santa Barbara,,"ExploreRecipesArticles & ResourcesLocal StoriesCommunitySaveWeekly AdDeals of the MonthMember-only EventsDigital CouponsShopDietOrganicGluten-freePlant-BasedKetoPaleoNon-GMOCategoriesProduceDeli & Prepared FoodsBakeryBulkDairyMeat & SeafoodGrocery
						AislesFrozenVitamins &
						Body CareBeer & WineDiscover MoreCateringBuy
					It AgainSprouts BrandsNew ItemsExclusivesPrepared Foods",,,,,805-837-0356
Santa Clara,,"ExploreRecipesArticles & ResourcesLocal StoriesCommunitySaveWeekly AdDeals of the MonthMember-only EventsDigital CouponsShopDietOrganicGluten-freePlant-BasedKetoPaleoNon-GMOCategoriesProduceDeli & Prepared FoodsBakeryBulkDairyMeat & SeafoodGrocery
						AislesFrozenVitamins &
						Body CareBeer & WineDiscover MoreCateringBuy
					It AgainSprouts BrandsNew ItemsExclusivesPrepared Foods",,,,,408-780-7248
Canyon Country,,"ExploreRecipesArticles & ResourcesLocal StoriesCommunitySaveWeekly AdDeals of the MonthMember-only EventsDigital CouponsShopDietOrganicGluten-freePlant-BasedKetoPaleoNon-GMOCategoriesProduceDeli & Prepared FoodsBakeryBulkDairyMeat & SeafoodGrocery
						AislesFrozenVitamins &
						Body CareBeer & WineDiscover MoreCateringBuy
					It AgainSprouts BrandsNew ItemsExclusivesPrepared Foods",,,,,661-517-3724
Santa Maria,,"ExploreRecipesArticles & ResourcesLocal StoriesCommunitySaveWeekly AdDeals of the MonthMember-only EventsDigital CouponsShopDietOrganicGluten-freePlant-BasedKetoPaleoNon-GMOCategoriesProduceDeli & Prepared FoodsBakeryBulkDairyMeat & SeafoodGrocery
						AislesFrozenVitamins &
						Body CareBeer & WineDiscover MoreCateringBuy
					It AgainSprouts BrandsNew ItemsExclusivesPrepared Foods",,,,,
Santee,,"ExploreRecipesArticles & ResourcesLocal StoriesCommunitySaveWeekly AdDeals of the MonthMember-only EventsDigital CouponsShopDietOrganicGluten-freePlant-BasedKetoPaleoNon-GMOCategoriesProduceDeli & Prepared FoodsBakeryBulkDairyMeat & SeafoodGrocery
						AislesFrozenVitamins &
						Body CareBeer & WineDiscover MoreCateringBuy
					It AgainSprouts BrandsNew ItemsExclusivesPrepared Foods",,,,,619-562-0145
Seal Beach,,"ExploreRecipesArticles & ResourcesLocal StoriesCommunitySaveWeekly AdDeals of the MonthMember-only EventsDigital CouponsShopDietOrganicGluten-freePlant-BasedKetoPaleoNon-GMOCategoriesProduceDeli & Prepared FoodsBakeryBulkDairyMeat & SeafoodGrocery
						AislesFrozenVitamins &
						Body CareBeer & WineDiscover MoreCateringBuy
					It AgainSprouts BrandsNew ItemsExclusivesPrepared Foods",,,,,562-794-2125
Simi Valley,,"ExploreRecipesArticles & ResourcesLocal StoriesCommunitySaveWeekly AdDeals of the MonthMember-only EventsDigital CouponsShopDietOrganicGluten-freePlant-BasedKetoPaleoNon-GMOCategoriesProduceDeli & Prepared FoodsBakeryBulkDairyMeat & SeafoodGrocery
						AislesFrozenVitamins &
						Body CareBeer & WineDiscover MoreCateringBuy
					It AgainSprouts BrandsNew ItemsExclusivesPrepared Foods",,,,,805-422-3363
Solana Beach,,"ExploreRecipesArticles & ResourcesLocal StoriesCommunitySaveWeekly AdDeals of the MonthMember-only EventsDigital CouponsShopDietOrganicGluten-freePlant-BasedKetoPaleoNon-GMOCategoriesProduceDeli & Prepared FoodsBakeryBulkDairyMeat & SeafoodGrocery
						AislesFrozenVitamins &
						Body CareBeer & WineDiscover MoreCateringBuy
					It AgainSprouts BrandsNew ItemsExclusivesPrepared Foods",,,,,858-350-7900
Stockton,,"ExploreRecipesArticles & ResourcesLocal StoriesCommunitySaveWeekly AdDeals of the MonthMember-only EventsDigital CouponsShopDietOrganicGluten-freePlant-BasedKetoPaleoNon-GMOCategoriesProduceDeli & Prepared FoodsBakeryBulkDairyMeat & SeafoodGrocery
						AislesFrozenVitamins &
						Body CareBeer & WineDiscover MoreCateringBuy
					It AgainSprouts BrandsNew ItemsExclusivesPrepared Foods",,,,,209-751-0474
Studio City,,"ExploreRecipesArticles & ResourcesLocal StoriesCommunitySaveWeekly AdDeals of the MonthMember-only EventsDigital CouponsShopDietOrganicGluten-freePlant-BasedKetoPaleoNon-GMOCategoriesProduceDeli & Prepared FoodsBakeryBulkDairyMeat & SeafoodGrocery
						AislesFrozenVitamins &
						Body CareBeer & WineDiscover MoreCateringBuy
					It AgainSprouts BrandsNew ItemsExclusivesPrepared Foods",,,,,747-256-6517
Fresno-Sunnyside,,"ExploreRecipesArticles & ResourcesLocal StoriesCommunitySaveWeekly AdDeals of the MonthMember-only EventsDigital CouponsShopDietOrganicGluten-freePlant-BasedKetoPaleoNon-GMOCategoriesProduceDeli & Prepared FoodsBakeryBulkDairyMeat & SeafoodGrocery
						AislesFrozenVitamins &
						Body CareBeer & WineDiscover MoreCateringBuy
					It AgainSprouts BrandsNew ItemsExclusivesPrepared Foods",,,,,559-890-5624
Sunnyvale,,"ExploreRecipesArticles & ResourcesLocal StoriesCommunitySaveWeekly AdDeals of the MonthMember-only EventsDigital CouponsShopDietOrganicGluten-freePlant-BasedKetoPaleoNon-GMOCategoriesProduceDeli & Prepared FoodsBakeryBulkDairyMeat & SeafoodGrocery
						AislesFrozenVitamins &
						Body CareBeer & WineDiscover MoreCateringBuy
					It AgainSprouts BrandsNew ItemsExclusivesPrepared Foods",,,,,408-702-1172
Temecula,,"ExploreRecipesArticles & ResourcesLocal StoriesCommunitySaveWeekly AdDeals of the MonthMember-only EventsDigital CouponsShopDietOrganicGluten-freePlant-BasedKetoPaleoNon-GMOCategoriesProduceDeli & Prepared FoodsBakeryBulkDairyMeat & SeafoodGrocery
						AislesFrozenVitamins &
						Body CareBeer & WineDiscover MoreCateringBuy
					It AgainSprouts BrandsNew ItemsExclusivesPrepared Foods",,,,,951-303-0087
Rancho Temecula,,"ExploreRecipesArticles & ResourcesLocal StoriesCommunitySaveWeekly AdDeals of the MonthMember-only EventsDigital CouponsShopDietOrganicGluten-freePlant-BasedKetoPaleoNon-GMOCategoriesProduceDeli & Prepared FoodsBakeryBulkDairyMeat & SeafoodGrocery
						AislesFrozenVitamins &
						Body CareBeer & WineDiscover MoreCateringBuy
					It AgainSprouts BrandsNew ItemsExclusivesPrepared Foods",,,,,951-694-3680
Thousand Oaks,,"ExploreRecipesArticles & ResourcesLocal StoriesCommunitySaveWeekly AdDeals of the MonthMember-only EventsDigital CouponsShopDietOrganicGluten-freePlant-BasedKetoPaleoNon-GMOCategoriesProduceDeli & Prepared FoodsBakeryBulkDairyMeat & SeafoodGrocery
						AislesFrozenVitamins &
						Body CareBeer & WineDiscover MoreCateringBuy
					It AgainSprouts BrandsNew ItemsExclusivesPrepared Foods",,,,,805-716-4373
Torrance,,"ExploreRecipesArticles & ResourcesLocal StoriesCommunitySaveWeekly AdDeals of the MonthMember-only EventsDigital CouponsShopDietOrganicGluten-freePlant-BasedKetoPaleoNon-GMOCategoriesProduceDeli & Prepared FoodsBakeryBulkDairyMeat & SeafoodGrocery
						AislesFrozenVitamins &
						Body CareBeer & WineDiscover MoreCateringBuy
					It AgainSprouts BrandsNew ItemsExclusivesPrepared Foods",,,,,424-903-7062
Tustin – Holt Ave.,,"ExploreRecipesArticles & ResourcesLocal StoriesCommunitySaveWeekly AdDeals of the MonthMember-only EventsDigital CouponsShopDietOrganicGluten-freePlant-BasedKetoPaleoNon-GMOCategoriesProduceDeli & Prepared FoodsBakeryBulkDairyMeat & SeafoodGrocery
						AislesFrozenVitamins &
						Body CareBeer & WineDiscover MoreCateringBuy
					It AgainSprouts BrandsNew ItemsExclusivesPrepared Foods",,,,,714-415-4381
Tustin – Jamboree Rd.,,"ExploreRecipesArticles & ResourcesLocal StoriesCommunitySaveWeekly AdDeals of the MonthMember-only EventsDigital CouponsShopDietOrganicGluten-freePlant-BasedKetoPaleoNon-GMOCategoriesProduceDeli & Prepared FoodsBakeryBulkDairyMeat & SeafoodGrocery
						AislesFrozenVitamins &
						Body CareBeer & WineDiscover MoreCateringBuy
					It AgainSprouts BrandsNew ItemsExclusivesPrepared Foods",,,,,714-734-8760
Upland,,"ExploreRecipesArticles & ResourcesLocal StoriesCommunitySaveWeekly AdDeals of the MonthMember-only EventsDigital CouponsShopDietOrganicGluten-freePlant-BasedKetoPaleoNon-GMOCategoriesProduceDeli & Prepared FoodsBakeryBulkDairyMeat & SeafoodGrocery
						AislesFrozenVitamins &
						Body CareBeer & WineDiscover MoreCateringBuy
					It AgainSprouts BrandsNew ItemsExclusivesPrepared Foods",,,,,909-912-1461
Vacaville,,"ExploreRecipesArticles & ResourcesLocal StoriesCommunitySaveWeekly AdDeals of the MonthMember-only EventsDigital CouponsShopDietOrganicGluten-freePlant-BasedKetoPaleoNon-GMOCategoriesProduceDeli & Prepared FoodsBakeryBulkDairyMeat & SeafoodGrocery
						AislesFrozenVitamins &
						Body CareBeer & WineDiscover MoreCateringBuy
					It AgainSprouts BrandsNew ItemsExclusivesPrepared Foods",,,,,707-301-4300
Valencia,,"ExploreRecipesArticles & ResourcesLocal StoriesCommunitySaveWeekly AdDeals of the MonthMember-only EventsDigital CouponsShopDietOrganicGluten-freePlant-BasedKetoPaleoNon-GMOCategoriesProduceDeli & Prepared FoodsBakeryBulkDairyMeat & SeafoodGrocery
						AislesFrozenVitamins &
						Body CareBeer & WineDiscover MoreCateringBuy
					It AgainSprouts BrandsNew ItemsExclusivesPrepared Foods",,,,,661-414-1109
Ventura,,"ExploreRecipesArticles & ResourcesLocal StoriesCommunitySaveWeekly AdDeals of the MonthMember-only EventsDigital CouponsShopDietOrganicGluten-freePlant-BasedKetoPaleoNon-GMOCategoriesProduceDeli & Prepared FoodsBakeryBulkDairyMeat & SeafoodGrocery
						AislesFrozenVitamins &
						Body CareBeer & WineDiscover MoreCateringBuy
					It AgainSprouts BrandsNew ItemsExclusivesPrepared Foods",,,,,805-941-4013
Victorville,,"ExploreRecipesArticles & ResourcesLocal StoriesCommunitySaveWeekly AdDeals of the MonthMember-only EventsDigital CouponsShopDietOrganicGluten-freePlant-BasedKetoPaleoNon-GMOCategoriesProduceDeli & Prepared FoodsBakeryBulkDairyMeat & SeafoodGrocery
						AislesFrozenVitamins &
						Body CareBeer & WineDiscover MoreCateringBuy
					It AgainSprouts BrandsNew ItemsExclusivesPrepared Foods",,,,,442-327-1306
Visalia,,"ExploreRecipesArticles & ResourcesLocal StoriesCommunitySaveWeekly AdDeals of the MonthMember-only EventsDigital CouponsShopDietOrganicGluten-freePlant-BasedKetoPaleoNon-GMOCategoriesProduceDeli & Prepared FoodsBakeryBulkDairyMeat & SeafoodGrocery
						AislesFrozenVitamins &
						Body CareBeer & WineDiscover MoreCateringBuy
					It AgainSprouts BrandsNew ItemsExclusivesPrepared Foods",,,,,559-553-4044
Vista,,"ExploreRecipesArticles & ResourcesLocal StoriesCommunitySaveWeekly AdDeals of the MonthMember-only EventsDigital CouponsShopDietOrganicGluten-freePlant-BasedKetoPaleoNon-GMOCategoriesProduceDeli & Prepared FoodsBakeryBulkDairyMeat & SeafoodGrocery
						AislesFrozenVitamins &
						Body CareBeer & WineDiscover MoreCateringBuy
					It AgainSprouts BrandsNew ItemsExclusivesPrepared Foods",,,,,760-936-4010
Walnut Creek,,"ExploreRecipesArticles & ResourcesLocal StoriesCommunitySaveWeekly AdDeals of the MonthMember-only EventsDigital CouponsShopDietOrganicGluten-freePlant-BasedKetoPaleoNon-GMOCategoriesProduceDeli & Prepared FoodsBakeryBulkDairyMeat & SeafoodGrocery
						AislesFrozenVitamins &
						Body CareBeer & WineDiscover MoreCateringBuy
					It AgainSprouts BrandsNew ItemsExclusivesPrepared Foods",,,,,925-953-1113
West Covina,,"ExploreRecipesArticles & ResourcesLocal StoriesCommunitySaveWeekly AdDeals of the MonthMember-only EventsDigital CouponsShopDietOrganicGluten-freePlant-BasedKetoPaleoNon-GMOCategoriesProduceDeli & Prepared FoodsBakeryBulkDairyMeat & SeafoodGrocery
						AislesFrozenVitamins &
						Body CareBeer & WineDiscover MoreCateringBuy
					It AgainSprouts BrandsNew ItemsExclusivesPrepared Foods",,,,,626-257-9787
West Hills,,"ExploreRecipesArticles & ResourcesLocal StoriesCommunitySaveWeekly AdDeals of the MonthMember-only EventsDigital CouponsShopDietOrganicGluten-freePlant-BasedKetoPaleoNon-GMOCategoriesProduceDeli & Prepared FoodsBakeryBulkDairyMeat & SeafoodGrocery
						AislesFrozenVitamins &
						Body CareBeer & WineDiscover MoreCateringBuy
					It AgainSprouts BrandsNew ItemsExclusivesPrepared Foods",,,,,818-867-2104
Westlake Village,,"ExploreRecipesArticles & ResourcesLocal StoriesCommunitySaveWeekly AdDeals of the MonthMember-only EventsDigital CouponsShopDietOrganicGluten-freePlant-BasedKetoPaleoNon-GMOCategoriesProduceDeli & Prepared FoodsBakeryBulkDairyMeat & SeafoodGrocery
						AislesFrozenVitamins &
						Body CareBeer & WineDiscover MoreCateringBuy
					It AgainSprouts BrandsNew ItemsExclusivesPrepared Foods",,,,,805-917-4200
Whittier,,"ExploreRecipesArticles & ResourcesLocal StoriesCommunitySaveWeekly AdDeals of the MonthMember-only EventsDigital CouponsShopDietOrganicGluten-freePlant-BasedKetoPaleoNon-GMOCategoriesProduceDeli & Prepared FoodsBakeryBulkDairyMeat & SeafoodGrocery
						AislesFrozenVitamins &
						Body CareBeer & WineDiscover MoreCateringBuy
					It AgainSprouts BrandsNew ItemsExclusivesPrepared Foods",,,,,562-265-2109
Woodland Hills,,"ExploreRecipesArticles & ResourcesLocal StoriesCommunitySaveWeekly AdDeals of the MonthMember-only EventsDigital CouponsShopDietOrganicGluten-freePlant-BasedKetoPaleoNon-GMOCategoriesProduceDeli & Prepared FoodsBakeryBulkDairyMeat & SeafoodGrocery
						AislesFrozenVitamins &
						Body CareBeer & WineDiscover MoreCateringBuy
					It AgainSprouts BrandsNew ItemsExclusivesPrepared Foods",,,,,818-887-6473
Woodland,,"ExploreRecipesArticles & ResourcesLocal StoriesCommunitySaveWeekly AdDeals of the MonthMember-only EventsDigital CouponsShopDietOrganicGluten-freePlant-BasedKetoPaleoNon-GMOCategoriesProduceDeli & Prepared FoodsBakeryBulkDairyMeat & SeafoodGrocery
						AislesFrozenVitamins &
						Body CareBeer & WineDiscover MoreCateringBuy
					It AgainSprouts BrandsNew ItemsExclusivesPrepared Foods",,,,,530-631-7172
Savi Ranch,,"ExploreRecipesArticles & ResourcesLocal StoriesCommunitySaveWeekly AdDeals of the MonthMember-only EventsDigital CouponsShopDietOrganicGluten-freePlant-BasedKetoPaleoNon-GMOCategoriesProduceDeli & Prepared FoodsBakeryBulkDairyMeat & SeafoodGrocery
						AislesFrozenVitamins &
						Body CareBeer & WineDiscover MoreCateringBuy
					It AgainSprouts BrandsNew ItemsExclusivesPrepared Foods",,,,,714-464-1824
Yorba Linda,,"ExploreRecipesArticles & ResourcesLocal StoriesCommunitySaveWeekly AdDeals of the MonthMember-only EventsDigital CouponsShopDietOrganicGluten-freePlant-BasedKetoPaleoNon-GMOCategoriesProduceDeli & Prepared FoodsBakeryBulkDairyMeat & SeafoodGrocery
						AislesFrozenVitamins &
						Body CareBeer & WineDiscover MoreCateringBuy
					It AgainSprouts BrandsNew ItemsExclusivesPrepared Foods",,,,,714-572-3535
Arvada-Wadsworth Blvd.,,"ExploreRecipesArticles & ResourcesLocal StoriesCommunitySaveWeekly AdDeals of the MonthMember-only EventsDigital CouponsShopDietOrganicGluten-freePlant-BasedKetoPaleoNon-GMOCategoriesProduceDeli & Prepared FoodsBakeryBulkDairyMeat & SeafoodGrocery
						AislesFrozenVitamins &
						Body CareBeer & WineDiscover MoreCateringBuy
					It AgainSprouts BrandsNew ItemsExclusivesPrepared Foods",,,,,303-463-4828
West Arvada,,"ExploreRecipesArticles & ResourcesLocal StoriesCommunitySaveWeekly AdDeals of the MonthMember-only EventsDigital CouponsShopDietOrganicGluten-freePlant-BasedKetoPaleoNon-GMOCategoriesProduceDeli & Prepared FoodsBakeryBulkDairyMeat & SeafoodGrocery
						AislesFrozenVitamins &
						Body CareBeer & WineDiscover MoreCateringBuy
					It AgainSprouts BrandsNew ItemsExclusivesPrepared Foods",,,,,303-801-4570
Aurora – Havana St.,,"ExploreRecipesArticles & ResourcesLocal StoriesCommunitySaveWeekly AdDeals of the MonthMember-only EventsDigital CouponsShopDietOrganicGluten-freePlant-BasedKetoPaleoNon-GMOCategoriesProduceDeli & Prepared FoodsBakeryBulkDairyMeat & SeafoodGrocery
						AislesFrozenVitamins &
						Body CareBeer & WineDiscover MoreCateringBuy
					It AgainSprouts BrandsNew ItemsExclusivesPrepared Foods",,,,,720-278-2008
Aurora-Chambers Rd.,,"ExploreRecipesArticles & ResourcesLocal StoriesCommunitySaveWeekly AdDeals of the MonthMember-only EventsDigital CouponsShopDietOrganicGluten-freePlant-BasedKetoPaleoNon-GMOCategoriesProduceDeli & Prepared FoodsBakeryBulkDairyMeat & SeafoodGrocery
						AislesFrozenVitamins &
						Body CareBeer & WineDiscover MoreCateringBuy
					It AgainSprouts BrandsNew ItemsExclusivesPrepared Foods",,,,,303-955-3173
Boulder – Arapahoe Ave.,,"ExploreRecipesArticles & ResourcesLocal StoriesCommunitySaveWeekly AdDeals of the MonthMember-only EventsDigital CouponsShopDietOrganicGluten-freePlant-BasedKetoPaleoNon-GMOCategoriesProduceDeli & Prepared FoodsBakeryBulkDairyMeat & SeafoodGrocery
						AislesFrozenVitamins &
						Body CareBeer & WineDiscover MoreCateringBuy
					It AgainSprouts BrandsNew ItemsExclusivesPrepared Foods",,,,,303-449-0777
Boulder – Baseline Rd.,,"ExploreRecipesArticles & ResourcesLocal StoriesCommunitySaveWeekly AdDeals of the MonthMember-only EventsDigital CouponsShopDietOrganicGluten-freePlant-BasedKetoPaleoNon-GMOCategoriesProduceDeli & Prepared FoodsBakeryBulkDairyMeat & SeafoodGrocery
						AislesFrozenVitamins &
						Body CareBeer & WineDiscover MoreCateringBuy
					It AgainSprouts BrandsNew ItemsExclusivesPrepared Foods",,,,,720-279-6758
Castle Rock,,"ExploreRecipesArticles & ResourcesLocal StoriesCommunitySaveWeekly AdDeals of the MonthMember-only EventsDigital CouponsShopDietOrganicGluten-freePlant-BasedKetoPaleoNon-GMOCategoriesProduceDeli & Prepared FoodsBakeryBulkDairyMeat & SeafoodGrocery
						AislesFrozenVitamins &
						Body CareBeer & WineDiscover MoreCateringBuy
					It AgainSprouts BrandsNew ItemsExclusivesPrepared Foods",,,,,720-305-0684
Centennial,,"ExploreRecipesArticles & ResourcesLocal StoriesCommunitySaveWeekly AdDeals of the MonthMember-only EventsDigital CouponsShopDietOrganicGluten-freePlant-BasedKetoPaleoNon-GMOCategoriesProduceDeli & Prepared FoodsBakeryBulkDairyMeat & SeafoodGrocery
						AislesFrozenVitamins &
						Body CareBeer & WineDiscover MoreCateringBuy
					It AgainSprouts BrandsNew ItemsExclusivesPrepared Foods",,,,,720-305-0959
Colorado Springs – Northgate,,"ExploreRecipesArticles & ResourcesLocal StoriesCommunitySaveWeekly AdDeals of the MonthMember-only EventsDigital CouponsShopDietOrganicGluten-freePlant-BasedKetoPaleoNon-GMOCategoriesProduceDeli & Prepared FoodsBakeryBulkDairyMeat & SeafoodGrocery
						AislesFrozenVitamins &
						Body CareBeer & WineDiscover MoreCateringBuy
					It AgainSprouts BrandsNew ItemsExclusivesPrepared Foods",,,,,719-884-7900
Colorado Springs – Powers Blvd.,,"ExploreRecipesArticles & ResourcesLocal StoriesCommunitySaveWeekly AdDeals of the MonthMember-only EventsDigital CouponsShopDietOrganicGluten-freePlant-BasedKetoPaleoNon-GMOCategoriesProduceDeli & Prepared FoodsBakeryBulkDairyMeat & SeafoodGrocery
						AislesFrozenVitamins &
						Body CareBeer & WineDiscover MoreCateringBuy
					It AgainSprouts BrandsNew ItemsExclusivesPrepared Foods",,,,,719-313-4405
Colorado Springs,,"ExploreRecipesArticles & ResourcesLocal StoriesCommunitySaveWeekly AdDeals of the MonthMember-only EventsDigital CouponsShopDietOrganicGluten-freePlant-BasedKetoPaleoNon-GMOCategoriesProduceDeli & Prepared FoodsBakeryBulkDairyMeat & SeafoodGrocery
						AislesFrozenVitamins &
						Body CareBeer & WineDiscover MoreCateringBuy
					It AgainSprouts BrandsNew ItemsExclusivesPrepared Foods",,,,,719-590-8890
Colorado Springs–South Nevada Ave.,,"ExploreRecipesArticles & ResourcesLocal StoriesCommunitySaveWeekly AdDeals of the MonthMember-only EventsDigital CouponsShopDietOrganicGluten-freePlant-BasedKetoPaleoNon-GMOCategoriesProduceDeli & Prepared FoodsBakeryBulkDairyMeat & SeafoodGrocery
						AislesFrozenVitamins &
						Body CareBeer & WineDiscover MoreCateringBuy
					It AgainSprouts BrandsNew ItemsExclusivesPrepared Foods",,,,,719-719-1957
Denver – Green Valley Ranch,,"ExploreRecipesArticles & ResourcesLocal StoriesCommunitySaveWeekly AdDeals of the MonthMember-only EventsDigital CouponsShopDietOrganicGluten-freePlant-BasedKetoPaleoNon-GMOCategoriesProduceDeli & Prepared FoodsBakeryBulkDairyMeat & SeafoodGrocery
						AislesFrozenVitamins &
						Body CareBeer & WineDiscover MoreCateringBuy
					It AgainSprouts BrandsNew ItemsExclusivesPrepared Foods",,,,,720-850-5026
Denver on Central Park Blvd.,,"ExploreRecipesArticles & ResourcesLocal StoriesCommunitySaveWeekly AdDeals of the MonthMember-only EventsDigital CouponsShopDietOrganicGluten-freePlant-BasedKetoPaleoNon-GMOCategoriesProduceDeli & Prepared FoodsBakeryBulkDairyMeat & SeafoodGrocery
						AislesFrozenVitamins &
						Body CareBeer & WineDiscover MoreCateringBuy
					It AgainSprouts BrandsNew ItemsExclusivesPrepared Foods",,,,,720-780-6422
Denver – 38th Ave.,,"ExploreRecipesArticles & ResourcesLocal StoriesCommunitySaveWeekly AdDeals of the MonthMember-only EventsDigital CouponsShopDietOrganicGluten-freePlant-BasedKetoPaleoNon-GMOCategoriesProduceDeli & Prepared FoodsBakeryBulkDairyMeat & SeafoodGrocery
						AislesFrozenVitamins &
						Body CareBeer & WineDiscover MoreCateringBuy
					It AgainSprouts BrandsNew ItemsExclusivesPrepared Foods",,,,,303-433-2350
Denver – Colfax Ave.,,"ExploreRecipesArticles & ResourcesLocal StoriesCommunitySaveWeekly AdDeals of the MonthMember-only EventsDigital CouponsShopDietOrganicGluten-freePlant-BasedKetoPaleoNon-GMOCategoriesProduceDeli & Prepared FoodsBakeryBulkDairyMeat & SeafoodGrocery
						AislesFrozenVitamins &
						Body CareBeer & WineDiscover MoreCateringBuy
					It AgainSprouts BrandsNew ItemsExclusivesPrepared Foods",,,,,720-347-4205
Denver – Colorado Blvd.,,"ExploreRecipesArticles & ResourcesLocal StoriesCommunitySaveWeekly AdDeals of the MonthMember-only EventsDigital CouponsShopDietOrganicGluten-freePlant-BasedKetoPaleoNon-GMOCategoriesProduceDeli & Prepared FoodsBakeryBulkDairyMeat & SeafoodGrocery
						AislesFrozenVitamins &
						Body CareBeer & WineDiscover MoreCateringBuy
					It AgainSprouts BrandsNew ItemsExclusivesPrepared Foods",,,,,303-758-4400
Denver – Mississippi Ave.,,"ExploreRecipesArticles & ResourcesLocal StoriesCommunitySaveWeekly AdDeals of the MonthMember-only EventsDigital CouponsShopDietOrganicGluten-freePlant-BasedKetoPaleoNon-GMOCategoriesProduceDeli & Prepared FoodsBakeryBulkDairyMeat & SeafoodGrocery
						AislesFrozenVitamins &
						Body CareBeer & WineDiscover MoreCateringBuy
					It AgainSprouts BrandsNew ItemsExclusivesPrepared Foods",,,,,720-458-2873
Englewood,,"ExploreRecipesArticles & ResourcesLocal StoriesCommunitySaveWeekly AdDeals of the MonthMember-only EventsDigital CouponsShopDietOrganicGluten-freePlant-BasedKetoPaleoNon-GMOCategoriesProduceDeli & Prepared FoodsBakeryBulkDairyMeat & SeafoodGrocery
						AislesFrozenVitamins &
						Body CareBeer & WineDiscover MoreCateringBuy
					It AgainSprouts BrandsNew ItemsExclusivesPrepared Foods",,,,,720-612-6595
Fort Collins – Corbett Dr.,,"ExploreRecipesArticles & ResourcesLocal StoriesCommunitySaveWeekly AdDeals of the MonthMember-only EventsDigital CouponsShopDietOrganicGluten-freePlant-BasedKetoPaleoNon-GMOCategoriesProduceDeli & Prepared FoodsBakeryBulkDairyMeat & SeafoodGrocery
						AislesFrozenVitamins &
						Body CareBeer & WineDiscover MoreCateringBuy
					It AgainSprouts BrandsNew ItemsExclusivesPrepared Foods",,,,,970-416-3350
Fort Collins – Lemay Ave.,,"ExploreRecipesArticles & ResourcesLocal StoriesCommunitySaveWeekly AdDeals of the MonthMember-only EventsDigital CouponsShopDietOrganicGluten-freePlant-BasedKetoPaleoNon-GMOCategoriesProduceDeli & Prepared FoodsBakeryBulkDairyMeat & SeafoodGrocery
						AislesFrozenVitamins &
						Body CareBeer & WineDiscover MoreCateringBuy
					It AgainSprouts BrandsNew ItemsExclusivesPrepared Foods",,,,,970-282-8003
Grand Junction,,"ExploreRecipesArticles & ResourcesLocal StoriesCommunitySaveWeekly AdDeals of the MonthMember-only EventsDigital CouponsShopDietOrganicGluten-freePlant-BasedKetoPaleoNon-GMOCategoriesProduceDeli & Prepared FoodsBakeryBulkDairyMeat & SeafoodGrocery
						AislesFrozenVitamins &
						Body CareBeer & WineDiscover MoreCateringBuy
					It AgainSprouts BrandsNew ItemsExclusivesPrepared Foods",,,,,970-549-3001
Greeley,,"ExploreRecipesArticles & ResourcesLocal StoriesCommunitySaveWeekly AdDeals of the MonthMember-only EventsDigital CouponsShopDietOrganicGluten-freePlant-BasedKetoPaleoNon-GMOCategoriesProduceDeli & Prepared FoodsBakeryBulkDairyMeat & SeafoodGrocery
						AislesFrozenVitamins &
						Body CareBeer & WineDiscover MoreCateringBuy
					It AgainSprouts BrandsNew ItemsExclusivesPrepared Foods",,,,,970-576-3050
Greenwood Village,,"ExploreRecipesArticles & ResourcesLocal StoriesCommunitySaveWeekly AdDeals of the MonthMember-only EventsDigital CouponsShopDietOrganicGluten-freePlant-BasedKetoPaleoNon-GMOCategoriesProduceDeli & Prepared FoodsBakeryBulkDairyMeat & SeafoodGrocery
						AislesFrozenVitamins &
						Body CareBeer & WineDiscover MoreCateringBuy
					It AgainSprouts BrandsNew ItemsExclusivesPrepared Foods",,,,,303-721-1400
Lafayette,,"ExploreRecipesArticles & ResourcesLocal StoriesCommunitySaveWeekly AdDeals of the MonthMember-only EventsDigital CouponsShopDietOrganicGluten-freePlant-BasedKetoPaleoNon-GMOCategoriesProduceDeli & Prepared FoodsBakeryBulkDairyMeat & SeafoodGrocery
						AislesFrozenVitamins &
						Body CareBeer & WineDiscover MoreCateringBuy
					It AgainSprouts BrandsNew ItemsExclusivesPrepared Foods",,,,,303-664-1902
Lakewood,,"ExploreRecipesArticles & ResourcesLocal StoriesCommunitySaveWeekly AdDeals of the MonthMember-only EventsDigital CouponsShopDietOrganicGluten-freePlant-BasedKetoPaleoNon-GMOCategoriesProduceDeli & Prepared FoodsBakeryBulkDairyMeat & SeafoodGrocery
						AislesFrozenVitamins &
						Body CareBeer & WineDiscover MoreCateringBuy
					It AgainSprouts BrandsNew ItemsExclusivesPrepared Foods",,,,,303-957-9276
Littleton-Belleview,,"ExploreRecipesArticles & ResourcesLocal StoriesCommunitySaveWeekly AdDeals of the MonthMember-only EventsDigital CouponsShopDietOrganicGluten-freePlant-BasedKetoPaleoNon-GMOCategoriesProduceDeli & Prepared FoodsBakeryBulkDairyMeat & SeafoodGrocery
						AislesFrozenVitamins &
						Body CareBeer & WineDiscover MoreCateringBuy
					It AgainSprouts BrandsNew ItemsExclusivesPrepared Foods",,,,,303-879-7427
Lone Tree,,"ExploreRecipesArticles & ResourcesLocal StoriesCommunitySaveWeekly AdDeals of the MonthMember-only EventsDigital CouponsShopDietOrganicGluten-freePlant-BasedKetoPaleoNon-GMOCategoriesProduceDeli & Prepared FoodsBakeryBulkDairyMeat & SeafoodGrocery
						AislesFrozenVitamins &
						Body CareBeer & WineDiscover MoreCateringBuy
					It AgainSprouts BrandsNew ItemsExclusivesPrepared Foods",,,,,720-279-6616
Longmont,,"ExploreRecipesArticles & ResourcesLocal StoriesCommunitySaveWeekly AdDeals of the MonthMember-only EventsDigital CouponsShopDietOrganicGluten-freePlant-BasedKetoPaleoNon-GMOCategoriesProduceDeli & Prepared FoodsBakeryBulkDairyMeat & SeafoodGrocery
						AislesFrozenVitamins &
						Body CareBeer & WineDiscover MoreCateringBuy
					It AgainSprouts BrandsNew ItemsExclusivesPrepared Foods",,,,,303-834-4124
Loveland,,"ExploreRecipesArticles & ResourcesLocal StoriesCommunitySaveWeekly AdDeals of the MonthMember-only EventsDigital CouponsShopDietOrganicGluten-freePlant-BasedKetoPaleoNon-GMOCategoriesProduceDeli & Prepared FoodsBakeryBulkDairyMeat & SeafoodGrocery
						AislesFrozenVitamins &
						Body CareBeer & WineDiscover MoreCateringBuy
					It AgainSprouts BrandsNew ItemsExclusivesPrepared Foods",,,,,970-800-5607
Parker,,"ExploreRecipesArticles & ResourcesLocal StoriesCommunitySaveWeekly AdDeals of the MonthMember-only EventsDigital CouponsShopDietOrganicGluten-freePlant-BasedKetoPaleoNon-GMOCategoriesProduceDeli & Prepared FoodsBakeryBulkDairyMeat & SeafoodGrocery
						AislesFrozenVitamins &
						Body CareBeer & WineDiscover MoreCateringBuy
					It AgainSprouts BrandsNew ItemsExclusivesPrepared Foods",,,,,720-475-8684
Thornton,,"ExploreRecipesArticles & ResourcesLocal StoriesCommunitySaveWeekly AdDeals of the MonthMember-only EventsDigital CouponsShopDietOrganicGluten-freePlant-BasedKetoPaleoNon-GMOCategoriesProduceDeli & Prepared FoodsBakeryBulkDairyMeat & SeafoodGrocery
						AislesFrozenVitamins &
						Body CareBeer & WineDiscover MoreCateringBuy
					It AgainSprouts BrandsNew ItemsExclusivesPrepared Foods",,,,,303-457-3600
Westminster,,"ExploreRecipesArticles & ResourcesLocal StoriesCommunitySaveWeekly AdDeals of the MonthMember-only EventsDigital CouponsShopDietOrganicGluten-freePlant-BasedKetoPaleoNon-GMOCategoriesProduceDeli & Prepared FoodsBakeryBulkDairyMeat & SeafoodGrocery
						AislesFrozenVitamins &
						Body CareBeer & WineDiscover MoreCateringBuy
					It AgainSprouts BrandsNew ItemsExclusivesPrepared Foods",,,,,303-803-1010
Wheat Ridge,,"ExploreRecipesArticles & ResourcesLocal StoriesCommunitySaveWeekly AdDeals of the MonthMember-only EventsDigital CouponsShopDietOrganicGluten-freePlant-BasedKetoPaleoNon-GMOCategoriesProduceDeli & Prepared FoodsBakeryBulkDairyMeat & SeafoodGrocery
						AislesFrozenVitamins &
						Body CareBeer & WineDiscover MoreCateringBuy
					It AgainSprouts BrandsNew ItemsExclusivesPrepared Foods",,,,,720-305-0219
Middletown,,"ExploreRecipesArticles & ResourcesLocal StoriesCommunitySaveWeekly AdDeals of the MonthMember-only EventsDigital CouponsShopDietOrganicGluten-freePlant-BasedKetoPaleoNon-GMOCategoriesProduceDeli & Prepared FoodsBakeryBulkDairyMeat & SeafoodGrocery
						AislesFrozenVitamins &
						Body CareBeer & WineDiscover MoreCateringBuy
					It AgainSprouts BrandsNew ItemsExclusivesPrepared Foods",,,,,302-534-0044
Wilmington,,"ExploreRecipesArticles & ResourcesLocal StoriesCommunitySaveWeekly AdDeals of the MonthMember-only EventsDigital CouponsShopDietOrganicGluten-freePlant-BasedKetoPaleoNon-GMOCategoriesProduceDeli & Prepared FoodsBakeryBulkDairyMeat & SeafoodGrocery
						AislesFrozenVitamins &
						Body CareBeer & WineDiscover MoreCateringBuy
					It AgainSprouts BrandsNew ItemsExclusivesPrepared Foods",,,,,302-467-2344
Apopka,,"ExploreRecipesArticles & ResourcesLocal StoriesCommunitySaveWeekly AdDeals of the MonthMember-only EventsDigital CouponsShopDietOrganicGluten-freePlant-BasedKetoPaleoNon-GMOCategoriesProduceDeli & Prepared FoodsBakeryBulkDairyMeat & SeafoodGrocery
						AislesFrozenVitamins &
						Body CareBeer & WineDiscover MoreCateringBuy
					It AgainSprouts BrandsNew ItemsExclusivesPrepared Foods",,,,,689-336-2070
West Boca,,"ExploreRecipesArticles & ResourcesLocal StoriesCommunitySaveWeekly AdDeals of the MonthMember-only EventsDigital CouponsShopDietOrganicGluten-freePlant-BasedKetoPaleoNon-GMOCategoriesProduceDeli & Prepared FoodsBakeryBulkDairyMeat & SeafoodGrocery
						AislesFrozenVitamins &
						Body CareBeer & WineDiscover MoreCateringBuy
					It AgainSprouts BrandsNew ItemsExclusivesPrepared Foods",,,,,561-880-9105
Boynton Beach,,"ExploreRecipesArticles & ResourcesLocal StoriesCommunitySaveWeekly AdDeals of the MonthMember-only EventsDigital CouponsShopDietOrganicGluten-freePlant-BasedKetoPaleoNon-GMOCategoriesProduceDeli & Prepared FoodsBakeryBulkDairyMeat & SeafoodGrocery
						AislesFrozenVitamins &
						Body CareBeer & WineDiscover MoreCateringBuy
					It AgainSprouts BrandsNew ItemsExclusivesPrepared Foods",,,,,561-739-1834
East Boynton Beach,,"ExploreRecipesArticles & ResourcesLocal StoriesCommunitySaveWeekly AdDeals of the MonthMember-only EventsDigital CouponsShopDietOrganicGluten-freePlant-BasedKetoPaleoNon-GMOCategoriesProduceDeli & Prepared FoodsBakeryBulkDairyMeat & SeafoodGrocery
						AislesFrozenVitamins &
						Body CareBeer & WineDiscover MoreCateringBuy
					It AgainSprouts BrandsNew ItemsExclusivesPrepared Foods",,,,,561-916-1066
Bradenton,,"ExploreRecipesArticles & ResourcesLocal StoriesCommunitySaveWeekly AdDeals of the MonthMember-only EventsDigital CouponsShopDietOrganicGluten-freePlant-BasedKetoPaleoNon-GMOCategoriesProduceDeli & Prepared FoodsBakeryBulkDairyMeat & SeafoodGrocery
						AislesFrozenVitamins &
						Body CareBeer & WineDiscover MoreCateringBuy
					It AgainSprouts BrandsNew ItemsExclusivesPrepared Foods",,,,,941-297-2359
Brandon,,"ExploreRecipesArticles & ResourcesLocal StoriesCommunitySaveWeekly AdDeals of the MonthMember-only EventsDigital CouponsShopDietOrganicGluten-freePlant-BasedKetoPaleoNon-GMOCategoriesProduceDeli & Prepared FoodsBakeryBulkDairyMeat & SeafoodGrocery
						AislesFrozenVitamins &
						Body CareBeer & WineDiscover MoreCateringBuy
					It AgainSprouts BrandsNew ItemsExclusivesPrepared Foods",,,,,813-725-1220
Brooksville-Spring Hill,,"ExploreRecipesArticles & ResourcesLocal StoriesCommunitySaveWeekly AdDeals of the MonthMember-only EventsDigital CouponsShopDietOrganicGluten-freePlant-BasedKetoPaleoNon-GMOCategoriesProduceDeli & Prepared FoodsBakeryBulkDairyMeat & SeafoodGrocery
						AislesFrozenVitamins &
						Body CareBeer & WineDiscover MoreCateringBuy
					It AgainSprouts BrandsNew ItemsExclusivesPrepared Foods",,,,,352-675-4258
Cape Coral,,"ExploreRecipesArticles & ResourcesLocal StoriesCommunitySaveWeekly AdDeals of the MonthMember-only EventsDigital CouponsShopDietOrganicGluten-freePlant-BasedKetoPaleoNon-GMOCategoriesProduceDeli & Prepared FoodsBakeryBulkDairyMeat & SeafoodGrocery
						AislesFrozenVitamins &
						Body CareBeer & WineDiscover MoreCateringBuy
					It AgainSprouts BrandsNew ItemsExclusivesPrepared Foods",,,,,239-392-1396
Clearwater,,"ExploreRecipesArticles & ResourcesLocal StoriesCommunitySaveWeekly AdDeals of the MonthMember-only EventsDigital CouponsShopDietOrganicGluten-freePlant-BasedKetoPaleoNon-GMOCategoriesProduceDeli & Prepared FoodsBakeryBulkDairyMeat & SeafoodGrocery
						AislesFrozenVitamins &
						Body CareBeer & WineDiscover MoreCateringBuy
					It AgainSprouts BrandsNew ItemsExclusivesPrepared Foods",,,,,727-437-1455
Clermont,,"ExploreRecipesArticles & ResourcesLocal StoriesCommunitySaveWeekly AdDeals of the MonthMember-only EventsDigital CouponsShopDietOrganicGluten-freePlant-BasedKetoPaleoNon-GMOCategoriesProduceDeli & Prepared FoodsBakeryBulkDairyMeat & SeafoodGrocery
						AislesFrozenVitamins &
						Body CareBeer & WineDiscover MoreCateringBuy
					It AgainSprouts BrandsNew ItemsExclusivesPrepared Foods",,,,,352-655-6249
Coconut Creek,,"ExploreRecipesArticles & ResourcesLocal StoriesCommunitySaveWeekly AdDeals of the MonthMember-only EventsDigital CouponsShopDietOrganicGluten-freePlant-BasedKetoPaleoNon-GMOCategoriesProduceDeli & Prepared FoodsBakeryBulkDairyMeat & SeafoodGrocery
						AislesFrozenVitamins &
						Body CareBeer & WineDiscover MoreCateringBuy
					It AgainSprouts BrandsNew ItemsExclusivesPrepared Foods",,,,,754-432-2050
Miami-Coconut Grove,,"ExploreRecipesArticles & ResourcesLocal StoriesCommunitySaveWeekly AdDeals of the MonthMember-only EventsDigital CouponsShopDietOrganicGluten-freePlant-BasedKetoPaleoNon-GMOCategoriesProduceDeli & Prepared FoodsBakeryBulkDairyMeat & SeafoodGrocery
						AislesFrozenVitamins &
						Body CareBeer & WineDiscover MoreCateringBuy
					It AgainSprouts BrandsNew ItemsExclusivesPrepared Foods",,,,,561-765-2216
Dania Beach,,"ExploreRecipesArticles & ResourcesLocal StoriesCommunitySaveWeekly AdDeals of the MonthMember-only EventsDigital CouponsShopDietOrganicGluten-freePlant-BasedKetoPaleoNon-GMOCategoriesProduceDeli & Prepared FoodsBakeryBulkDairyMeat & SeafoodGrocery
						AislesFrozenVitamins &
						Body CareBeer & WineDiscover MoreCateringBuy
					It AgainSprouts BrandsNew ItemsExclusivesPrepared Foods",,,,,954-715-3376
Daytona Beach,,"ExploreRecipesArticles & ResourcesLocal StoriesCommunitySaveWeekly AdDeals of the MonthMember-only EventsDigital CouponsShopDietOrganicGluten-freePlant-BasedKetoPaleoNon-GMOCategoriesProduceDeli & Prepared FoodsBakeryBulkDairyMeat & SeafoodGrocery
						AislesFrozenVitamins &
						Body CareBeer & WineDiscover MoreCateringBuy
					It AgainSprouts BrandsNew ItemsExclusivesPrepared Foods",,,,,386-220-9714
Deerfield Beach,,"ExploreRecipesArticles & ResourcesLocal StoriesCommunitySaveWeekly AdDeals of the MonthMember-only EventsDigital CouponsShopDietOrganicGluten-freePlant-BasedKetoPaleoNon-GMOCategoriesProduceDeli & Prepared FoodsBakeryBulkDairyMeat & SeafoodGrocery
						AislesFrozenVitamins &
						Body CareBeer & WineDiscover MoreCateringBuy
					It AgainSprouts BrandsNew ItemsExclusivesPrepared Foods",,,,,954-363-2070
West Deerfield Beach,,"ExploreRecipesArticles & ResourcesLocal StoriesCommunitySaveWeekly AdDeals of the MonthMember-only EventsDigital CouponsShopDietOrganicGluten-freePlant-BasedKetoPaleoNon-GMOCategoriesProduceDeli & Prepared FoodsBakeryBulkDairyMeat & SeafoodGrocery
						AislesFrozenVitamins &
						Body CareBeer & WineDiscover MoreCateringBuy
					It AgainSprouts BrandsNew ItemsExclusivesPrepared Foods",,,,,754-346-6322
Delray Beach,,"ExploreRecipesArticles & ResourcesLocal StoriesCommunitySaveWeekly AdDeals of the MonthMember-only EventsDigital CouponsShopDietOrganicGluten-freePlant-BasedKetoPaleoNon-GMOCategoriesProduceDeli & Prepared FoodsBakeryBulkDairyMeat & SeafoodGrocery
						AislesFrozenVitamins &
						Body CareBeer & WineDiscover MoreCateringBuy
					It AgainSprouts BrandsNew ItemsExclusivesPrepared Foods",,,,,561-654-2692
Estero,,"ExploreRecipesArticles & ResourcesLocal StoriesCommunitySaveWeekly AdDeals of the MonthMember-only EventsDigital CouponsShopDietOrganicGluten-freePlant-BasedKetoPaleoNon-GMOCategoriesProduceDeli & Prepared FoodsBakeryBulkDairyMeat & SeafoodGrocery
						AislesFrozenVitamins &
						Body CareBeer & WineDiscover MoreCateringBuy
					It AgainSprouts BrandsNew ItemsExclusivesPrepared Foods",,,,,239-306-5384
Fort Myers,,"ExploreRecipesArticles & ResourcesLocal StoriesCommunitySaveWeekly AdDeals of the MonthMember-only EventsDigital CouponsShopDietOrganicGluten-freePlant-BasedKetoPaleoNon-GMOCategoriesProduceDeli & Prepared FoodsBakeryBulkDairyMeat & SeafoodGrocery
						AislesFrozenVitamins &
						Body CareBeer & WineDiscover MoreCateringBuy
					It AgainSprouts BrandsNew ItemsExclusivesPrepared Foods",,,,,239-396-5883
Homestead,,"ExploreRecipesArticles & ResourcesLocal StoriesCommunitySaveWeekly AdDeals of the MonthMember-only EventsDigital CouponsShopDietOrganicGluten-freePlant-BasedKetoPaleoNon-GMOCategoriesProduceDeli & Prepared FoodsBakeryBulkDairyMeat & SeafoodGrocery
						AislesFrozenVitamins &
						Body CareBeer & WineDiscover MoreCateringBuy
					It AgainSprouts BrandsNew ItemsExclusivesPrepared Foods",,,,,754-764-7247
Jacksonville – Beach Blvd.,,"ExploreRecipesArticles & ResourcesLocal StoriesCommunitySaveWeekly AdDeals of the MonthMember-only EventsDigital CouponsShopDietOrganicGluten-freePlant-BasedKetoPaleoNon-GMOCategoriesProduceDeli & Prepared FoodsBakeryBulkDairyMeat & SeafoodGrocery
						AislesFrozenVitamins &
						Body CareBeer & WineDiscover MoreCateringBuy
					It AgainSprouts BrandsNew ItemsExclusivesPrepared Foods",,,,,904-539-8317
Jacksonville,,"ExploreRecipesArticles & ResourcesLocal StoriesCommunitySaveWeekly AdDeals of the MonthMember-only EventsDigital CouponsShopDietOrganicGluten-freePlant-BasedKetoPaleoNon-GMOCategoriesProduceDeli & Prepared FoodsBakeryBulkDairyMeat & SeafoodGrocery
						AislesFrozenVitamins &
						Body CareBeer & WineDiscover MoreCateringBuy
					It AgainSprouts BrandsNew ItemsExclusivesPrepared Foods",,,,,904-438-7840
Jupiter,,"ExploreRecipesArticles & ResourcesLocal StoriesCommunitySaveWeekly AdDeals of the MonthMember-only EventsDigital CouponsShopDietOrganicGluten-freePlant-BasedKetoPaleoNon-GMOCategoriesProduceDeli & Prepared FoodsBakeryBulkDairyMeat & SeafoodGrocery
						AislesFrozenVitamins &
						Body CareBeer & WineDiscover MoreCateringBuy
					It AgainSprouts BrandsNew ItemsExclusivesPrepared Foods",,,,,561-658-4062
Kenneth City,,"ExploreRecipesArticles & ResourcesLocal StoriesCommunitySaveWeekly AdDeals of the MonthMember-only EventsDigital CouponsShopDietOrganicGluten-freePlant-BasedKetoPaleoNon-GMOCategoriesProduceDeli & Prepared FoodsBakeryBulkDairyMeat & SeafoodGrocery
						AislesFrozenVitamins &
						Body CareBeer & WineDiscover MoreCateringBuy
					It AgainSprouts BrandsNew ItemsExclusivesPrepared Foods",,,,,727-620-6030
Poinciana,,"ExploreRecipesArticles & ResourcesLocal StoriesCommunitySaveWeekly AdDeals of the MonthMember-only EventsDigital CouponsShopDietOrganicGluten-freePlant-BasedKetoPaleoNon-GMOCategoriesProduceDeli & Prepared FoodsBakeryBulkDairyMeat & SeafoodGrocery
						AislesFrozenVitamins &
						Body CareBeer & WineDiscover MoreCateringBuy
					It AgainSprouts BrandsNew ItemsExclusivesPrepared Foods",,,,,321-641-5163
Lake Nona,,"ExploreRecipesArticles & ResourcesLocal StoriesCommunitySaveWeekly AdDeals of the MonthMember-only EventsDigital CouponsShopDietOrganicGluten-freePlant-BasedKetoPaleoNon-GMOCategoriesProduceDeli & Prepared FoodsBakeryBulkDairyMeat & SeafoodGrocery
						AislesFrozenVitamins &
						Body CareBeer & WineDiscover MoreCateringBuy
					It AgainSprouts BrandsNew ItemsExclusivesPrepared Foods",,,,,
Largo,,"ExploreRecipesArticles & ResourcesLocal StoriesCommunitySaveWeekly AdDeals of the MonthMember-only EventsDigital CouponsShopDietOrganicGluten-freePlant-BasedKetoPaleoNon-GMOCategoriesProduceDeli & Prepared FoodsBakeryBulkDairyMeat & SeafoodGrocery
						AislesFrozenVitamins &
						Body CareBeer & WineDiscover MoreCateringBuy
					It AgainSprouts BrandsNew ItemsExclusivesPrepared Foods",,,,,727-476-6440
Lecanto,,"ExploreRecipesArticles & ResourcesLocal StoriesCommunitySaveWeekly AdDeals of the MonthMember-only EventsDigital CouponsShopDietOrganicGluten-freePlant-BasedKetoPaleoNon-GMOCategoriesProduceDeli & Prepared FoodsBakeryBulkDairyMeat & SeafoodGrocery
						AislesFrozenVitamins &
						Body CareBeer & WineDiscover MoreCateringBuy
					It AgainSprouts BrandsNew ItemsExclusivesPrepared Foods",,,,,
Lutz,,"ExploreRecipesArticles & ResourcesLocal StoriesCommunitySaveWeekly AdDeals of the MonthMember-only EventsDigital CouponsShopDietOrganicGluten-freePlant-BasedKetoPaleoNon-GMOCategoriesProduceDeli & Prepared FoodsBakeryBulkDairyMeat & SeafoodGrocery
						AislesFrozenVitamins &
						Body CareBeer & WineDiscover MoreCateringBuy
					It AgainSprouts BrandsNew ItemsExclusivesPrepared Foods",,,,,656-444-1357
Melbourne-Wickham,,"ExploreRecipesArticles & ResourcesLocal StoriesCommunitySaveWeekly AdDeals of the MonthMember-only EventsDigital CouponsShopDietOrganicGluten-freePlant-BasedKetoPaleoNon-GMOCategoriesProduceDeli & Prepared FoodsBakeryBulkDairyMeat & SeafoodGrocery
						AislesFrozenVitamins &
						Body CareBeer & WineDiscover MoreCateringBuy
					It AgainSprouts BrandsNew ItemsExclusivesPrepared Foods",,,,,321-265-4181
Miami – West Kendall,,"ExploreRecipesArticles & ResourcesLocal StoriesCommunitySaveWeekly AdDeals of the MonthMember-only EventsDigital CouponsShopDietOrganicGluten-freePlant-BasedKetoPaleoNon-GMOCategoriesProduceDeli & Prepared FoodsBakeryBulkDairyMeat & SeafoodGrocery
						AislesFrozenVitamins &
						Body CareBeer & WineDiscover MoreCateringBuy
					It AgainSprouts BrandsNew ItemsExclusivesPrepared Foods",,,,,786-798-7074
Miramar,,"ExploreRecipesArticles & ResourcesLocal StoriesCommunitySaveWeekly AdDeals of the MonthMember-only EventsDigital CouponsShopDietOrganicGluten-freePlant-BasedKetoPaleoNon-GMOCategoriesProduceDeli & Prepared FoodsBakeryBulkDairyMeat & SeafoodGrocery
						AislesFrozenVitamins &
						Body CareBeer & WineDiscover MoreCateringBuy
					It AgainSprouts BrandsNew ItemsExclusivesPrepared Foods",,,,,754-799-8177
Naples,,"ExploreRecipesArticles & ResourcesLocal StoriesCommunitySaveWeekly AdDeals of the MonthMember-only EventsDigital CouponsShopDietOrganicGluten-freePlant-BasedKetoPaleoNon-GMOCategoriesProduceDeli & Prepared FoodsBakeryBulkDairyMeat & SeafoodGrocery
						AislesFrozenVitamins &
						Body CareBeer & WineDiscover MoreCateringBuy
					It AgainSprouts BrandsNew ItemsExclusivesPrepared Foods",,,,,239-325-6950
Naples-Airport Pulling Rd.,,"ExploreRecipesArticles & ResourcesLocal StoriesCommunitySaveWeekly AdDeals of the MonthMember-only EventsDigital CouponsShopDietOrganicGluten-freePlant-BasedKetoPaleoNon-GMOCategoriesProduceDeli & Prepared FoodsBakeryBulkDairyMeat & SeafoodGrocery
						AislesFrozenVitamins &
						Body CareBeer & WineDiscover MoreCateringBuy
					It AgainSprouts BrandsNew ItemsExclusivesPrepared Foods",,,,,
Trinity,,"ExploreRecipesArticles & ResourcesLocal StoriesCommunitySaveWeekly AdDeals of the MonthMember-only EventsDigital CouponsShopDietOrganicGluten-freePlant-BasedKetoPaleoNon-GMOCategoriesProduceDeli & Prepared FoodsBakeryBulkDairyMeat & SeafoodGrocery
						AislesFrozenVitamins &
						Body CareBeer & WineDiscover MoreCateringBuy
					It AgainSprouts BrandsNew ItemsExclusivesPrepared Foods",,,,,727-807-2200
New Tampa,,"ExploreRecipesArticles & ResourcesLocal StoriesCommunitySaveWeekly AdDeals of the MonthMember-only EventsDigital CouponsShopDietOrganicGluten-freePlant-BasedKetoPaleoNon-GMOCategoriesProduceDeli & Prepared FoodsBakeryBulkDairyMeat & SeafoodGrocery
						AislesFrozenVitamins &
						Body CareBeer & WineDiscover MoreCateringBuy
					It AgainSprouts BrandsNew ItemsExclusivesPrepared Foods",,,,,813-683-8072
Oakland Park,,"ExploreRecipesArticles & ResourcesLocal StoriesCommunitySaveWeekly AdDeals of the MonthMember-only EventsDigital CouponsShopDietOrganicGluten-freePlant-BasedKetoPaleoNon-GMOCategoriesProduceDeli & Prepared FoodsBakeryBulkDairyMeat & SeafoodGrocery
						AislesFrozenVitamins &
						Body CareBeer & WineDiscover MoreCateringBuy
					It AgainSprouts BrandsNew ItemsExclusivesPrepared Foods",,,,,561-894-0789
Ocala,,"ExploreRecipesArticles & ResourcesLocal StoriesCommunitySaveWeekly AdDeals of the MonthMember-only EventsDigital CouponsShopDietOrganicGluten-freePlant-BasedKetoPaleoNon-GMOCategoriesProduceDeli & Prepared FoodsBakeryBulkDairyMeat & SeafoodGrocery
						AislesFrozenVitamins &
						Body CareBeer & WineDiscover MoreCateringBuy
					It AgainSprouts BrandsNew ItemsExclusivesPrepared Foods",,,,,352-830-1087
Orlando – Colonial Plaza,,"ExploreRecipesArticles & ResourcesLocal StoriesCommunitySaveWeekly AdDeals of the MonthMember-only EventsDigital CouponsShopDietOrganicGluten-freePlant-BasedKetoPaleoNon-GMOCategoriesProduceDeli & Prepared FoodsBakeryBulkDairyMeat & SeafoodGrocery
						AislesFrozenVitamins &
						Body CareBeer & WineDiscover MoreCateringBuy
					It AgainSprouts BrandsNew ItemsExclusivesPrepared Foods",,,,,689-219-8967
Orlando – Dr. Phillips,,"ExploreRecipesArticles & ResourcesLocal StoriesCommunitySaveWeekly AdDeals of the MonthMember-only EventsDigital CouponsShopDietOrganicGluten-freePlant-BasedKetoPaleoNon-GMOCategoriesProduceDeli & Prepared FoodsBakeryBulkDairyMeat & SeafoodGrocery
						AislesFrozenVitamins &
						Body CareBeer & WineDiscover MoreCateringBuy
					It AgainSprouts BrandsNew ItemsExclusivesPrepared Foods",,,,,321-340-2023
Orlando-Waterford Lakes Village,,"ExploreRecipesArticles & ResourcesLocal StoriesCommunitySaveWeekly AdDeals of the MonthMember-only EventsDigital CouponsShopDietOrganicGluten-freePlant-BasedKetoPaleoNon-GMOCategoriesProduceDeli & Prepared FoodsBakeryBulkDairyMeat & SeafoodGrocery
						AislesFrozenVitamins &
						Body CareBeer & WineDiscover MoreCateringBuy
					It AgainSprouts BrandsNew ItemsExclusivesPrepared Foods",,,,,689-303-4690
Oviedo,,"ExploreRecipesArticles & ResourcesLocal StoriesCommunitySaveWeekly AdDeals of the MonthMember-only EventsDigital CouponsShopDietOrganicGluten-freePlant-BasedKetoPaleoNon-GMOCategoriesProduceDeli & Prepared FoodsBakeryBulkDairyMeat & SeafoodGrocery
						AislesFrozenVitamins &
						Body CareBeer & WineDiscover MoreCateringBuy
					It AgainSprouts BrandsNew ItemsExclusivesPrepared Foods",,,,,407-542-6070
Palm Harbor,,"ExploreRecipesArticles & ResourcesLocal StoriesCommunitySaveWeekly AdDeals of the MonthMember-only EventsDigital CouponsShopDietOrganicGluten-freePlant-BasedKetoPaleoNon-GMOCategoriesProduceDeli & Prepared FoodsBakeryBulkDairyMeat & SeafoodGrocery
						AislesFrozenVitamins &
						Body CareBeer & WineDiscover MoreCateringBuy
					It AgainSprouts BrandsNew ItemsExclusivesPrepared Foods",,,,,727-437-3824
Port Charlotte,,"ExploreRecipesArticles & ResourcesLocal StoriesCommunitySaveWeekly AdDeals of the MonthMember-only EventsDigital CouponsShopDietOrganicGluten-freePlant-BasedKetoPaleoNon-GMOCategoriesProduceDeli & Prepared FoodsBakeryBulkDairyMeat & SeafoodGrocery
						AislesFrozenVitamins &
						Body CareBeer & WineDiscover MoreCateringBuy
					It AgainSprouts BrandsNew ItemsExclusivesPrepared Foods",,,,,941-699-2501
Port St. Lucie,,"ExploreRecipesArticles & ResourcesLocal StoriesCommunitySaveWeekly AdDeals of the MonthMember-only EventsDigital CouponsShopDietOrganicGluten-freePlant-BasedKetoPaleoNon-GMOCategoriesProduceDeli & Prepared FoodsBakeryBulkDairyMeat & SeafoodGrocery
						AislesFrozenVitamins &
						Body CareBeer & WineDiscover MoreCateringBuy
					It AgainSprouts BrandsNew ItemsExclusivesPrepared Foods",,,,,772-310-5465
Riverview,,"ExploreRecipesArticles & ResourcesLocal StoriesCommunitySaveWeekly AdDeals of the MonthMember-only EventsDigital CouponsShopDietOrganicGluten-freePlant-BasedKetoPaleoNon-GMOCategoriesProduceDeli & Prepared FoodsBakeryBulkDairyMeat & SeafoodGrocery
						AislesFrozenVitamins &
						Body CareBeer & WineDiscover MoreCateringBuy
					It AgainSprouts BrandsNew ItemsExclusivesPrepared Foods",,,,,813-284-3440
Sarasota-Downtown,,"ExploreRecipesArticles & ResourcesLocal StoriesCommunitySaveWeekly AdDeals of the MonthMember-only EventsDigital CouponsShopDietOrganicGluten-freePlant-BasedKetoPaleoNon-GMOCategoriesProduceDeli & Prepared FoodsBakeryBulkDairyMeat & SeafoodGrocery
						AislesFrozenVitamins &
						Body CareBeer & WineDiscover MoreCateringBuy
					It AgainSprouts BrandsNew ItemsExclusivesPrepared Foods",,,,,941-278-4790
South Sarasota,,"ExploreRecipesArticles & ResourcesLocal StoriesCommunitySaveWeekly AdDeals of the MonthMember-only EventsDigital CouponsShopDietOrganicGluten-freePlant-BasedKetoPaleoNon-GMOCategoriesProduceDeli & Prepared FoodsBakeryBulkDairyMeat & SeafoodGrocery
						AislesFrozenVitamins &
						Body CareBeer & WineDiscover MoreCateringBuy
					It AgainSprouts BrandsNew ItemsExclusivesPrepared Foods",,,,,941-218-8119
Seminole,,"ExploreRecipesArticles & ResourcesLocal StoriesCommunitySaveWeekly AdDeals of the MonthMember-only EventsDigital CouponsShopDietOrganicGluten-freePlant-BasedKetoPaleoNon-GMOCategoriesProduceDeli & Prepared FoodsBakeryBulkDairyMeat & SeafoodGrocery
						AislesFrozenVitamins &
						Body CareBeer & WineDiscover MoreCateringBuy
					It AgainSprouts BrandsNew ItemsExclusivesPrepared Foods",,,,,727-655-9055
St. Johns,,"ExploreRecipesArticles & ResourcesLocal StoriesCommunitySaveWeekly AdDeals of the MonthMember-only EventsDigital CouponsShopDietOrganicGluten-freePlant-BasedKetoPaleoNon-GMOCategoriesProduceDeli & Prepared FoodsBakeryBulkDairyMeat & SeafoodGrocery
						AislesFrozenVitamins &
						Body CareBeer & WineDiscover MoreCateringBuy
					It AgainSprouts BrandsNew ItemsExclusivesPrepared Foods",,,,,904-921-4688
St. Petersburg,,"ExploreRecipesArticles & ResourcesLocal StoriesCommunitySaveWeekly AdDeals of the MonthMember-only EventsDigital CouponsShopDietOrganicGluten-freePlant-BasedKetoPaleoNon-GMOCategoriesProduceDeli & Prepared FoodsBakeryBulkDairyMeat & SeafoodGrocery
						AislesFrozenVitamins &
						Body CareBeer & WineDiscover MoreCateringBuy
					It AgainSprouts BrandsNew ItemsExclusivesPrepared Foods",,,,,
Stuart,,"ExploreRecipesArticles & ResourcesLocal StoriesCommunitySaveWeekly AdDeals of the MonthMember-only EventsDigital CouponsShopDietOrganicGluten-freePlant-BasedKetoPaleoNon-GMOCategoriesProduceDeli & Prepared FoodsBakeryBulkDairyMeat & SeafoodGrocery
						AislesFrozenVitamins &
						Body CareBeer & WineDiscover MoreCateringBuy
					It AgainSprouts BrandsNew ItemsExclusivesPrepared Foods",,,,,772-272-9698
Tampa Heights,,"ExploreRecipesArticles & ResourcesLocal StoriesCommunitySaveWeekly AdDeals of the MonthMember-only EventsDigital CouponsShopDietOrganicGluten-freePlant-BasedKetoPaleoNon-GMOCategoriesProduceDeli & Prepared FoodsBakeryBulkDairyMeat & SeafoodGrocery
						AislesFrozenVitamins &
						Body CareBeer & WineDiscover MoreCateringBuy
					It AgainSprouts BrandsNew ItemsExclusivesPrepared Foods",,,,,813-807-3146
Tampa – Carrollwood,,"ExploreRecipesArticles & ResourcesLocal StoriesCommunitySaveWeekly AdDeals of the MonthMember-only EventsDigital CouponsShopDietOrganicGluten-freePlant-BasedKetoPaleoNon-GMOCategoriesProduceDeli & Prepared FoodsBakeryBulkDairyMeat & SeafoodGrocery
						AislesFrozenVitamins &
						Body CareBeer & WineDiscover MoreCateringBuy
					It AgainSprouts BrandsNew ItemsExclusivesPrepared Foods",,,,,813-619-4000
Tampa-Uptown,,"ExploreRecipesArticles & ResourcesLocal StoriesCommunitySaveWeekly AdDeals of the MonthMember-only EventsDigital CouponsShopDietOrganicGluten-freePlant-BasedKetoPaleoNon-GMOCategoriesProduceDeli & Prepared FoodsBakeryBulkDairyMeat & SeafoodGrocery
						AislesFrozenVitamins &
						Body CareBeer & WineDiscover MoreCateringBuy
					It AgainSprouts BrandsNew ItemsExclusivesPrepared Foods",,,,,813-771-9936
South Tampa,,"ExploreRecipesArticles & ResourcesLocal StoriesCommunitySaveWeekly AdDeals of the MonthMember-only EventsDigital CouponsShopDietOrganicGluten-freePlant-BasedKetoPaleoNon-GMOCategoriesProduceDeli & Prepared FoodsBakeryBulkDairyMeat & SeafoodGrocery
						AislesFrozenVitamins &
						Body CareBeer & WineDiscover MoreCateringBuy
					It AgainSprouts BrandsNew ItemsExclusivesPrepared Foods",,,,,813-466-3390
Tampa – Westchase,,"ExploreRecipesArticles & ResourcesLocal StoriesCommunitySaveWeekly AdDeals of the MonthMember-only EventsDigital CouponsShopDietOrganicGluten-freePlant-BasedKetoPaleoNon-GMOCategoriesProduceDeli & Prepared FoodsBakeryBulkDairyMeat & SeafoodGrocery
						AislesFrozenVitamins &
						Body CareBeer & WineDiscover MoreCateringBuy
					It AgainSprouts BrandsNew ItemsExclusivesPrepared Foods",,,,,772-348-2150
The Villages,,"ExploreRecipesArticles & ResourcesLocal StoriesCommunitySaveWeekly AdDeals of the MonthMember-only EventsDigital CouponsShopDietOrganicGluten-freePlant-BasedKetoPaleoNon-GMOCategoriesProduceDeli & Prepared FoodsBakeryBulkDairyMeat & SeafoodGrocery
						AislesFrozenVitamins &
						Body CareBeer & WineDiscover MoreCateringBuy
					It AgainSprouts BrandsNew ItemsExclusivesPrepared Foods",,,,,352-706-2925
Valrico,,"ExploreRecipesArticles & ResourcesLocal StoriesCommunitySaveWeekly AdDeals of the MonthMember-only EventsDigital CouponsShopDietOrganicGluten-freePlant-BasedKetoPaleoNon-GMOCategoriesProduceDeli & Prepared FoodsBakeryBulkDairyMeat & SeafoodGrocery
						AislesFrozenVitamins &
						Body CareBeer & WineDiscover MoreCateringBuy
					It AgainSprouts BrandsNew ItemsExclusivesPrepared Foods",,,,,813-603-9630
Venice,,"ExploreRecipesArticles & ResourcesLocal StoriesCommunitySaveWeekly AdDeals of the MonthMember-only EventsDigital CouponsShopDietOrganicGluten-freePlant-BasedKetoPaleoNon-GMOCategoriesProduceDeli & Prepared FoodsBakeryBulkDairyMeat & SeafoodGrocery
						AislesFrozenVitamins &
						Body CareBeer & WineDiscover MoreCateringBuy
					It AgainSprouts BrandsNew ItemsExclusivesPrepared Foods",,,,,
West Melbourne-Palm Bay,,"ExploreRecipesArticles & ResourcesLocal StoriesCommunitySaveWeekly AdDeals of the MonthMember-only EventsDigital CouponsShopDietOrganicGluten-freePlant-BasedKetoPaleoNon-GMOCategoriesProduceDeli & Prepared FoodsBakeryBulkDairyMeat & SeafoodGrocery
						AislesFrozenVitamins &
						Body CareBeer & WineDiscover MoreCateringBuy
					It AgainSprouts BrandsNew ItemsExclusivesPrepared Foods",,,,,321-462-3184
West Palm Beach,,"ExploreRecipesArticles & ResourcesLocal StoriesCommunitySaveWeekly AdDeals of the MonthMember-only EventsDigital CouponsShopDietOrganicGluten-freePlant-BasedKetoPaleoNon-GMOCategoriesProduceDeli & Prepared FoodsBakeryBulkDairyMeat & SeafoodGrocery
						AislesFrozenVitamins &
						Body CareBeer & WineDiscover MoreCateringBuy
					It AgainSprouts BrandsNew ItemsExclusivesPrepared Foods",,,,,561-835-5418
Winter Park,,"ExploreRecipesArticles & ResourcesLocal StoriesCommunitySaveWeekly AdDeals of the MonthMember-only EventsDigital CouponsShopDietOrganicGluten-freePlant-BasedKetoPaleoNon-GMOCategoriesProduceDeli & Prepared FoodsBakeryBulkDairyMeat & SeafoodGrocery
						AislesFrozenVitamins &
						Body CareBeer & WineDiscover MoreCateringBuy
					It AgainSprouts BrandsNew ItemsExclusivesPrepared Foods",,,,,407-702-1212
Buford – I-85 & Hwy. 20,,"ExploreRecipesArticles & ResourcesLocal StoriesCommunitySaveWeekly AdDeals of the MonthMember-only EventsDigital CouponsShopDietOrganicGluten-freePlant-BasedKetoPaleoNon-GMOCategoriesProduceDeli & Prepared FoodsBakeryBulkDairyMeat & SeafoodGrocery
						AislesFrozenVitamins &
						Body CareBeer & WineDiscover MoreCateringBuy
					It AgainSprouts BrandsNew ItemsExclusivesPrepared Foods",,,,,470-600-6528
Atlanta – Morningside,,"ExploreRecipesArticles & ResourcesLocal StoriesCommunitySaveWeekly AdDeals of the MonthMember-only EventsDigital CouponsShopDietOrganicGluten-freePlant-BasedKetoPaleoNon-GMOCategoriesProduceDeli & Prepared FoodsBakeryBulkDairyMeat & SeafoodGrocery
						AislesFrozenVitamins &
						Body CareBeer & WineDiscover MoreCateringBuy
					It AgainSprouts BrandsNew ItemsExclusivesPrepared Foods",,,,,404-751-0605
Augusta,,"ExploreRecipesArticles & ResourcesLocal StoriesCommunitySaveWeekly AdDeals of the MonthMember-only EventsDigital CouponsShopDietOrganicGluten-freePlant-BasedKetoPaleoNon-GMOCategoriesProduceDeli & Prepared FoodsBakeryBulkDairyMeat & SeafoodGrocery
						AislesFrozenVitamins &
						Body CareBeer & WineDiscover MoreCateringBuy
					It AgainSprouts BrandsNew ItemsExclusivesPrepared Foods",,,,,706-993-9150
Cumming,,"ExploreRecipesArticles & ResourcesLocal StoriesCommunitySaveWeekly AdDeals of the MonthMember-only EventsDigital CouponsShopDietOrganicGluten-freePlant-BasedKetoPaleoNon-GMOCategoriesProduceDeli & Prepared FoodsBakeryBulkDairyMeat & SeafoodGrocery
						AislesFrozenVitamins &
						Body CareBeer & WineDiscover MoreCateringBuy
					It AgainSprouts BrandsNew ItemsExclusivesPrepared Foods",,,,,470-505-2000
Decatur,,"ExploreRecipesArticles & ResourcesLocal StoriesCommunitySaveWeekly AdDeals of the MonthMember-only EventsDigital CouponsShopDietOrganicGluten-freePlant-BasedKetoPaleoNon-GMOCategoriesProduceDeli & Prepared FoodsBakeryBulkDairyMeat & SeafoodGrocery
						AislesFrozenVitamins &
						Body CareBeer & WineDiscover MoreCateringBuy
					It AgainSprouts BrandsNew ItemsExclusivesPrepared Foods",,,,,404-965-6290
Snellville,,"ExploreRecipesArticles & ResourcesLocal StoriesCommunitySaveWeekly AdDeals of the MonthMember-only EventsDigital CouponsShopDietOrganicGluten-freePlant-BasedKetoPaleoNon-GMOCategoriesProduceDeli & Prepared FoodsBakeryBulkDairyMeat & SeafoodGrocery
						AislesFrozenVitamins &
						Body CareBeer & WineDiscover MoreCateringBuy
					It AgainSprouts BrandsNew ItemsExclusivesPrepared Foods",,,,,678-690-1279
East Cobb,,"ExploreRecipesArticles & ResourcesLocal StoriesCommunitySaveWeekly AdDeals of the MonthMember-only EventsDigital CouponsShopDietOrganicGluten-freePlant-BasedKetoPaleoNon-GMOCategoriesProduceDeli & Prepared FoodsBakeryBulkDairyMeat & SeafoodGrocery
						AislesFrozenVitamins &
						Body CareBeer & WineDiscover MoreCateringBuy
					It AgainSprouts BrandsNew ItemsExclusivesPrepared Foods",,,,,770-200-9172
West Cobb,,"ExploreRecipesArticles & ResourcesLocal StoriesCommunitySaveWeekly AdDeals of the MonthMember-only EventsDigital CouponsShopDietOrganicGluten-freePlant-BasedKetoPaleoNon-GMOCategoriesProduceDeli & Prepared FoodsBakeryBulkDairyMeat & SeafoodGrocery
						AislesFrozenVitamins &
						Body CareBeer & WineDiscover MoreCateringBuy
					It AgainSprouts BrandsNew ItemsExclusivesPrepared Foods",,,,,678-919-8701
Peachtree City,,"ExploreRecipesArticles & ResourcesLocal StoriesCommunitySaveWeekly AdDeals of the MonthMember-only EventsDigital CouponsShopDietOrganicGluten-freePlant-BasedKetoPaleoNon-GMOCategoriesProduceDeli & Prepared FoodsBakeryBulkDairyMeat & SeafoodGrocery
						AislesFrozenVitamins &
						Body CareBeer & WineDiscover MoreCateringBuy
					It AgainSprouts BrandsNew ItemsExclusivesPrepared Foods",,,,,678-586-2577
Peachtree Corners,,"ExploreRecipesArticles & ResourcesLocal StoriesCommunitySaveWeekly AdDeals of the MonthMember-only EventsDigital CouponsShopDietOrganicGluten-freePlant-BasedKetoPaleoNon-GMOCategoriesProduceDeli & Prepared FoodsBakeryBulkDairyMeat & SeafoodGrocery
						AislesFrozenVitamins &
						Body CareBeer & WineDiscover MoreCateringBuy
					It AgainSprouts BrandsNew ItemsExclusivesPrepared Foods",,,,,678-690-1249
Roswell,,"ExploreRecipesArticles & ResourcesLocal StoriesCommunitySaveWeekly AdDeals of the MonthMember-only EventsDigital CouponsShopDietOrganicGluten-freePlant-BasedKetoPaleoNon-GMOCategoriesProduceDeli & Prepared FoodsBakeryBulkDairyMeat & SeafoodGrocery
						AislesFrozenVitamins &
						Body CareBeer & WineDiscover MoreCateringBuy
					It AgainSprouts BrandsNew ItemsExclusivesPrepared Foods",,,,,678-353-0102
Smyrna – Cumberland Blvd.,,"ExploreRecipesArticles & ResourcesLocal StoriesCommunitySaveWeekly AdDeals of the MonthMember-only EventsDigital CouponsShopDietOrganicGluten-freePlant-BasedKetoPaleoNon-GMOCategoriesProduceDeli & Prepared FoodsBakeryBulkDairyMeat & SeafoodGrocery
						AislesFrozenVitamins &
						Body CareBeer & WineDiscover MoreCateringBuy
					It AgainSprouts BrandsNew ItemsExclusivesPrepared Foods",,,,,470-750-1841
Smyrna,,"ExploreRecipesArticles & ResourcesLocal StoriesCommunitySaveWeekly AdDeals of the MonthMember-only EventsDigital CouponsShopDietOrganicGluten-freePlant-BasedKetoPaleoNon-GMOCategoriesProduceDeli & Prepared FoodsBakeryBulkDairyMeat & SeafoodGrocery
						AislesFrozenVitamins &
						Body CareBeer & WineDiscover MoreCateringBuy
					It AgainSprouts BrandsNew ItemsExclusivesPrepared Foods",,,,,770-200-7587
Stockbridge,,"ExploreRecipesArticles & ResourcesLocal StoriesCommunitySaveWeekly AdDeals of the MonthMember-only EventsDigital CouponsShopDietOrganicGluten-freePlant-BasedKetoPaleoNon-GMOCategoriesProduceDeli & Prepared FoodsBakeryBulkDairyMeat & SeafoodGrocery
						AislesFrozenVitamins &
						Body CareBeer & WineDiscover MoreCateringBuy
					It AgainSprouts BrandsNew ItemsExclusivesPrepared Foods",,,,,678-470-0983
Johns Creek,,"ExploreRecipesArticles & ResourcesLocal StoriesCommunitySaveWeekly AdDeals of the MonthMember-only EventsDigital CouponsShopDietOrganicGluten-freePlant-BasedKetoPaleoNon-GMOCategoriesProduceDeli & Prepared FoodsBakeryBulkDairyMeat & SeafoodGrocery
						AislesFrozenVitamins &
						Body CareBeer & WineDiscover MoreCateringBuy
					It AgainSprouts BrandsNew ItemsExclusivesPrepared Foods",,,,,678-690-1243
Tucker,,"ExploreRecipesArticles & ResourcesLocal StoriesCommunitySaveWeekly AdDeals of the MonthMember-only EventsDigital CouponsShopDietOrganicGluten-freePlant-BasedKetoPaleoNon-GMOCategoriesProduceDeli & Prepared FoodsBakeryBulkDairyMeat & SeafoodGrocery
						AislesFrozenVitamins &
						Body CareBeer & WineDiscover MoreCateringBuy
					It AgainSprouts BrandsNew ItemsExclusivesPrepared Foods",,,,,470-260-2368
Woodstock,,"ExploreRecipesArticles & ResourcesLocal StoriesCommunitySaveWeekly AdDeals of the MonthMember-only EventsDigital CouponsShopDietOrganicGluten-freePlant-BasedKetoPaleoNon-GMOCategoriesProduceDeli & Prepared FoodsBakeryBulkDairyMeat & SeafoodGrocery
						AislesFrozenVitamins &
						Body CareBeer & WineDiscover MoreCateringBuy
					It AgainSprouts BrandsNew ItemsExclusivesPrepared Foods",,,,,678-224-9799
Lawrence,,"ExploreRecipesArticles & ResourcesLocal StoriesCommunitySaveWeekly AdDeals of the MonthMember-only EventsDigital CouponsShopDietOrganicGluten-freePlant-BasedKetoPaleoNon-GMOCategoriesProduceDeli & Prepared FoodsBakeryBulkDairyMeat & SeafoodGrocery
						AislesFrozenVitamins &
						Body CareBeer & WineDiscover MoreCateringBuy
					It AgainSprouts BrandsNew ItemsExclusivesPrepared Foods",,,,,785-727-7314
Lenexa,,"ExploreRecipesArticles & ResourcesLocal StoriesCommunitySaveWeekly AdDeals of the MonthMember-only EventsDigital CouponsShopDietOrganicGluten-freePlant-BasedKetoPaleoNon-GMOCategoriesProduceDeli & Prepared FoodsBakeryBulkDairyMeat & SeafoodGrocery
						AislesFrozenVitamins &
						Body CareBeer & WineDiscover MoreCateringBuy
					It AgainSprouts BrandsNew ItemsExclusivesPrepared Foods",,,,,913-312-1586
Overland Park – Nall Ave.,,"ExploreRecipesArticles & ResourcesLocal StoriesCommunitySaveWeekly AdDeals of the MonthMember-only EventsDigital CouponsShopDietOrganicGluten-freePlant-BasedKetoPaleoNon-GMOCategoriesProduceDeli & Prepared FoodsBakeryBulkDairyMeat & SeafoodGrocery
						AislesFrozenVitamins &
						Body CareBeer & WineDiscover MoreCateringBuy
					It AgainSprouts BrandsNew ItemsExclusivesPrepared Foods",,,,,913-643-9170
Overland Park,,"ExploreRecipesArticles & ResourcesLocal StoriesCommunitySaveWeekly AdDeals of the MonthMember-only EventsDigital CouponsShopDietOrganicGluten-freePlant-BasedKetoPaleoNon-GMOCategoriesProduceDeli & Prepared FoodsBakeryBulkDairyMeat & SeafoodGrocery
						AislesFrozenVitamins &
						Body CareBeer & WineDiscover MoreCateringBuy
					It AgainSprouts BrandsNew ItemsExclusivesPrepared Foods",,,,,913-643-4190
Baton Rouge,,"ExploreRecipesArticles & ResourcesLocal StoriesCommunitySaveWeekly AdDeals of the MonthMember-only EventsDigital CouponsShopDietOrganicGluten-freePlant-BasedKetoPaleoNon-GMOCategoriesProduceDeli & Prepared FoodsBakeryBulkDairyMeat & SeafoodGrocery
						AislesFrozenVitamins &
						Body CareBeer & WineDiscover MoreCateringBuy
					It AgainSprouts BrandsNew ItemsExclusivesPrepared Foods",,,,,225-614-9131
Baltimore,,"ExploreRecipesArticles & ResourcesLocal StoriesCommunitySaveWeekly AdDeals of the MonthMember-only EventsDigital CouponsShopDietOrganicGluten-freePlant-BasedKetoPaleoNon-GMOCategoriesProduceDeli & Prepared FoodsBakeryBulkDairyMeat & SeafoodGrocery
						AislesFrozenVitamins &
						Body CareBeer & WineDiscover MoreCateringBuy
					It AgainSprouts BrandsNew ItemsExclusivesPrepared Foods",,,,,443-836-5882
Bel Air,,"ExploreRecipesArticles & ResourcesLocal StoriesCommunitySaveWeekly AdDeals of the MonthMember-only EventsDigital CouponsShopDietOrganicGluten-freePlant-BasedKetoPaleoNon-GMOCategoriesProduceDeli & Prepared FoodsBakeryBulkDairyMeat & SeafoodGrocery
						AislesFrozenVitamins &
						Body CareBeer & WineDiscover MoreCateringBuy
					It AgainSprouts BrandsNew ItemsExclusivesPrepared Foods",,,,,443-567-7788
Burtonsville,,"ExploreRecipesArticles & ResourcesLocal StoriesCommunitySaveWeekly AdDeals of the MonthMember-only EventsDigital CouponsShopDietOrganicGluten-freePlant-BasedKetoPaleoNon-GMOCategoriesProduceDeli & Prepared FoodsBakeryBulkDairyMeat & SeafoodGrocery
						AislesFrozenVitamins &
						Body CareBeer & WineDiscover MoreCateringBuy
					It AgainSprouts BrandsNew ItemsExclusivesPrepared Foods",,,,,240-883-9223
Ellicott City,,"ExploreRecipesArticles & ResourcesLocal StoriesCommunitySaveWeekly AdDeals of the MonthMember-only EventsDigital CouponsShopDietOrganicGluten-freePlant-BasedKetoPaleoNon-GMOCategoriesProduceDeli & Prepared FoodsBakeryBulkDairyMeat & SeafoodGrocery
						AislesFrozenVitamins &
						Body CareBeer & WineDiscover MoreCateringBuy
					It AgainSprouts BrandsNew ItemsExclusivesPrepared Foods",,,,,410-696-3160
Pasadena,,"ExploreRecipesArticles & ResourcesLocal StoriesCommunitySaveWeekly AdDeals of the MonthMember-only EventsDigital CouponsShopDietOrganicGluten-freePlant-BasedKetoPaleoNon-GMOCategoriesProduceDeli & Prepared FoodsBakeryBulkDairyMeat & SeafoodGrocery
						AislesFrozenVitamins &
						Body CareBeer & WineDiscover MoreCateringBuy
					It AgainSprouts BrandsNew ItemsExclusivesPrepared Foods",,,,,443-960-8484
Towson,,"ExploreRecipesArticles & ResourcesLocal StoriesCommunitySaveWeekly AdDeals of the MonthMember-only EventsDigital CouponsShopDietOrganicGluten-freePlant-BasedKetoPaleoNon-GMOCategoriesProduceDeli & Prepared FoodsBakeryBulkDairyMeat & SeafoodGrocery
						AislesFrozenVitamins &
						Body CareBeer & WineDiscover MoreCateringBuy
					It AgainSprouts BrandsNew ItemsExclusivesPrepared Foods",,,,,410-842-6010
Waldorf,,"ExploreRecipesArticles & ResourcesLocal StoriesCommunitySaveWeekly AdDeals of the MonthMember-only EventsDigital CouponsShopDietOrganicGluten-freePlant-BasedKetoPaleoNon-GMOCategoriesProduceDeli & Prepared FoodsBakeryBulkDairyMeat & SeafoodGrocery
						AislesFrozenVitamins &
						Body CareBeer & WineDiscover MoreCateringBuy
					It AgainSprouts BrandsNew ItemsExclusivesPrepared Foods",,,,,301-597-1105
Westminster-Baltimore Blvd.,,"ExploreRecipesArticles & ResourcesLocal StoriesCommunitySaveWeekly AdDeals of the MonthMember-only EventsDigital CouponsShopDietOrganicGluten-freePlant-BasedKetoPaleoNon-GMOCategoriesProduceDeli & Prepared FoodsBakeryBulkDairyMeat & SeafoodGrocery
						AislesFrozenVitamins &
						Body CareBeer & WineDiscover MoreCateringBuy
					It AgainSprouts BrandsNew ItemsExclusivesPrepared Foods",,,,,443-452-6734
Kansas City North,,"ExploreRecipesArticles & ResourcesLocal StoriesCommunitySaveWeekly AdDeals of the MonthMember-only EventsDigital CouponsShopDietOrganicGluten-freePlant-BasedKetoPaleoNon-GMOCategoriesProduceDeli & Prepared FoodsBakeryBulkDairyMeat & SeafoodGrocery
						AislesFrozenVitamins &
						Body CareBeer & WineDiscover MoreCateringBuy
					It AgainSprouts BrandsNew ItemsExclusivesPrepared Foods",,,,,816-222-0202
Kansas City,,"ExploreRecipesArticles & ResourcesLocal StoriesCommunitySaveWeekly AdDeals of the MonthMember-only EventsDigital CouponsShopDietOrganicGluten-freePlant-BasedKetoPaleoNon-GMOCategoriesProduceDeli & Prepared FoodsBakeryBulkDairyMeat & SeafoodGrocery
						AislesFrozenVitamins &
						Body CareBeer & WineDiscover MoreCateringBuy
					It AgainSprouts BrandsNew ItemsExclusivesPrepared Foods",,,,,816-303-6503
Lee’s Summit,,"ExploreRecipesArticles & ResourcesLocal StoriesCommunitySaveWeekly AdDeals of the MonthMember-only EventsDigital CouponsShopDietOrganicGluten-freePlant-BasedKetoPaleoNon-GMOCategoriesProduceDeli & Prepared FoodsBakeryBulkDairyMeat & SeafoodGrocery
						AislesFrozenVitamins &
						Body CareBeer & WineDiscover MoreCateringBuy
					It AgainSprouts BrandsNew ItemsExclusivesPrepared Foods",,,,,816-272-7038
Ballantyne,,"ExploreRecipesArticles & ResourcesLocal StoriesCommunitySaveWeekly AdDeals of the MonthMember-only EventsDigital CouponsShopDietOrganicGluten-freePlant-BasedKetoPaleoNon-GMOCategoriesProduceDeli & Prepared FoodsBakeryBulkDairyMeat & SeafoodGrocery
						AislesFrozenVitamins &
						Body CareBeer & WineDiscover MoreCateringBuy
					It AgainSprouts BrandsNew ItemsExclusivesPrepared Foods",,,,,704-778-3010
Charlotte-NoDa,,"ExploreRecipesArticles & ResourcesLocal StoriesCommunitySaveWeekly AdDeals of the MonthMember-only EventsDigital CouponsShopDietOrganicGluten-freePlant-BasedKetoPaleoNon-GMOCategoriesProduceDeli & Prepared FoodsBakeryBulkDairyMeat & SeafoodGrocery
						AislesFrozenVitamins &
						Body CareBeer & WineDiscover MoreCateringBuy
					It AgainSprouts BrandsNew ItemsExclusivesPrepared Foods",,,,,704-520-7652
Charlotte-Steele Creek,,"ExploreRecipesArticles & ResourcesLocal StoriesCommunitySaveWeekly AdDeals of the MonthMember-only EventsDigital CouponsShopDietOrganicGluten-freePlant-BasedKetoPaleoNon-GMOCategoriesProduceDeli & Prepared FoodsBakeryBulkDairyMeat & SeafoodGrocery
						AislesFrozenVitamins &
						Body CareBeer & WineDiscover MoreCateringBuy
					It AgainSprouts BrandsNew ItemsExclusivesPrepared Foods",,,,,
Durham,,"ExploreRecipesArticles & ResourcesLocal StoriesCommunitySaveWeekly AdDeals of the MonthMember-only EventsDigital CouponsShopDietOrganicGluten-freePlant-BasedKetoPaleoNon-GMOCategoriesProduceDeli & Prepared FoodsBakeryBulkDairyMeat & SeafoodGrocery
						AislesFrozenVitamins &
						Body CareBeer & WineDiscover MoreCateringBuy
					It AgainSprouts BrandsNew ItemsExclusivesPrepared Foods",,,,,919-768-4055
Fayetteville,,"ExploreRecipesArticles & ResourcesLocal StoriesCommunitySaveWeekly AdDeals of the MonthMember-only EventsDigital CouponsShopDietOrganicGluten-freePlant-BasedKetoPaleoNon-GMOCategoriesProduceDeli & Prepared FoodsBakeryBulkDairyMeat & SeafoodGrocery
						AislesFrozenVitamins &
						Body CareBeer & WineDiscover MoreCateringBuy
					It AgainSprouts BrandsNew ItemsExclusivesPrepared Foods",,,,,910-748-5985
Greensboro,,"ExploreRecipesArticles & ResourcesLocal StoriesCommunitySaveWeekly AdDeals of the MonthMember-only EventsDigital CouponsShopDietOrganicGluten-freePlant-BasedKetoPaleoNon-GMOCategoriesProduceDeli & Prepared FoodsBakeryBulkDairyMeat & SeafoodGrocery
						AislesFrozenVitamins &
						Body CareBeer & WineDiscover MoreCateringBuy
					It AgainSprouts BrandsNew ItemsExclusivesPrepared Foods",,,,,336-252-5250
Raleigh – Falls of Neuse,,"ExploreRecipesArticles & ResourcesLocal StoriesCommunitySaveWeekly AdDeals of the MonthMember-only EventsDigital CouponsShopDietOrganicGluten-freePlant-BasedKetoPaleoNon-GMOCategoriesProduceDeli & Prepared FoodsBakeryBulkDairyMeat & SeafoodGrocery
						AislesFrozenVitamins &
						Body CareBeer & WineDiscover MoreCateringBuy
					It AgainSprouts BrandsNew ItemsExclusivesPrepared Foods",,,,,919-326-2530
Woodbridge,,"ExploreRecipesArticles & ResourcesLocal StoriesCommunitySaveWeekly AdDeals of the MonthMember-only EventsDigital CouponsShopDietOrganicGluten-freePlant-BasedKetoPaleoNon-GMOCategoriesProduceDeli & Prepared FoodsBakeryBulkDairyMeat & SeafoodGrocery
						AislesFrozenVitamins &
						Body CareBeer & WineDiscover MoreCateringBuy
					It AgainSprouts BrandsNew ItemsExclusivesPrepared Foods",,,,,848-343-9871
Aberdeen,,"ExploreRecipesArticles & ResourcesLocal StoriesCommunitySaveWeekly AdDeals of the MonthMember-only EventsDigital CouponsShopDietOrganicGluten-freePlant-BasedKetoPaleoNon-GMOCategoriesProduceDeli & Prepared FoodsBakeryBulkDairyMeat & SeafoodGrocery
						AislesFrozenVitamins &
						Body CareBeer & WineDiscover MoreCateringBuy
					It AgainSprouts BrandsNew ItemsExclusivesPrepared Foods",,,,,732-554-2076
Haddon Township,,"ExploreRecipesArticles & ResourcesLocal StoriesCommunitySaveWeekly AdDeals of the MonthMember-only EventsDigital CouponsShopDietOrganicGluten-freePlant-BasedKetoPaleoNon-GMOCategoriesProduceDeli & Prepared FoodsBakeryBulkDairyMeat & SeafoodGrocery
						AislesFrozenVitamins &
						Body CareBeer & WineDiscover MoreCateringBuy
					It AgainSprouts BrandsNew ItemsExclusivesPrepared Foods",,,,,856-873-9052
Marlton,,"ExploreRecipesArticles & ResourcesLocal StoriesCommunitySaveWeekly AdDeals of the MonthMember-only EventsDigital CouponsShopDietOrganicGluten-freePlant-BasedKetoPaleoNon-GMOCategoriesProduceDeli & Prepared FoodsBakeryBulkDairyMeat & SeafoodGrocery
						AislesFrozenVitamins &
						Body CareBeer & WineDiscover MoreCateringBuy
					It AgainSprouts BrandsNew ItemsExclusivesPrepared Foods",,,,,856-355-8228
Woodbury,,"ExploreRecipesArticles & ResourcesLocal StoriesCommunitySaveWeekly AdDeals of the MonthMember-only EventsDigital CouponsShopDietOrganicGluten-freePlant-BasedKetoPaleoNon-GMOCategoriesProduceDeli & Prepared FoodsBakeryBulkDairyMeat & SeafoodGrocery
						AislesFrozenVitamins &
						Body CareBeer & WineDiscover MoreCateringBuy
					It AgainSprouts BrandsNew ItemsExclusivesPrepared Foods",,,,,856-387-0471
Albuquerque-Coors Blvd.,,"ExploreRecipesArticles & ResourcesLocal StoriesCommunitySaveWeekly AdDeals of the MonthMember-only EventsDigital CouponsShopDietOrganicGluten-freePlant-BasedKetoPaleoNon-GMOCategoriesProduceDeli & Prepared FoodsBakeryBulkDairyMeat & SeafoodGrocery
						AislesFrozenVitamins &
						Body CareBeer & WineDiscover MoreCateringBuy
					It AgainSprouts BrandsNew ItemsExclusivesPrepared Foods",,,,,505-355-3850
Albuquerque – Corrales Rd.,,"ExploreRecipesArticles & ResourcesLocal StoriesCommunitySaveWeekly AdDeals of the MonthMember-only EventsDigital CouponsShopDietOrganicGluten-freePlant-BasedKetoPaleoNon-GMOCategoriesProduceDeli & Prepared FoodsBakeryBulkDairyMeat & SeafoodGrocery
						AislesFrozenVitamins &
						Body CareBeer & WineDiscover MoreCateringBuy
					It AgainSprouts BrandsNew ItemsExclusivesPrepared Foods",,,,,505-890-7900
Albuquerque – Four Hills,,"ExploreRecipesArticles & ResourcesLocal StoriesCommunitySaveWeekly AdDeals of the MonthMember-only EventsDigital CouponsShopDietOrganicGluten-freePlant-BasedKetoPaleoNon-GMOCategoriesProduceDeli & Prepared FoodsBakeryBulkDairyMeat & SeafoodGrocery
						AislesFrozenVitamins &
						Body CareBeer & WineDiscover MoreCateringBuy
					It AgainSprouts BrandsNew ItemsExclusivesPrepared Foods",,,,,505-998-1025
Albuquerque – Lomas Blvd.,,"ExploreRecipesArticles & ResourcesLocal StoriesCommunitySaveWeekly AdDeals of the MonthMember-only EventsDigital CouponsShopDietOrganicGluten-freePlant-BasedKetoPaleoNon-GMOCategoriesProduceDeli & Prepared FoodsBakeryBulkDairyMeat & SeafoodGrocery
						AislesFrozenVitamins &
						Body CareBeer & WineDiscover MoreCateringBuy
					It AgainSprouts BrandsNew ItemsExclusivesPrepared Foods",,,,,505-268-5127
Albuquerque – Montgomery Blvd.,,"ExploreRecipesArticles & ResourcesLocal StoriesCommunitySaveWeekly AdDeals of the MonthMember-only EventsDigital CouponsShopDietOrganicGluten-freePlant-BasedKetoPaleoNon-GMOCategoriesProduceDeli & Prepared FoodsBakeryBulkDairyMeat & SeafoodGrocery
						AislesFrozenVitamins &
						Body CareBeer & WineDiscover MoreCateringBuy
					It AgainSprouts BrandsNew ItemsExclusivesPrepared Foods",,,,,505-298-2447
Albuquerque – San Mateo Blvd.,,"ExploreRecipesArticles & ResourcesLocal StoriesCommunitySaveWeekly AdDeals of the MonthMember-only EventsDigital CouponsShopDietOrganicGluten-freePlant-BasedKetoPaleoNon-GMOCategoriesProduceDeli & Prepared FoodsBakeryBulkDairyMeat & SeafoodGrocery
						AislesFrozenVitamins &
						Body CareBeer & WineDiscover MoreCateringBuy
					It AgainSprouts BrandsNew ItemsExclusivesPrepared Foods",,,,,505-821-7000
Las Cruces,,"ExploreRecipesArticles & ResourcesLocal StoriesCommunitySaveWeekly AdDeals of the MonthMember-only EventsDigital CouponsShopDietOrganicGluten-freePlant-BasedKetoPaleoNon-GMOCategoriesProduceDeli & Prepared FoodsBakeryBulkDairyMeat & SeafoodGrocery
						AislesFrozenVitamins &
						Body CareBeer & WineDiscover MoreCateringBuy
					It AgainSprouts BrandsNew ItemsExclusivesPrepared Foods",,,,,575-680-3680
Rio Rancho,,"ExploreRecipesArticles & ResourcesLocal StoriesCommunitySaveWeekly AdDeals of the MonthMember-only EventsDigital CouponsShopDietOrganicGluten-freePlant-BasedKetoPaleoNon-GMOCategoriesProduceDeli & Prepared FoodsBakeryBulkDairyMeat & SeafoodGrocery
						AislesFrozenVitamins &
						Body CareBeer & WineDiscover MoreCateringBuy
					It AgainSprouts BrandsNew ItemsExclusivesPrepared Foods",,,,,505-552-3341
Santa Fe – Paseo de Peralta,,"ExploreRecipesArticles & ResourcesLocal StoriesCommunitySaveWeekly AdDeals of the MonthMember-only EventsDigital CouponsShopDietOrganicGluten-freePlant-BasedKetoPaleoNon-GMOCategoriesProduceDeli & Prepared FoodsBakeryBulkDairyMeat & SeafoodGrocery
						AislesFrozenVitamins &
						Body CareBeer & WineDiscover MoreCateringBuy
					It AgainSprouts BrandsNew ItemsExclusivesPrepared Foods",,,,,505-988-1140
Santa Fe – Zafarano Dr.,,"ExploreRecipesArticles & ResourcesLocal StoriesCommunitySaveWeekly AdDeals of the MonthMember-only EventsDigital CouponsShopDietOrganicGluten-freePlant-BasedKetoPaleoNon-GMOCategoriesProduceDeli & Prepared FoodsBakeryBulkDairyMeat & SeafoodGrocery
						AislesFrozenVitamins &
						Body CareBeer & WineDiscover MoreCateringBuy
					It AgainSprouts BrandsNew ItemsExclusivesPrepared Foods",,,,,505-424-1900
Carson City-North Carson Crossing,,"ExploreRecipesArticles & ResourcesLocal StoriesCommunitySaveWeekly AdDeals of the MonthMember-only EventsDigital CouponsShopDietOrganicGluten-freePlant-BasedKetoPaleoNon-GMOCategoriesProduceDeli & Prepared FoodsBakeryBulkDairyMeat & SeafoodGrocery
						AislesFrozenVitamins &
						Body CareBeer & WineDiscover MoreCateringBuy
					It AgainSprouts BrandsNew ItemsExclusivesPrepared Foods",,,,,775-245-0277
Henderson – Green Valley,,"ExploreRecipesArticles & ResourcesLocal StoriesCommunitySaveWeekly AdDeals of the MonthMember-only EventsDigital CouponsShopDietOrganicGluten-freePlant-BasedKetoPaleoNon-GMOCategoriesProduceDeli & Prepared FoodsBakeryBulkDairyMeat & SeafoodGrocery
						AislesFrozenVitamins &
						Body CareBeer & WineDiscover MoreCateringBuy
					It AgainSprouts BrandsNew ItemsExclusivesPrepared Foods",,,,,702-322-2229
Henderson – Stephanie St.,,"ExploreRecipesArticles & ResourcesLocal StoriesCommunitySaveWeekly AdDeals of the MonthMember-only EventsDigital CouponsShopDietOrganicGluten-freePlant-BasedKetoPaleoNon-GMOCategoriesProduceDeli & Prepared FoodsBakeryBulkDairyMeat & SeafoodGrocery
						AislesFrozenVitamins &
						Body CareBeer & WineDiscover MoreCateringBuy
					It AgainSprouts BrandsNew ItemsExclusivesPrepared Foods",,,,,702-777-7095
Henderson-Lake Mead Pkwy.,,"ExploreRecipesArticles & ResourcesLocal StoriesCommunitySaveWeekly AdDeals of the MonthMember-only EventsDigital CouponsShopDietOrganicGluten-freePlant-BasedKetoPaleoNon-GMOCategoriesProduceDeli & Prepared FoodsBakeryBulkDairyMeat & SeafoodGrocery
						AislesFrozenVitamins &
						Body CareBeer & WineDiscover MoreCateringBuy
					It AgainSprouts BrandsNew ItemsExclusivesPrepared Foods",,,,,
Las Vegas – Alta,,"ExploreRecipesArticles & ResourcesLocal StoriesCommunitySaveWeekly AdDeals of the MonthMember-only EventsDigital CouponsShopDietOrganicGluten-freePlant-BasedKetoPaleoNon-GMOCategoriesProduceDeli & Prepared FoodsBakeryBulkDairyMeat & SeafoodGrocery
						AislesFrozenVitamins &
						Body CareBeer & WineDiscover MoreCateringBuy
					It AgainSprouts BrandsNew ItemsExclusivesPrepared Foods",,,,,702-984-4330
Las Vegas – Centennial,,"ExploreRecipesArticles & ResourcesLocal StoriesCommunitySaveWeekly AdDeals of the MonthMember-only EventsDigital CouponsShopDietOrganicGluten-freePlant-BasedKetoPaleoNon-GMOCategoriesProduceDeli & Prepared FoodsBakeryBulkDairyMeat & SeafoodGrocery
						AislesFrozenVitamins &
						Body CareBeer & WineDiscover MoreCateringBuy
					It AgainSprouts BrandsNew ItemsExclusivesPrepared Foods",,,,,702-583-3830
Las Vegas – Decatur,,"ExploreRecipesArticles & ResourcesLocal StoriesCommunitySaveWeekly AdDeals of the MonthMember-only EventsDigital CouponsShopDietOrganicGluten-freePlant-BasedKetoPaleoNon-GMOCategoriesProduceDeli & Prepared FoodsBakeryBulkDairyMeat & SeafoodGrocery
						AislesFrozenVitamins &
						Body CareBeer & WineDiscover MoreCateringBuy
					It AgainSprouts BrandsNew ItemsExclusivesPrepared Foods",,,,,702-273-3490
Las Vegas – Lake Mead,,"ExploreRecipesArticles & ResourcesLocal StoriesCommunitySaveWeekly AdDeals of the MonthMember-only EventsDigital CouponsShopDietOrganicGluten-freePlant-BasedKetoPaleoNon-GMOCategoriesProduceDeli & Prepared FoodsBakeryBulkDairyMeat & SeafoodGrocery
						AislesFrozenVitamins &
						Body CareBeer & WineDiscover MoreCateringBuy
					It AgainSprouts BrandsNew ItemsExclusivesPrepared Foods",,,,,702-216-3556
Las Vegas – Flamingo Rd.,,"ExploreRecipesArticles & ResourcesLocal StoriesCommunitySaveWeekly AdDeals of the MonthMember-only EventsDigital CouponsShopDietOrganicGluten-freePlant-BasedKetoPaleoNon-GMOCategoriesProduceDeli & Prepared FoodsBakeryBulkDairyMeat & SeafoodGrocery
						AislesFrozenVitamins &
						Body CareBeer & WineDiscover MoreCateringBuy
					It AgainSprouts BrandsNew ItemsExclusivesPrepared Foods",,,,,702-876-4888
Las Vegas – Warm Springs Rd.,,"ExploreRecipesArticles & ResourcesLocal StoriesCommunitySaveWeekly AdDeals of the MonthMember-only EventsDigital CouponsShopDietOrganicGluten-freePlant-BasedKetoPaleoNon-GMOCategoriesProduceDeli & Prepared FoodsBakeryBulkDairyMeat & SeafoodGrocery
						AislesFrozenVitamins &
						Body CareBeer & WineDiscover MoreCateringBuy
					It AgainSprouts BrandsNew ItemsExclusivesPrepared Foods",,,,,702-670-4450
Las Vegas – Sahara Ave.,,"ExploreRecipesArticles & ResourcesLocal StoriesCommunitySaveWeekly AdDeals of the MonthMember-only EventsDigital CouponsShopDietOrganicGluten-freePlant-BasedKetoPaleoNon-GMOCategoriesProduceDeli & Prepared FoodsBakeryBulkDairyMeat & SeafoodGrocery
						AislesFrozenVitamins &
						Body CareBeer & WineDiscover MoreCateringBuy
					It AgainSprouts BrandsNew ItemsExclusivesPrepared Foods",,,,,702-216-5060
Las Vegas – Tropicana Ave.,,"ExploreRecipesArticles & ResourcesLocal StoriesCommunitySaveWeekly AdDeals of the MonthMember-only EventsDigital CouponsShopDietOrganicGluten-freePlant-BasedKetoPaleoNon-GMOCategoriesProduceDeli & Prepared FoodsBakeryBulkDairyMeat & SeafoodGrocery
						AislesFrozenVitamins &
						Body CareBeer & WineDiscover MoreCateringBuy
					It AgainSprouts BrandsNew ItemsExclusivesPrepared Foods",,,,,702-777-0650
Las Vegas-Silverado Ranch,,"ExploreRecipesArticles & ResourcesLocal StoriesCommunitySaveWeekly AdDeals of the MonthMember-only EventsDigital CouponsShopDietOrganicGluten-freePlant-BasedKetoPaleoNon-GMOCategoriesProduceDeli & Prepared FoodsBakeryBulkDairyMeat & SeafoodGrocery
						AislesFrozenVitamins &
						Body CareBeer & WineDiscover MoreCateringBuy
					It AgainSprouts BrandsNew ItemsExclusivesPrepared Foods",,,,,702-750-3570
North Las Vegas,,"ExploreRecipesArticles & ResourcesLocal StoriesCommunitySaveWeekly AdDeals of the MonthMember-only EventsDigital CouponsShopDietOrganicGluten-freePlant-BasedKetoPaleoNon-GMOCategoriesProduceDeli & Prepared FoodsBakeryBulkDairyMeat & SeafoodGrocery
						AislesFrozenVitamins &
						Body CareBeer & WineDiscover MoreCateringBuy
					It AgainSprouts BrandsNew ItemsExclusivesPrepared Foods",,,,,702-857-6362
Reno – Plumb Ln.,,"ExploreRecipesArticles & ResourcesLocal StoriesCommunitySaveWeekly AdDeals of the MonthMember-only EventsDigital CouponsShopDietOrganicGluten-freePlant-BasedKetoPaleoNon-GMOCategoriesProduceDeli & Prepared FoodsBakeryBulkDairyMeat & SeafoodGrocery
						AislesFrozenVitamins &
						Body CareBeer & WineDiscover MoreCateringBuy
					It AgainSprouts BrandsNew ItemsExclusivesPrepared Foods",,,,,775-446-3979
Reno,,"ExploreRecipesArticles & ResourcesLocal StoriesCommunitySaveWeekly AdDeals of the MonthMember-only EventsDigital CouponsShopDietOrganicGluten-freePlant-BasedKetoPaleoNon-GMOCategoriesProduceDeli & Prepared FoodsBakeryBulkDairyMeat & SeafoodGrocery
						AislesFrozenVitamins &
						Body CareBeer & WineDiscover MoreCateringBuy
					It AgainSprouts BrandsNew ItemsExclusivesPrepared Foods",,,,,775-335-1055
Sparks,,"ExploreRecipesArticles & ResourcesLocal StoriesCommunitySaveWeekly AdDeals of the MonthMember-only EventsDigital CouponsShopDietOrganicGluten-freePlant-BasedKetoPaleoNon-GMOCategoriesProduceDeli & Prepared FoodsBakeryBulkDairyMeat & SeafoodGrocery
						AislesFrozenVitamins &
						Body CareBeer & WineDiscover MoreCateringBuy
					It AgainSprouts BrandsNew ItemsExclusivesPrepared Foods",,,,,775-834-0210
Centereach,,"ExploreRecipesArticles & ResourcesLocal StoriesCommunitySaveWeekly AdDeals of the MonthMember-only EventsDigital CouponsShopDietOrganicGluten-freePlant-BasedKetoPaleoNon-GMOCategoriesProduceDeli & Prepared FoodsBakeryBulkDairyMeat & SeafoodGrocery
						AislesFrozenVitamins &
						Body CareBeer & WineDiscover MoreCateringBuy
					It AgainSprouts BrandsNew ItemsExclusivesPrepared Foods",,,,,
Broken Arrow,,"ExploreRecipesArticles & ResourcesLocal StoriesCommunitySaveWeekly AdDeals of the MonthMember-only EventsDigital CouponsShopDietOrganicGluten-freePlant-BasedKetoPaleoNon-GMOCategoriesProduceDeli & Prepared FoodsBakeryBulkDairyMeat & SeafoodGrocery
						AislesFrozenVitamins &
						Body CareBeer & WineDiscover MoreCateringBuy
					It AgainSprouts BrandsNew ItemsExclusivesPrepared Foods",,,,,918-806-0810
Edmond,,"ExploreRecipesArticles & ResourcesLocal StoriesCommunitySaveWeekly AdDeals of the MonthMember-only EventsDigital CouponsShopDietOrganicGluten-freePlant-BasedKetoPaleoNon-GMOCategoriesProduceDeli & Prepared FoodsBakeryBulkDairyMeat & SeafoodGrocery
						AislesFrozenVitamins &
						Body CareBeer & WineDiscover MoreCateringBuy
					It AgainSprouts BrandsNew ItemsExclusivesPrepared Foods",,,,,405-341-5727
Moore,,"ExploreRecipesArticles & ResourcesLocal StoriesCommunitySaveWeekly AdDeals of the MonthMember-only EventsDigital CouponsShopDietOrganicGluten-freePlant-BasedKetoPaleoNon-GMOCategoriesProduceDeli & Prepared FoodsBakeryBulkDairyMeat & SeafoodGrocery
						AislesFrozenVitamins &
						Body CareBeer & WineDiscover MoreCateringBuy
					It AgainSprouts BrandsNew ItemsExclusivesPrepared Foods",,,,,405-416-7650
Norman,,"ExploreRecipesArticles & ResourcesLocal StoriesCommunitySaveWeekly AdDeals of the MonthMember-only EventsDigital CouponsShopDietOrganicGluten-freePlant-BasedKetoPaleoNon-GMOCategoriesProduceDeli & Prepared FoodsBakeryBulkDairyMeat & SeafoodGrocery
						AislesFrozenVitamins &
						Body CareBeer & WineDiscover MoreCateringBuy
					It AgainSprouts BrandsNew ItemsExclusivesPrepared Foods",,,,,405-217-4601
NW Oklahoma City,,"ExploreRecipesArticles & ResourcesLocal StoriesCommunitySaveWeekly AdDeals of the MonthMember-only EventsDigital CouponsShopDietOrganicGluten-freePlant-BasedKetoPaleoNon-GMOCategoriesProduceDeli & Prepared FoodsBakeryBulkDairyMeat & SeafoodGrocery
						AislesFrozenVitamins &
						Body CareBeer & WineDiscover MoreCateringBuy
					It AgainSprouts BrandsNew ItemsExclusivesPrepared Foods",,,,,405-384-7577
Oklahoma City,,"ExploreRecipesArticles & ResourcesLocal StoriesCommunitySaveWeekly AdDeals of the MonthMember-only EventsDigital CouponsShopDietOrganicGluten-freePlant-BasedKetoPaleoNon-GMOCategoriesProduceDeli & Prepared FoodsBakeryBulkDairyMeat & SeafoodGrocery
						AislesFrozenVitamins &
						Body CareBeer & WineDiscover MoreCateringBuy
					It AgainSprouts BrandsNew ItemsExclusivesPrepared Foods",,,,,405-879-9989
Owasso,,"ExploreRecipesArticles & ResourcesLocal StoriesCommunitySaveWeekly AdDeals of the MonthMember-only EventsDigital CouponsShopDietOrganicGluten-freePlant-BasedKetoPaleoNon-GMOCategoriesProduceDeli & Prepared FoodsBakeryBulkDairyMeat & SeafoodGrocery
						AislesFrozenVitamins &
						Body CareBeer & WineDiscover MoreCateringBuy
					It AgainSprouts BrandsNew ItemsExclusivesPrepared Foods",,,,,918-516-6656
Stillwater,,"ExploreRecipesArticles & ResourcesLocal StoriesCommunitySaveWeekly AdDeals of the MonthMember-only EventsDigital CouponsShopDietOrganicGluten-freePlant-BasedKetoPaleoNon-GMOCategoriesProduceDeli & Prepared FoodsBakeryBulkDairyMeat & SeafoodGrocery
						AislesFrozenVitamins &
						Body CareBeer & WineDiscover MoreCateringBuy
					It AgainSprouts BrandsNew ItemsExclusivesPrepared Foods",,,,,405-571-3153
Bixby,,"ExploreRecipesArticles & ResourcesLocal StoriesCommunitySaveWeekly AdDeals of the MonthMember-only EventsDigital CouponsShopDietOrganicGluten-freePlant-BasedKetoPaleoNon-GMOCategoriesProduceDeli & Prepared FoodsBakeryBulkDairyMeat & SeafoodGrocery
						AislesFrozenVitamins &
						Body CareBeer & WineDiscover MoreCateringBuy
					It AgainSprouts BrandsNew ItemsExclusivesPrepared Foods",,,,,918-364-7272
Tulsa,,"ExploreRecipesArticles & ResourcesLocal StoriesCommunitySaveWeekly AdDeals of the MonthMember-only EventsDigital CouponsShopDietOrganicGluten-freePlant-BasedKetoPaleoNon-GMOCategoriesProduceDeli & Prepared FoodsBakeryBulkDairyMeat & SeafoodGrocery
						AislesFrozenVitamins &
						Body CareBeer & WineDiscover MoreCateringBuy
					It AgainSprouts BrandsNew ItemsExclusivesPrepared Foods",,,,,918-858-8850
Yukon,,"ExploreRecipesArticles & ResourcesLocal StoriesCommunitySaveWeekly AdDeals of the MonthMember-only EventsDigital CouponsShopDietOrganicGluten-freePlant-BasedKetoPaleoNon-GMOCategoriesProduceDeli & Prepared FoodsBakeryBulkDairyMeat & SeafoodGrocery
						AislesFrozenVitamins &
						Body CareBeer & WineDiscover MoreCateringBuy
					It AgainSprouts BrandsNew ItemsExclusivesPrepared Foods",,,,,405-494-3054
Upper Dublin,,"ExploreRecipesArticles & ResourcesLocal StoriesCommunitySaveWeekly AdDeals of the MonthMember-only EventsDigital CouponsShopDietOrganicGluten-freePlant-BasedKetoPaleoNon-GMOCategoriesProduceDeli & Prepared FoodsBakeryBulkDairyMeat & SeafoodGrocery
						AislesFrozenVitamins &
						Body CareBeer & WineDiscover MoreCateringBuy
					It AgainSprouts BrandsNew ItemsExclusivesPrepared Foods",,,,,267-715-0602
Montgomeryville,,"ExploreRecipesArticles & ResourcesLocal StoriesCommunitySaveWeekly AdDeals of the MonthMember-only EventsDigital CouponsShopDietOrganicGluten-freePlant-BasedKetoPaleoNon-GMOCategoriesProduceDeli & Prepared FoodsBakeryBulkDairyMeat & SeafoodGrocery
						AislesFrozenVitamins &
						Body CareBeer & WineDiscover MoreCateringBuy
					It AgainSprouts BrandsNew ItemsExclusivesPrepared Foods",,,,,267-903-8382
Philadelphia-Roosevelt Mall,,"ExploreRecipesArticles & ResourcesLocal StoriesCommunitySaveWeekly AdDeals of the MonthMember-only EventsDigital CouponsShopDietOrganicGluten-freePlant-BasedKetoPaleoNon-GMOCategoriesProduceDeli & Prepared FoodsBakeryBulkDairyMeat & SeafoodGrocery
						AislesFrozenVitamins &
						Body CareBeer & WineDiscover MoreCateringBuy
					It AgainSprouts BrandsNew ItemsExclusivesPrepared Foods",,,,,267-691-0076
Philadelphia-Oregon Ave.,,"ExploreRecipesArticles & ResourcesLocal StoriesCommunitySaveWeekly AdDeals of the MonthMember-only EventsDigital CouponsShopDietOrganicGluten-freePlant-BasedKetoPaleoNon-GMOCategoriesProduceDeli & Prepared FoodsBakeryBulkDairyMeat & SeafoodGrocery
						AislesFrozenVitamins &
						Body CareBeer & WineDiscover MoreCateringBuy
					It AgainSprouts BrandsNew ItemsExclusivesPrepared Foods",,,,,267-539-9365
Philadelphia,,"ExploreRecipesArticles & ResourcesLocal StoriesCommunitySaveWeekly AdDeals of the MonthMember-only EventsDigital CouponsShopDietOrganicGluten-freePlant-BasedKetoPaleoNon-GMOCategoriesProduceDeli & Prepared FoodsBakeryBulkDairyMeat & SeafoodGrocery
						AislesFrozenVitamins &
						Body CareBeer & WineDiscover MoreCateringBuy
					It AgainSprouts BrandsNew ItemsExclusivesPrepared Foods",,,,,215-606-2400
Rivermark Northern Liberties,,"ExploreRecipesArticles & ResourcesLocal StoriesCommunitySaveWeekly AdDeals of the MonthMember-only EventsDigital CouponsShopDietOrganicGluten-freePlant-BasedKetoPaleoNon-GMOCategoriesProduceDeli & Prepared FoodsBakeryBulkDairyMeat & SeafoodGrocery
						AislesFrozenVitamins &
						Body CareBeer & WineDiscover MoreCateringBuy
					It AgainSprouts BrandsNew ItemsExclusivesPrepared Foods",,,,,445-308-5839
York,,"ExploreRecipesArticles & ResourcesLocal StoriesCommunitySaveWeekly AdDeals of the MonthMember-only EventsDigital CouponsShopDietOrganicGluten-freePlant-BasedKetoPaleoNon-GMOCategoriesProduceDeli & Prepared FoodsBakeryBulkDairyMeat & SeafoodGrocery
						AislesFrozenVitamins &
						Body CareBeer & WineDiscover MoreCateringBuy
					It AgainSprouts BrandsNew ItemsExclusivesPrepared Foods",,,,,717-415-3871
Greenville,,"ExploreRecipesArticles & ResourcesLocal StoriesCommunitySaveWeekly AdDeals of the MonthMember-only EventsDigital CouponsShopDietOrganicGluten-freePlant-BasedKetoPaleoNon-GMOCategoriesProduceDeli & Prepared FoodsBakeryBulkDairyMeat & SeafoodGrocery
						AislesFrozenVitamins &
						Body CareBeer & WineDiscover MoreCateringBuy
					It AgainSprouts BrandsNew ItemsExclusivesPrepared Foods",,,,,864-914-3148
Simpsonville,,"ExploreRecipesArticles & ResourcesLocal StoriesCommunitySaveWeekly AdDeals of the MonthMember-only EventsDigital CouponsShopDietOrganicGluten-freePlant-BasedKetoPaleoNon-GMOCategoriesProduceDeli & Prepared FoodsBakeryBulkDairyMeat & SeafoodGrocery
						AislesFrozenVitamins &
						Body CareBeer & WineDiscover MoreCateringBuy
					It AgainSprouts BrandsNew ItemsExclusivesPrepared Foods",,,,,864-757-3240
Franklin,,"ExploreRecipesArticles & ResourcesLocal StoriesCommunitySaveWeekly AdDeals of the MonthMember-only EventsDigital CouponsShopDietOrganicGluten-freePlant-BasedKetoPaleoNon-GMOCategoriesProduceDeli & Prepared FoodsBakeryBulkDairyMeat & SeafoodGrocery
						AislesFrozenVitamins &
						Body CareBeer & WineDiscover MoreCateringBuy
					It AgainSprouts BrandsNew ItemsExclusivesPrepared Foods",,,,,615-567-0191
Germantown,,"ExploreRecipesArticles & ResourcesLocal StoriesCommunitySaveWeekly AdDeals of the MonthMember-only EventsDigital CouponsShopDietOrganicGluten-freePlant-BasedKetoPaleoNon-GMOCategoriesProduceDeli & Prepared FoodsBakeryBulkDairyMeat & SeafoodGrocery
						AislesFrozenVitamins &
						Body CareBeer & WineDiscover MoreCateringBuy
					It AgainSprouts BrandsNew ItemsExclusivesPrepared Foods",,,,,901-259-7020
Knoxville,,"ExploreRecipesArticles & ResourcesLocal StoriesCommunitySaveWeekly AdDeals of the MonthMember-only EventsDigital CouponsShopDietOrganicGluten-freePlant-BasedKetoPaleoNon-GMOCategoriesProduceDeli & Prepared FoodsBakeryBulkDairyMeat & SeafoodGrocery
						AislesFrozenVitamins &
						Body CareBeer & WineDiscover MoreCateringBuy
					It AgainSprouts BrandsNew ItemsExclusivesPrepared Foods",,,,,865-489-0144
Lakeland,,"ExploreRecipesArticles & ResourcesLocal StoriesCommunitySaveWeekly AdDeals of the MonthMember-only EventsDigital CouponsShopDietOrganicGluten-freePlant-BasedKetoPaleoNon-GMOCategoriesProduceDeli & Prepared FoodsBakeryBulkDairyMeat & SeafoodGrocery
						AislesFrozenVitamins &
						Body CareBeer & WineDiscover MoreCateringBuy
					It AgainSprouts BrandsNew ItemsExclusivesPrepared Foods",,,,,901-259-3450
Madison,,"ExploreRecipesArticles & ResourcesLocal StoriesCommunitySaveWeekly AdDeals of the MonthMember-only EventsDigital CouponsShopDietOrganicGluten-freePlant-BasedKetoPaleoNon-GMOCategoriesProduceDeli & Prepared FoodsBakeryBulkDairyMeat & SeafoodGrocery
						AislesFrozenVitamins &
						Body CareBeer & WineDiscover MoreCateringBuy
					It AgainSprouts BrandsNew ItemsExclusivesPrepared Foods",,,,,615-559-1941
East Memphis,,"ExploreRecipesArticles & ResourcesLocal StoriesCommunitySaveWeekly AdDeals of the MonthMember-only EventsDigital CouponsShopDietOrganicGluten-freePlant-BasedKetoPaleoNon-GMOCategoriesProduceDeli & Prepared FoodsBakeryBulkDairyMeat & SeafoodGrocery
						AislesFrozenVitamins &
						Body CareBeer & WineDiscover MoreCateringBuy
					It AgainSprouts BrandsNew ItemsExclusivesPrepared Foods",,,,,901-620-4405
Mt. Juliet,,"ExploreRecipesArticles & ResourcesLocal StoriesCommunitySaveWeekly AdDeals of the MonthMember-only EventsDigital CouponsShopDietOrganicGluten-freePlant-BasedKetoPaleoNon-GMOCategoriesProduceDeli & Prepared FoodsBakeryBulkDairyMeat & SeafoodGrocery
						AislesFrozenVitamins &
						Body CareBeer & WineDiscover MoreCateringBuy
					It AgainSprouts BrandsNew ItemsExclusivesPrepared Foods",,,,,
Murfreesboro,,"ExploreRecipesArticles & ResourcesLocal StoriesCommunitySaveWeekly AdDeals of the MonthMember-only EventsDigital CouponsShopDietOrganicGluten-freePlant-BasedKetoPaleoNon-GMOCategoriesProduceDeli & Prepared FoodsBakeryBulkDairyMeat & SeafoodGrocery
						AislesFrozenVitamins &
						Body CareBeer & WineDiscover MoreCateringBuy
					It AgainSprouts BrandsNew ItemsExclusivesPrepared Foods",,,,,615-486-6081
Nashville-Nolensville,,"ExploreRecipesArticles & ResourcesLocal StoriesCommunitySaveWeekly AdDeals of the MonthMember-only EventsDigital CouponsShopDietOrganicGluten-freePlant-BasedKetoPaleoNon-GMOCategoriesProduceDeli & Prepared FoodsBakeryBulkDairyMeat & SeafoodGrocery
						AislesFrozenVitamins &
						Body CareBeer & WineDiscover MoreCateringBuy
					It AgainSprouts BrandsNew ItemsExclusivesPrepared Foods",,,,,629-736-3268
Bellevue,,"ExploreRecipesArticles & ResourcesLocal StoriesCommunitySaveWeekly AdDeals of the MonthMember-only EventsDigital CouponsShopDietOrganicGluten-freePlant-BasedKetoPaleoNon-GMOCategoriesProduceDeli & Prepared FoodsBakeryBulkDairyMeat & SeafoodGrocery
						AislesFrozenVitamins &
						Body CareBeer & WineDiscover MoreCateringBuy
					It AgainSprouts BrandsNew ItemsExclusivesPrepared Foods",,,,,615-209-7940
Allen,,"ExploreRecipesArticles & ResourcesLocal StoriesCommunitySaveWeekly AdDeals of the MonthMember-only EventsDigital CouponsShopDietOrganicGluten-freePlant-BasedKetoPaleoNon-GMOCategoriesProduceDeli & Prepared FoodsBakeryBulkDairyMeat & SeafoodGrocery
						AislesFrozenVitamins &
						Body CareBeer & WineDiscover MoreCateringBuy
					It AgainSprouts BrandsNew ItemsExclusivesPrepared Foods",,,,,972-521-0057
Arlington,,"ExploreRecipesArticles & ResourcesLocal StoriesCommunitySaveWeekly AdDeals of the MonthMember-only EventsDigital CouponsShopDietOrganicGluten-freePlant-BasedKetoPaleoNon-GMOCategoriesProduceDeli & Prepared FoodsBakeryBulkDairyMeat & SeafoodGrocery
						AislesFrozenVitamins &
						Body CareBeer & WineDiscover MoreCateringBuy
					It AgainSprouts BrandsNew ItemsExclusivesPrepared Foods",,,,,682-587-0086
Austin – Great Hills,,"ExploreRecipesArticles & ResourcesLocal StoriesCommunitySaveWeekly AdDeals of the MonthMember-only EventsDigital CouponsShopDietOrganicGluten-freePlant-BasedKetoPaleoNon-GMOCategoriesProduceDeli & Prepared FoodsBakeryBulkDairyMeat & SeafoodGrocery
						AislesFrozenVitamins &
						Body CareBeer & WineDiscover MoreCateringBuy
					It AgainSprouts BrandsNew ItemsExclusivesPrepared Foods",,,,,512-225-9101
Austin – Manchaca Rd.,,"ExploreRecipesArticles & ResourcesLocal StoriesCommunitySaveWeekly AdDeals of the MonthMember-only EventsDigital CouponsShopDietOrganicGluten-freePlant-BasedKetoPaleoNon-GMOCategoriesProduceDeli & Prepared FoodsBakeryBulkDairyMeat & SeafoodGrocery
						AislesFrozenVitamins &
						Body CareBeer & WineDiscover MoreCateringBuy
					It AgainSprouts BrandsNew ItemsExclusivesPrepared Foods",,,,,512-687-2204
Austin – South Lamar Blvd.,,"ExploreRecipesArticles & ResourcesLocal StoriesCommunitySaveWeekly AdDeals of the MonthMember-only EventsDigital CouponsShopDietOrganicGluten-freePlant-BasedKetoPaleoNon-GMOCategoriesProduceDeli & Prepared FoodsBakeryBulkDairyMeat & SeafoodGrocery
						AislesFrozenVitamins &
						Body CareBeer & WineDiscover MoreCateringBuy
					It AgainSprouts BrandsNew ItemsExclusivesPrepared Foods",,,,,512-444-3079
Bastrop,,"ExploreRecipesArticles & ResourcesLocal StoriesCommunitySaveWeekly AdDeals of the MonthMember-only EventsDigital CouponsShopDietOrganicGluten-freePlant-BasedKetoPaleoNon-GMOCategoriesProduceDeli & Prepared FoodsBakeryBulkDairyMeat & SeafoodGrocery
						AislesFrozenVitamins &
						Body CareBeer & WineDiscover MoreCateringBuy
					It AgainSprouts BrandsNew ItemsExclusivesPrepared Foods",,,,,737-355-8344
Burleson,,"ExploreRecipesArticles & ResourcesLocal StoriesCommunitySaveWeekly AdDeals of the MonthMember-only EventsDigital CouponsShopDietOrganicGluten-freePlant-BasedKetoPaleoNon-GMOCategoriesProduceDeli & Prepared FoodsBakeryBulkDairyMeat & SeafoodGrocery
						AislesFrozenVitamins &
						Body CareBeer & WineDiscover MoreCateringBuy
					It AgainSprouts BrandsNew ItemsExclusivesPrepared Foods",,,,,817-971-0024
Carrollton,,"ExploreRecipesArticles & ResourcesLocal StoriesCommunitySaveWeekly AdDeals of the MonthMember-only EventsDigital CouponsShopDietOrganicGluten-freePlant-BasedKetoPaleoNon-GMOCategoriesProduceDeli & Prepared FoodsBakeryBulkDairyMeat & SeafoodGrocery
						AislesFrozenVitamins &
						Body CareBeer & WineDiscover MoreCateringBuy
					It AgainSprouts BrandsNew ItemsExclusivesPrepared Foods",,,,,972-428-5785
Cedar Hill,,"ExploreRecipesArticles & ResourcesLocal StoriesCommunitySaveWeekly AdDeals of the MonthMember-only EventsDigital CouponsShopDietOrganicGluten-freePlant-BasedKetoPaleoNon-GMOCategoriesProduceDeli & Prepared FoodsBakeryBulkDairyMeat & SeafoodGrocery
						AislesFrozenVitamins &
						Body CareBeer & WineDiscover MoreCateringBuy
					It AgainSprouts BrandsNew ItemsExclusivesPrepared Foods",,,,,972-637-5108
Cedar Park,,"ExploreRecipesArticles & ResourcesLocal StoriesCommunitySaveWeekly AdDeals of the MonthMember-only EventsDigital CouponsShopDietOrganicGluten-freePlant-BasedKetoPaleoNon-GMOCategoriesProduceDeli & Prepared FoodsBakeryBulkDairyMeat & SeafoodGrocery
						AislesFrozenVitamins &
						Body CareBeer & WineDiscover MoreCateringBuy
					It AgainSprouts BrandsNew ItemsExclusivesPrepared Foods",,,,,512-279-8312
Coppell,,"ExploreRecipesArticles & ResourcesLocal StoriesCommunitySaveWeekly AdDeals of the MonthMember-only EventsDigital CouponsShopDietOrganicGluten-freePlant-BasedKetoPaleoNon-GMOCategoriesProduceDeli & Prepared FoodsBakeryBulkDairyMeat & SeafoodGrocery
						AislesFrozenVitamins &
						Body CareBeer & WineDiscover MoreCateringBuy
					It AgainSprouts BrandsNew ItemsExclusivesPrepared Foods",,,,,972-350-8051
Corpus Christi,,"ExploreRecipesArticles & ResourcesLocal StoriesCommunitySaveWeekly AdDeals of the MonthMember-only EventsDigital CouponsShopDietOrganicGluten-freePlant-BasedKetoPaleoNon-GMOCategoriesProduceDeli & Prepared FoodsBakeryBulkDairyMeat & SeafoodGrocery
						AislesFrozenVitamins &
						Body CareBeer & WineDiscover MoreCateringBuy
					It AgainSprouts BrandsNew ItemsExclusivesPrepared Foods",,,,,361-357-0862
Dallas-Hillside,,"ExploreRecipesArticles & ResourcesLocal StoriesCommunitySaveWeekly AdDeals of the MonthMember-only EventsDigital CouponsShopDietOrganicGluten-freePlant-BasedKetoPaleoNon-GMOCategoriesProduceDeli & Prepared FoodsBakeryBulkDairyMeat & SeafoodGrocery
						AislesFrozenVitamins &
						Body CareBeer & WineDiscover MoreCateringBuy
					It AgainSprouts BrandsNew ItemsExclusivesPrepared Foods",,,,,945-219-3141
Dallas – Henderson Ave.,,"ExploreRecipesArticles & ResourcesLocal StoriesCommunitySaveWeekly AdDeals of the MonthMember-only EventsDigital CouponsShopDietOrganicGluten-freePlant-BasedKetoPaleoNon-GMOCategoriesProduceDeli & Prepared FoodsBakeryBulkDairyMeat & SeafoodGrocery
						AislesFrozenVitamins &
						Body CareBeer & WineDiscover MoreCateringBuy
					It AgainSprouts BrandsNew ItemsExclusivesPrepared Foods",,,,,214-826-2937
Dallas – Marsh Ln.,,"ExploreRecipesArticles & ResourcesLocal StoriesCommunitySaveWeekly AdDeals of the MonthMember-only EventsDigital CouponsShopDietOrganicGluten-freePlant-BasedKetoPaleoNon-GMOCategoriesProduceDeli & Prepared FoodsBakeryBulkDairyMeat & SeafoodGrocery
						AislesFrozenVitamins &
						Body CareBeer & WineDiscover MoreCateringBuy
					It AgainSprouts BrandsNew ItemsExclusivesPrepared Foods",,,,,214-350-0574
Lake Highlands,,"ExploreRecipesArticles & ResourcesLocal StoriesCommunitySaveWeekly AdDeals of the MonthMember-only EventsDigital CouponsShopDietOrganicGluten-freePlant-BasedKetoPaleoNon-GMOCategoriesProduceDeli & Prepared FoodsBakeryBulkDairyMeat & SeafoodGrocery
						AislesFrozenVitamins &
						Body CareBeer & WineDiscover MoreCateringBuy
					It AgainSprouts BrandsNew ItemsExclusivesPrepared Foods",,,,,469-210-8166
Kessler Park,,"ExploreRecipesArticles & ResourcesLocal StoriesCommunitySaveWeekly AdDeals of the MonthMember-only EventsDigital CouponsShopDietOrganicGluten-freePlant-BasedKetoPaleoNon-GMOCategoriesProduceDeli & Prepared FoodsBakeryBulkDairyMeat & SeafoodGrocery
						AislesFrozenVitamins &
						Body CareBeer & WineDiscover MoreCateringBuy
					It AgainSprouts BrandsNew ItemsExclusivesPrepared Foods",,,,,214-884-6490
Trinity Mills,,"ExploreRecipesArticles & ResourcesLocal StoriesCommunitySaveWeekly AdDeals of the MonthMember-only EventsDigital CouponsShopDietOrganicGluten-freePlant-BasedKetoPaleoNon-GMOCategoriesProduceDeli & Prepared FoodsBakeryBulkDairyMeat & SeafoodGrocery
						AislesFrozenVitamins &
						Body CareBeer & WineDiscover MoreCateringBuy
					It AgainSprouts BrandsNew ItemsExclusivesPrepared Foods",,,,,469-865-1876
Denton,,"ExploreRecipesArticles & ResourcesLocal StoriesCommunitySaveWeekly AdDeals of the MonthMember-only EventsDigital CouponsShopDietOrganicGluten-freePlant-BasedKetoPaleoNon-GMOCategoriesProduceDeli & Prepared FoodsBakeryBulkDairyMeat & SeafoodGrocery
						AislesFrozenVitamins &
						Body CareBeer & WineDiscover MoreCateringBuy
					It AgainSprouts BrandsNew ItemsExclusivesPrepared Foods",,,,,940-999-2263
El Paso – Gateway,,"ExploreRecipesArticles & ResourcesLocal StoriesCommunitySaveWeekly AdDeals of the MonthMember-only EventsDigital CouponsShopDietOrganicGluten-freePlant-BasedKetoPaleoNon-GMOCategoriesProduceDeli & Prepared FoodsBakeryBulkDairyMeat & SeafoodGrocery
						AislesFrozenVitamins &
						Body CareBeer & WineDiscover MoreCateringBuy
					It AgainSprouts BrandsNew ItemsExclusivesPrepared Foods",,,,,915-444-3585
El Paso – Zaragoza Rd.,,"ExploreRecipesArticles & ResourcesLocal StoriesCommunitySaveWeekly AdDeals of the MonthMember-only EventsDigital CouponsShopDietOrganicGluten-freePlant-BasedKetoPaleoNon-GMOCategoriesProduceDeli & Prepared FoodsBakeryBulkDairyMeat & SeafoodGrocery
						AislesFrozenVitamins &
						Body CareBeer & WineDiscover MoreCateringBuy
					It AgainSprouts BrandsNew ItemsExclusivesPrepared Foods",,,,,915-218-2954
El Paso,,"ExploreRecipesArticles & ResourcesLocal StoriesCommunitySaveWeekly AdDeals of the MonthMember-only EventsDigital CouponsShopDietOrganicGluten-freePlant-BasedKetoPaleoNon-GMOCategoriesProduceDeli & Prepared FoodsBakeryBulkDairyMeat & SeafoodGrocery
						AislesFrozenVitamins &
						Body CareBeer & WineDiscover MoreCateringBuy
					It AgainSprouts BrandsNew ItemsExclusivesPrepared Foods",,,,,915-833-3380
Flower Mound,,"ExploreRecipesArticles & ResourcesLocal StoriesCommunitySaveWeekly AdDeals of the MonthMember-only EventsDigital CouponsShopDietOrganicGluten-freePlant-BasedKetoPaleoNon-GMOCategoriesProduceDeli & Prepared FoodsBakeryBulkDairyMeat & SeafoodGrocery
						AislesFrozenVitamins &
						Body CareBeer & WineDiscover MoreCateringBuy
					It AgainSprouts BrandsNew ItemsExclusivesPrepared Foods",,,,,972-874-7380
North Fort Worth-W. Bailey Boswell Rd.,,"ExploreRecipesArticles & ResourcesLocal StoriesCommunitySaveWeekly AdDeals of the MonthMember-only EventsDigital CouponsShopDietOrganicGluten-freePlant-BasedKetoPaleoNon-GMOCategoriesProduceDeli & Prepared FoodsBakeryBulkDairyMeat & SeafoodGrocery
						AislesFrozenVitamins &
						Body CareBeer & WineDiscover MoreCateringBuy
					It AgainSprouts BrandsNew ItemsExclusivesPrepared Foods",,,,,682-432-7579
Fort Worth – Camp Bowie,,"ExploreRecipesArticles & ResourcesLocal StoriesCommunitySaveWeekly AdDeals of the MonthMember-only EventsDigital CouponsShopDietOrganicGluten-freePlant-BasedKetoPaleoNon-GMOCategoriesProduceDeli & Prepared FoodsBakeryBulkDairyMeat & SeafoodGrocery
						AislesFrozenVitamins &
						Body CareBeer & WineDiscover MoreCateringBuy
					It AgainSprouts BrandsNew ItemsExclusivesPrepared Foods",,,,,682-747-5456
Fort Worth,,"ExploreRecipesArticles & ResourcesLocal StoriesCommunitySaveWeekly AdDeals of the MonthMember-only EventsDigital CouponsShopDietOrganicGluten-freePlant-BasedKetoPaleoNon-GMOCategoriesProduceDeli & Prepared FoodsBakeryBulkDairyMeat & SeafoodGrocery
						AislesFrozenVitamins &
						Body CareBeer & WineDiscover MoreCateringBuy
					It AgainSprouts BrandsNew ItemsExclusivesPrepared Foods",,,,,682-747-5790
Frisco – Eldorado Pkwy.,,"ExploreRecipesArticles & ResourcesLocal StoriesCommunitySaveWeekly AdDeals of the MonthMember-only EventsDigital CouponsShopDietOrganicGluten-freePlant-BasedKetoPaleoNon-GMOCategoriesProduceDeli & Prepared FoodsBakeryBulkDairyMeat & SeafoodGrocery
						AislesFrozenVitamins &
						Body CareBeer & WineDiscover MoreCateringBuy
					It AgainSprouts BrandsNew ItemsExclusivesPrepared Foods",,,,,469-731-7261
Frisco,,"ExploreRecipesArticles & ResourcesLocal StoriesCommunitySaveWeekly AdDeals of the MonthMember-only EventsDigital CouponsShopDietOrganicGluten-freePlant-BasedKetoPaleoNon-GMOCategoriesProduceDeli & Prepared FoodsBakeryBulkDairyMeat & SeafoodGrocery
						AislesFrozenVitamins &
						Body CareBeer & WineDiscover MoreCateringBuy
					It AgainSprouts BrandsNew ItemsExclusivesPrepared Foods",,,,,972-464-5776
Georgetown-Wildwood Dr.,,"ExploreRecipesArticles & ResourcesLocal StoriesCommunitySaveWeekly AdDeals of the MonthMember-only EventsDigital CouponsShopDietOrganicGluten-freePlant-BasedKetoPaleoNon-GMOCategoriesProduceDeli & Prepared FoodsBakeryBulkDairyMeat & SeafoodGrocery
						AislesFrozenVitamins &
						Body CareBeer & WineDiscover MoreCateringBuy
					It AgainSprouts BrandsNew ItemsExclusivesPrepared Foods",,,,,512-882-7493
Grand Prairie,,"ExploreRecipesArticles & ResourcesLocal StoriesCommunitySaveWeekly AdDeals of the MonthMember-only EventsDigital CouponsShopDietOrganicGluten-freePlant-BasedKetoPaleoNon-GMOCategoriesProduceDeli & Prepared FoodsBakeryBulkDairyMeat & SeafoodGrocery
						AislesFrozenVitamins &
						Body CareBeer & WineDiscover MoreCateringBuy
					It AgainSprouts BrandsNew ItemsExclusivesPrepared Foods",,,,,469-870-7863
Copperfield,,"ExploreRecipesArticles & ResourcesLocal StoriesCommunitySaveWeekly AdDeals of the MonthMember-only EventsDigital CouponsShopDietOrganicGluten-freePlant-BasedKetoPaleoNon-GMOCategoriesProduceDeli & Prepared FoodsBakeryBulkDairyMeat & SeafoodGrocery
						AislesFrozenVitamins &
						Body CareBeer & WineDiscover MoreCateringBuy
					It AgainSprouts BrandsNew ItemsExclusivesPrepared Foods",,,,,832-575-2201
Spring Cypress Village,,"ExploreRecipesArticles & ResourcesLocal StoriesCommunitySaveWeekly AdDeals of the MonthMember-only EventsDigital CouponsShopDietOrganicGluten-freePlant-BasedKetoPaleoNon-GMOCategoriesProduceDeli & Prepared FoodsBakeryBulkDairyMeat & SeafoodGrocery
						AislesFrozenVitamins &
						Body CareBeer & WineDiscover MoreCateringBuy
					It AgainSprouts BrandsNew ItemsExclusivesPrepared Foods",,,,,832-698-0004
The Heights,,"ExploreRecipesArticles & ResourcesLocal StoriesCommunitySaveWeekly AdDeals of the MonthMember-only EventsDigital CouponsShopDietOrganicGluten-freePlant-BasedKetoPaleoNon-GMOCategoriesProduceDeli & Prepared FoodsBakeryBulkDairyMeat & SeafoodGrocery
						AislesFrozenVitamins &
						Body CareBeer & WineDiscover MoreCateringBuy
					It AgainSprouts BrandsNew ItemsExclusivesPrepared Foods",,,,,713-395-4590
Hurst,,"ExploreRecipesArticles & ResourcesLocal StoriesCommunitySaveWeekly AdDeals of the MonthMember-only EventsDigital CouponsShopDietOrganicGluten-freePlant-BasedKetoPaleoNon-GMOCategoriesProduceDeli & Prepared FoodsBakeryBulkDairyMeat & SeafoodGrocery
						AislesFrozenVitamins &
						Body CareBeer & WineDiscover MoreCateringBuy
					It AgainSprouts BrandsNew ItemsExclusivesPrepared Foods",,,,,682-325-5977
Las Colinas,,"ExploreRecipesArticles & ResourcesLocal StoriesCommunitySaveWeekly AdDeals of the MonthMember-only EventsDigital CouponsShopDietOrganicGluten-freePlant-BasedKetoPaleoNon-GMOCategoriesProduceDeli & Prepared FoodsBakeryBulkDairyMeat & SeafoodGrocery
						AislesFrozenVitamins &
						Body CareBeer & WineDiscover MoreCateringBuy
					It AgainSprouts BrandsNew ItemsExclusivesPrepared Foods",,,,,972-232-7926
Katy,,"ExploreRecipesArticles & ResourcesLocal StoriesCommunitySaveWeekly AdDeals of the MonthMember-only EventsDigital CouponsShopDietOrganicGluten-freePlant-BasedKetoPaleoNon-GMOCategoriesProduceDeli & Prepared FoodsBakeryBulkDairyMeat & SeafoodGrocery
						AislesFrozenVitamins &
						Body CareBeer & WineDiscover MoreCateringBuy
					It AgainSprouts BrandsNew ItemsExclusivesPrepared Foods",,,,,281-769-0444
Keller,,"ExploreRecipesArticles & ResourcesLocal StoriesCommunitySaveWeekly AdDeals of the MonthMember-only EventsDigital CouponsShopDietOrganicGluten-freePlant-BasedKetoPaleoNon-GMOCategoriesProduceDeli & Prepared FoodsBakeryBulkDairyMeat & SeafoodGrocery
						AislesFrozenVitamins &
						Body CareBeer & WineDiscover MoreCateringBuy
					It AgainSprouts BrandsNew ItemsExclusivesPrepared Foods",,,,,817-380-7024
Kingwood,,"ExploreRecipesArticles & ResourcesLocal StoriesCommunitySaveWeekly AdDeals of the MonthMember-only EventsDigital CouponsShopDietOrganicGluten-freePlant-BasedKetoPaleoNon-GMOCategoriesProduceDeli & Prepared FoodsBakeryBulkDairyMeat & SeafoodGrocery
						AislesFrozenVitamins &
						Body CareBeer & WineDiscover MoreCateringBuy
					It AgainSprouts BrandsNew ItemsExclusivesPrepared Foods",,,,,
Kyle,,"ExploreRecipesArticles & ResourcesLocal StoriesCommunitySaveWeekly AdDeals of the MonthMember-only EventsDigital CouponsShopDietOrganicGluten-freePlant-BasedKetoPaleoNon-GMOCategoriesProduceDeli & Prepared FoodsBakeryBulkDairyMeat & SeafoodGrocery
						AislesFrozenVitamins &
						Body CareBeer & WineDiscover MoreCateringBuy
					It AgainSprouts BrandsNew ItemsExclusivesPrepared Foods",,,,,
Longview,,"ExploreRecipesArticles & ResourcesLocal StoriesCommunitySaveWeekly AdDeals of the MonthMember-only EventsDigital CouponsShopDietOrganicGluten-freePlant-BasedKetoPaleoNon-GMOCategoriesProduceDeli & Prepared FoodsBakeryBulkDairyMeat & SeafoodGrocery
						AislesFrozenVitamins &
						Body CareBeer & WineDiscover MoreCateringBuy
					It AgainSprouts BrandsNew ItemsExclusivesPrepared Foods",,,,,
Lubbock,,"ExploreRecipesArticles & ResourcesLocal StoriesCommunitySaveWeekly AdDeals of the MonthMember-only EventsDigital CouponsShopDietOrganicGluten-freePlant-BasedKetoPaleoNon-GMOCategoriesProduceDeli & Prepared FoodsBakeryBulkDairyMeat & SeafoodGrocery
						AislesFrozenVitamins &
						Body CareBeer & WineDiscover MoreCateringBuy
					It AgainSprouts BrandsNew ItemsExclusivesPrepared Foods",,,,,806-794-4900
Mansfield,,"ExploreRecipesArticles & ResourcesLocal StoriesCommunitySaveWeekly AdDeals of the MonthMember-only EventsDigital CouponsShopDietOrganicGluten-freePlant-BasedKetoPaleoNon-GMOCategoriesProduceDeli & Prepared FoodsBakeryBulkDairyMeat & SeafoodGrocery
						AislesFrozenVitamins &
						Body CareBeer & WineDiscover MoreCateringBuy
					It AgainSprouts BrandsNew ItemsExclusivesPrepared Foods",,,,,682-422-0061
McAllen,,"ExploreRecipesArticles & ResourcesLocal StoriesCommunitySaveWeekly AdDeals of the MonthMember-only EventsDigital CouponsShopDietOrganicGluten-freePlant-BasedKetoPaleoNon-GMOCategoriesProduceDeli & Prepared FoodsBakeryBulkDairyMeat & SeafoodGrocery
						AislesFrozenVitamins &
						Body CareBeer & WineDiscover MoreCateringBuy
					It AgainSprouts BrandsNew ItemsExclusivesPrepared Foods",,,,,956-331-2123
McKinney-Virginia Pkwy & Custer Rd.,,"ExploreRecipesArticles & ResourcesLocal StoriesCommunitySaveWeekly AdDeals of the MonthMember-only EventsDigital CouponsShopDietOrganicGluten-freePlant-BasedKetoPaleoNon-GMOCategoriesProduceDeli & Prepared FoodsBakeryBulkDairyMeat & SeafoodGrocery
						AislesFrozenVitamins &
						Body CareBeer & WineDiscover MoreCateringBuy
					It AgainSprouts BrandsNew ItemsExclusivesPrepared Foods",,,,,469-481-5000
Mckinney-Virginia Pkwy. & Central Expy.,,"ExploreRecipesArticles & ResourcesLocal StoriesCommunitySaveWeekly AdDeals of the MonthMember-only EventsDigital CouponsShopDietOrganicGluten-freePlant-BasedKetoPaleoNon-GMOCategoriesProduceDeli & Prepared FoodsBakeryBulkDairyMeat & SeafoodGrocery
						AislesFrozenVitamins &
						Body CareBeer & WineDiscover MoreCateringBuy
					It AgainSprouts BrandsNew ItemsExclusivesPrepared Foods",,,,,430-262-6085
Mesquite,,"ExploreRecipesArticles & ResourcesLocal StoriesCommunitySaveWeekly AdDeals of the MonthMember-only EventsDigital CouponsShopDietOrganicGluten-freePlant-BasedKetoPaleoNon-GMOCategoriesProduceDeli & Prepared FoodsBakeryBulkDairyMeat & SeafoodGrocery
						AislesFrozenVitamins &
						Body CareBeer & WineDiscover MoreCateringBuy
					It AgainSprouts BrandsNew ItemsExclusivesPrepared Foods",,,,,469-983-2045
Austin-Mueller,,"ExploreRecipesArticles & ResourcesLocal StoriesCommunitySaveWeekly AdDeals of the MonthMember-only EventsDigital CouponsShopDietOrganicGluten-freePlant-BasedKetoPaleoNon-GMOCategoriesProduceDeli & Prepared FoodsBakeryBulkDairyMeat & SeafoodGrocery
						AislesFrozenVitamins &
						Body CareBeer & WineDiscover MoreCateringBuy
					It AgainSprouts BrandsNew ItemsExclusivesPrepared Foods",,,,,737-301-5648
Murphy,,"ExploreRecipesArticles & ResourcesLocal StoriesCommunitySaveWeekly AdDeals of the MonthMember-only EventsDigital CouponsShopDietOrganicGluten-freePlant-BasedKetoPaleoNon-GMOCategoriesProduceDeli & Prepared FoodsBakeryBulkDairyMeat & SeafoodGrocery
						AislesFrozenVitamins &
						Body CareBeer & WineDiscover MoreCateringBuy
					It AgainSprouts BrandsNew ItemsExclusivesPrepared Foods",,,,,972-265-4770
New Braunfels,,"ExploreRecipesArticles & ResourcesLocal StoriesCommunitySaveWeekly AdDeals of the MonthMember-only EventsDigital CouponsShopDietOrganicGluten-freePlant-BasedKetoPaleoNon-GMOCategoriesProduceDeli & Prepared FoodsBakeryBulkDairyMeat & SeafoodGrocery
						AislesFrozenVitamins &
						Body CareBeer & WineDiscover MoreCateringBuy
					It AgainSprouts BrandsNew ItemsExclusivesPrepared Foods",,,,,830-360-9242
Pearland,,"ExploreRecipesArticles & ResourcesLocal StoriesCommunitySaveWeekly AdDeals of the MonthMember-only EventsDigital CouponsShopDietOrganicGluten-freePlant-BasedKetoPaleoNon-GMOCategoriesProduceDeli & Prepared FoodsBakeryBulkDairyMeat & SeafoodGrocery
						AislesFrozenVitamins &
						Body CareBeer & WineDiscover MoreCateringBuy
					It AgainSprouts BrandsNew ItemsExclusivesPrepared Foods",,,,,713-482-3987
Plano,,"ExploreRecipesArticles & ResourcesLocal StoriesCommunitySaveWeekly AdDeals of the MonthMember-only EventsDigital CouponsShopDietOrganicGluten-freePlant-BasedKetoPaleoNon-GMOCategoriesProduceDeli & Prepared FoodsBakeryBulkDairyMeat & SeafoodGrocery
						AislesFrozenVitamins &
						Body CareBeer & WineDiscover MoreCateringBuy
					It AgainSprouts BrandsNew ItemsExclusivesPrepared Foods",,,,,972-618-8902
Providence Village,,"ExploreRecipesArticles & ResourcesLocal StoriesCommunitySaveWeekly AdDeals of the MonthMember-only EventsDigital CouponsShopDietOrganicGluten-freePlant-BasedKetoPaleoNon-GMOCategoriesProduceDeli & Prepared FoodsBakeryBulkDairyMeat & SeafoodGrocery
						AislesFrozenVitamins &
						Body CareBeer & WineDiscover MoreCateringBuy
					It AgainSprouts BrandsNew ItemsExclusivesPrepared Foods",,,,,940-650-0071
Richardson,,"ExploreRecipesArticles & ResourcesLocal StoriesCommunitySaveWeekly AdDeals of the MonthMember-only EventsDigital CouponsShopDietOrganicGluten-freePlant-BasedKetoPaleoNon-GMOCategoriesProduceDeli & Prepared FoodsBakeryBulkDairyMeat & SeafoodGrocery
						AislesFrozenVitamins &
						Body CareBeer & WineDiscover MoreCateringBuy
					It AgainSprouts BrandsNew ItemsExclusivesPrepared Foods",,,,,214-442-5961
Richmond,,"ExploreRecipesArticles & ResourcesLocal StoriesCommunitySaveWeekly AdDeals of the MonthMember-only EventsDigital CouponsShopDietOrganicGluten-freePlant-BasedKetoPaleoNon-GMOCategoriesProduceDeli & Prepared FoodsBakeryBulkDairyMeat & SeafoodGrocery
						AislesFrozenVitamins &
						Body CareBeer & WineDiscover MoreCateringBuy
					It AgainSprouts BrandsNew ItemsExclusivesPrepared Foods",,,,,346-658-4382
Rockwall,,"ExploreRecipesArticles & ResourcesLocal StoriesCommunitySaveWeekly AdDeals of the MonthMember-only EventsDigital CouponsShopDietOrganicGluten-freePlant-BasedKetoPaleoNon-GMOCategoriesProduceDeli & Prepared FoodsBakeryBulkDairyMeat & SeafoodGrocery
						AislesFrozenVitamins &
						Body CareBeer & WineDiscover MoreCateringBuy
					It AgainSprouts BrandsNew ItemsExclusivesPrepared Foods",,,,,254-269-4011
Round Rock,,"ExploreRecipesArticles & ResourcesLocal StoriesCommunitySaveWeekly AdDeals of the MonthMember-only EventsDigital CouponsShopDietOrganicGluten-freePlant-BasedKetoPaleoNon-GMOCategoriesProduceDeli & Prepared FoodsBakeryBulkDairyMeat & SeafoodGrocery
						AislesFrozenVitamins &
						Body CareBeer & WineDiscover MoreCateringBuy
					It AgainSprouts BrandsNew ItemsExclusivesPrepared Foods",,,,,512-334-4684
Rowlett,,"ExploreRecipesArticles & ResourcesLocal StoriesCommunitySaveWeekly AdDeals of the MonthMember-only EventsDigital CouponsShopDietOrganicGluten-freePlant-BasedKetoPaleoNon-GMOCategoriesProduceDeli & Prepared FoodsBakeryBulkDairyMeat & SeafoodGrocery
						AislesFrozenVitamins &
						Body CareBeer & WineDiscover MoreCateringBuy
					It AgainSprouts BrandsNew ItemsExclusivesPrepared Foods",,,,,972-265-0386
San Antonio – Hwy 151,,"ExploreRecipesArticles & ResourcesLocal StoriesCommunitySaveWeekly AdDeals of the MonthMember-only EventsDigital CouponsShopDietOrganicGluten-freePlant-BasedKetoPaleoNon-GMOCategoriesProduceDeli & Prepared FoodsBakeryBulkDairyMeat & SeafoodGrocery
						AislesFrozenVitamins &
						Body CareBeer & WineDiscover MoreCateringBuy
					It AgainSprouts BrandsNew ItemsExclusivesPrepared Foods",,,,,726-227-8068
San Antonio – Bulverde Rd.,,"ExploreRecipesArticles & ResourcesLocal StoriesCommunitySaveWeekly AdDeals of the MonthMember-only EventsDigital CouponsShopDietOrganicGluten-freePlant-BasedKetoPaleoNon-GMOCategoriesProduceDeli & Prepared FoodsBakeryBulkDairyMeat & SeafoodGrocery
						AislesFrozenVitamins &
						Body CareBeer & WineDiscover MoreCateringBuy
					It AgainSprouts BrandsNew ItemsExclusivesPrepared Foods",,,,,210-350-3985
San Antonio – Callaghan Rd.,,"ExploreRecipesArticles & ResourcesLocal StoriesCommunitySaveWeekly AdDeals of the MonthMember-only EventsDigital CouponsShopDietOrganicGluten-freePlant-BasedKetoPaleoNon-GMOCategoriesProduceDeli & Prepared FoodsBakeryBulkDairyMeat & SeafoodGrocery
						AislesFrozenVitamins &
						Body CareBeer & WineDiscover MoreCateringBuy
					It AgainSprouts BrandsNew ItemsExclusivesPrepared Foods",,,,,210-979-8121
Southlake,,"ExploreRecipesArticles & ResourcesLocal StoriesCommunitySaveWeekly AdDeals of the MonthMember-only EventsDigital CouponsShopDietOrganicGluten-freePlant-BasedKetoPaleoNon-GMOCategoriesProduceDeli & Prepared FoodsBakeryBulkDairyMeat & SeafoodGrocery
						AislesFrozenVitamins &
						Body CareBeer & WineDiscover MoreCateringBuy
					It AgainSprouts BrandsNew ItemsExclusivesPrepared Foods",,,,,682-223-5805
Spring,,"ExploreRecipesArticles & ResourcesLocal StoriesCommunitySaveWeekly AdDeals of the MonthMember-only EventsDigital CouponsShopDietOrganicGluten-freePlant-BasedKetoPaleoNon-GMOCategoriesProduceDeli & Prepared FoodsBakeryBulkDairyMeat & SeafoodGrocery
						AislesFrozenVitamins &
						Body CareBeer & WineDiscover MoreCateringBuy
					It AgainSprouts BrandsNew ItemsExclusivesPrepared Foods",,,,,832-764-5424
Tyler,,"ExploreRecipesArticles & ResourcesLocal StoriesCommunitySaveWeekly AdDeals of the MonthMember-only EventsDigital CouponsShopDietOrganicGluten-freePlant-BasedKetoPaleoNon-GMOCategoriesProduceDeli & Prepared FoodsBakeryBulkDairyMeat & SeafoodGrocery
						AislesFrozenVitamins &
						Body CareBeer & WineDiscover MoreCateringBuy
					It AgainSprouts BrandsNew ItemsExclusivesPrepared Foods",,,,,903-747-1118
Webster-Baybrook,,"ExploreRecipesArticles & ResourcesLocal StoriesCommunitySaveWeekly AdDeals of the MonthMember-only EventsDigital CouponsShopDietOrganicGluten-freePlant-BasedKetoPaleoNon-GMOCategoriesProduceDeli & Prepared FoodsBakeryBulkDairyMeat & SeafoodGrocery
						AislesFrozenVitamins &
						Body CareBeer & WineDiscover MoreCateringBuy
					It AgainSprouts BrandsNew ItemsExclusivesPrepared Foods",,,,,
Bountiful,,"ExploreRecipesArticles & ResourcesLocal StoriesCommunitySaveWeekly AdDeals of the MonthMember-only EventsDigital CouponsShopDietOrganicGluten-freePlant-BasedKetoPaleoNon-GMOCategoriesProduceDeli & Prepared FoodsBakeryBulkDairyMeat & SeafoodGrocery
						AislesFrozenVitamins &
						Body CareBeer & WineDiscover MoreCateringBuy
					It AgainSprouts BrandsNew ItemsExclusivesPrepared Foods",,,,,385-243-3247
Holladay,,"ExploreRecipesArticles & ResourcesLocal StoriesCommunitySaveWeekly AdDeals of the MonthMember-only EventsDigital CouponsShopDietOrganicGluten-freePlant-BasedKetoPaleoNon-GMOCategoriesProduceDeli & Prepared FoodsBakeryBulkDairyMeat & SeafoodGrocery
						AislesFrozenVitamins &
						Body CareBeer & WineDiscover MoreCateringBuy
					It AgainSprouts BrandsNew ItemsExclusivesPrepared Foods",,,,,385-695-6817
Murray,,"ExploreRecipesArticles & ResourcesLocal StoriesCommunitySaveWeekly AdDeals of the MonthMember-only EventsDigital CouponsShopDietOrganicGluten-freePlant-BasedKetoPaleoNon-GMOCategoriesProduceDeli & Prepared FoodsBakeryBulkDairyMeat & SeafoodGrocery
						AislesFrozenVitamins &
						Body CareBeer & WineDiscover MoreCateringBuy
					It AgainSprouts BrandsNew ItemsExclusivesPrepared Foods",,,,,801-266-3566
Orem,,"ExploreRecipesArticles & ResourcesLocal StoriesCommunitySaveWeekly AdDeals of the MonthMember-only EventsDigital CouponsShopDietOrganicGluten-freePlant-BasedKetoPaleoNon-GMOCategoriesProduceDeli & Prepared FoodsBakeryBulkDairyMeat & SeafoodGrocery
						AislesFrozenVitamins &
						Body CareBeer & WineDiscover MoreCateringBuy
					It AgainSprouts BrandsNew ItemsExclusivesPrepared Foods",,,,,801-434-1501
Salt Lake City,,"ExploreRecipesArticles & ResourcesLocal StoriesCommunitySaveWeekly AdDeals of the MonthMember-only EventsDigital CouponsShopDietOrganicGluten-freePlant-BasedKetoPaleoNon-GMOCategoriesProduceDeli & Prepared FoodsBakeryBulkDairyMeat & SeafoodGrocery
						AislesFrozenVitamins &
						Body CareBeer & WineDiscover MoreCateringBuy
					It AgainSprouts BrandsNew ItemsExclusivesPrepared Foods",,,,,801-364-1602
South Jordan,,"ExploreRecipesArticles & ResourcesLocal StoriesCommunitySaveWeekly AdDeals of the MonthMember-only EventsDigital CouponsShopDietOrganicGluten-freePlant-BasedKetoPaleoNon-GMOCategoriesProduceDeli & Prepared FoodsBakeryBulkDairyMeat & SeafoodGrocery
						AislesFrozenVitamins &
						Body CareBeer & WineDiscover MoreCateringBuy
					It AgainSprouts BrandsNew ItemsExclusivesPrepared Foods",,,,,385-695-6809
St. George,,"ExploreRecipesArticles & ResourcesLocal StoriesCommunitySaveWeekly AdDeals of the MonthMember-only EventsDigital CouponsShopDietOrganicGluten-freePlant-BasedKetoPaleoNon-GMOCategoriesProduceDeli & Prepared FoodsBakeryBulkDairyMeat & SeafoodGrocery
						AislesFrozenVitamins &
						Body CareBeer & WineDiscover MoreCateringBuy
					It AgainSprouts BrandsNew ItemsExclusivesPrepared Foods",,,,,435-301-0739
Haymarket,,"ExploreRecipesArticles & ResourcesLocal StoriesCommunitySaveWeekly AdDeals of the MonthMember-only EventsDigital CouponsShopDietOrganicGluten-freePlant-BasedKetoPaleoNon-GMOCategoriesProduceDeli & Prepared FoodsBakeryBulkDairyMeat & SeafoodGrocery
						AislesFrozenVitamins &
						Body CareBeer & WineDiscover MoreCateringBuy
					It AgainSprouts BrandsNew ItemsExclusivesPrepared Foods",,,,,540-690-6410
Herndon,,"ExploreRecipesArticles & ResourcesLocal StoriesCommunitySaveWeekly AdDeals of the MonthMember-only EventsDigital CouponsShopDietOrganicGluten-freePlant-BasedKetoPaleoNon-GMOCategoriesProduceDeli & Prepared FoodsBakeryBulkDairyMeat & SeafoodGrocery
						AislesFrozenVitamins &
						Body CareBeer & WineDiscover MoreCateringBuy
					It AgainSprouts BrandsNew ItemsExclusivesPrepared Foods",,,,,703-480-7930
Leesburg,,"ExploreRecipesArticles & ResourcesLocal StoriesCommunitySaveWeekly AdDeals of the MonthMember-only EventsDigital CouponsShopDietOrganicGluten-freePlant-BasedKetoPaleoNon-GMOCategoriesProduceDeli & Prepared FoodsBakeryBulkDairyMeat & SeafoodGrocery
						AislesFrozenVitamins &
						Body CareBeer & WineDiscover MoreCateringBuy
					It AgainSprouts BrandsNew ItemsExclusivesPrepared Foods",,,,,571-617-7904
Manassas,,"ExploreRecipesArticles & ResourcesLocal StoriesCommunitySaveWeekly AdDeals of the MonthMember-only EventsDigital CouponsShopDietOrganicGluten-freePlant-BasedKetoPaleoNon-GMOCategoriesProduceDeli & Prepared FoodsBakeryBulkDairyMeat & SeafoodGrocery
						AislesFrozenVitamins &
						Body CareBeer & WineDiscover MoreCateringBuy
					It AgainSprouts BrandsNew ItemsExclusivesPrepared Foods",,,,,571-579-3257
Mill Creek,,"ExploreRecipesArticles & ResourcesLocal StoriesCommunitySaveWeekly AdDeals of the MonthMember-only EventsDigital CouponsShopDietOrganicGluten-freePlant-BasedKetoPaleoNon-GMOCategoriesProduceDeli & Prepared FoodsBakeryBulkDairyMeat & SeafoodGrocery
						AislesFrozenVitamins &
						Body CareBeer & WineDiscover MoreCateringBuy
					It AgainSprouts BrandsNew ItemsExclusivesPrepared Foods",,,,,425-332-6670
Seattle,,"ExploreRecipesArticles & ResourcesLocal StoriesCommunitySaveWeekly AdDeals of the MonthMember-only EventsDigital CouponsShopDietOrganicGluten-freePlant-BasedKetoPaleoNon-GMOCategoriesProduceDeli & Prepared FoodsBakeryBulkDairyMeat & SeafoodGrocery
						AislesFrozenVitamins &
						Body CareBeer & WineDiscover MoreCateringBuy
					It AgainSprouts BrandsNew ItemsExclusivesPrepared Foods",,,,,206-337-4625
Silverdale,,"ExploreRecipesArticles & ResourcesLocal StoriesCommunitySaveWeekly AdDeals of the MonthMember-only EventsDigital CouponsShopDietOrganicGluten-freePlant-BasedKetoPaleoNon-GMOCategoriesProduceDeli & Prepared FoodsBakeryBulkDairyMeat & SeafoodGrocery
						AislesFrozenVitamins &
						Body CareBeer & WineDiscover MoreCateringBuy
					It AgainSprouts BrandsNew ItemsExclusivesPrepared Foods",,,,,360-900-4125
Cheyenne,,"ExploreRecipesArticles & ResourcesLocal StoriesCommunitySaveWeekly AdDeals of the MonthMember-only EventsDigital CouponsShopDietOrganicGluten-freePlant-BasedKetoPaleoNon-GMOCategoriesProduceDeli & Prepared FoodsBakeryBulkDairyMeat & SeafoodGrocery
						AislesFrozenVitamins &
						Body CareBeer & WineDiscover MoreCateringBuy
					It AgainSprouts BrandsNew ItemsExclusivesPrepared Foods",,,,,307-317-7820
