Store Name,Store Number,Store Complex,Address,City,State,Zip,Phone Number,chain,zip,NAME,median_income,total_population,median_age,pop_25plus,bachelors,masters,doctorate,college_plus,college_plus_pct
Birmingham,,"ExploreRecipesArticles & ResourcesLocal StoriesCommunitySaveWeekly AdDeals of the MonthMember-only EventsDigital CouponsShopDietOrganicGluten-freePlant-BasedKetoPaleoNon-GMOCategoriesProduceDeli & Prepared FoodsBakeryBulkDairyMeat & SeafoodGrocery
						AislesFrozenVitamins &
						Body CareBeer & WineDiscover MoreCateringBuy
					It AgainSprouts BrandsNew ItemsExclusivesPrepared Foods",,,,,205-263-2808,Sprouts,,,,,,,,,,,
Hoover,,"ExploreRecipesArticles & ResourcesLocal StoriesCommunitySaveWeekly AdDeals of the MonthMember-only EventsDigital CouponsShopDietOrganicGluten-freePlant-BasedKetoPaleoNon-GMOCategoriesProduceDeli & Prepared FoodsBakeryBulkDairyMeat & SeafoodGrocery
						AislesFrozenVitamins &
						Body CareBeer & WineDiscover MoreCateringBuy
					It AgainSprouts BrandsNew ItemsExclusivesPrepared Foods",,,,,205-263-4970,Sprouts,,,,,,,,,,,
Huntsville – Madison,,"ExploreRecipesArticles & ResourcesLocal StoriesCommunitySaveWeekly AdDeals of the MonthMember-only EventsDigital CouponsShopDietOrganicGluten-freePlant-BasedKetoPaleoNon-GMOCategoriesProduceDeli & Prepared FoodsBakeryBulkDairyMeat & SeafoodGrocery
						AislesFrozenVitamins &
						Body CareBeer & WineDiscover MoreCateringBuy
					It AgainSprouts BrandsNew ItemsExclusivesPrepared Foods",,,,,256-203-8334,Sprouts,,,,,,,,,,,
Avondale,,"ExploreRecipesArticles & ResourcesLocal StoriesCommunitySaveWeekly AdDeals of the MonthMember-only EventsDigital CouponsShopDietOrganicGluten-freePlant-BasedKetoPaleoNon-GMOCategoriesProduceDeli & Prepared FoodsBakeryBulkDairyMeat & SeafoodGrocery
						AislesFrozenVitamins &
						Body CareBeer & WineDiscover MoreCateringBuy
					It AgainSprouts BrandsNew ItemsExclusivesPrepared Foods",,,,,623-535-8989,Sprouts,,,,,,,,,,,
Cave Creek,,"ExploreRecipesArticles & ResourcesLocal StoriesCommunitySaveWeekly AdDeals of the MonthMember-only EventsDigital CouponsShopDietOrganicGluten-freePlant-BasedKetoPaleoNon-GMOCategoriesProduceDeli & Prepared FoodsBakeryBulkDairyMeat & SeafoodGrocery
						AislesFrozenVitamins &
						Body CareBeer & WineDiscover MoreCateringBuy
					It AgainSprouts BrandsNew ItemsExclusivesPrepared Foods",,,,,480-637-4699,Sprouts,,,,,,,,,,,
Chandler – Gilbert Rd.,,"ExploreRecipesArticles & ResourcesLocal StoriesCommunitySaveWeekly AdDeals of the MonthMember-only EventsDigital CouponsShopDietOrganicGluten-freePlant-BasedKetoPaleoNon-GMOCategoriesProduceDeli & Prepared FoodsBakeryBulkDairyMeat & SeafoodGrocery
						AislesFrozenVitamins &
						Body CareBeer & WineDiscover MoreCateringBuy
					It AgainSprouts BrandsNew ItemsExclusivesPrepared Foods",,,,,480-781-0088,Sprouts,,,,,,,,,,,
Chandler – Ray Rd.,,"ExploreRecipesArticles & ResourcesLocal StoriesCommunitySaveWeekly AdDeals of the MonthMember-only EventsDigital CouponsShopDietOrganicGluten-freePlant-BasedKetoPaleoNon-GMOCategoriesProduceDeli & Prepared FoodsBakeryBulkDairyMeat & SeafoodGrocery
						AislesFrozenVitamins &
						Body CareBeer & WineDiscover MoreCateringBuy
					It AgainSprouts BrandsNew ItemsExclusivesPrepared Foods",,,,,480-732-1012,Sprouts,,,,,,,,,,,
Flagstaff,,"ExploreRecipesArticles & ResourcesLocal StoriesCommunitySaveWeekly AdDeals of the MonthMember-only EventsDigital CouponsShopDietOrganicGluten-freePlant-BasedKetoPaleoNon-GMOCategoriesProduceDeli & Prepared FoodsBakeryBulkDairyMeat & SeafoodGrocery
						AislesFrozenVitamins &
						Body CareBeer & WineDiscover MoreCateringBuy
					It AgainSprouts BrandsNew ItemsExclusivesPrepared Foods",,,,,928-679-6000,Sprouts,,,,,,,,,,,
Gilbert-Higley Rd.,,"ExploreRecipesArticles & ResourcesLocal StoriesCommunitySaveWeekly AdDeals of the MonthMember-only EventsDigital CouponsShopDietOrganicGluten-freePlant-BasedKetoPaleoNon-GMOCategoriesProduceDeli & Prepared FoodsBakeryBulkDairyMeat & SeafoodGrocery
						AislesFrozenVitamins &
						Body CareBeer & WineDiscover MoreCateringBuy
					It AgainSprouts BrandsNew ItemsExclusivesPrepared Foods",,,,,520-652-3524,Sprouts,,,,,,,,,,,
Gilbert,,"ExploreRecipesArticles & ResourcesLocal StoriesCommunitySaveWeekly AdDeals of the MonthMember-only EventsDigital CouponsShopDietOrganicGluten-freePlant-BasedKetoPaleoNon-GMOCategoriesProduceDeli & Prepared FoodsBakeryBulkDairyMeat & SeafoodGrocery
						AislesFrozenVitamins &
						Body CareBeer & WineDiscover MoreCateringBuy
					It AgainSprouts BrandsNew ItemsExclusivesPrepared Foods",,,,,480-821-1511,Sprouts,,,,,,,,,,,
Sahuarita,,"ExploreRecipesArticles & ResourcesLocal StoriesCommunitySaveWeekly AdDeals of the MonthMember-only EventsDigital CouponsShopDietOrganicGluten-freePlant-BasedKetoPaleoNon-GMOCategoriesProduceDeli & Prepared FoodsBakeryBulkDairyMeat & SeafoodGrocery
						AislesFrozenVitamins &
						Body CareBeer & WineDiscover MoreCateringBuy
					It AgainSprouts BrandsNew ItemsExclusivesPrepared Foods",,,,,520-729-3370,Sprouts,,,,,,,,,,,
Laveen,,"ExploreRecipesArticles & ResourcesLocal StoriesCommunitySaveWeekly AdDeals of the MonthMember-only EventsDigital CouponsShopDietOrganicGluten-freePlant-BasedKetoPaleoNon-GMOCategoriesProduceDeli & Prepared FoodsBakeryBulkDairyMeat & SeafoodGrocery
						AislesFrozenVitamins &
						Body CareBeer & WineDiscover MoreCateringBuy
					It AgainSprouts BrandsNew ItemsExclusivesPrepared Foods",,,,,480-210-4896,Sprouts,,,,,,,,,,,
Maricopa – John Wayne Pkwy. & Edison Rd.,,"ExploreRecipesArticles & ResourcesLocal StoriesCommunitySaveWeekly AdDeals of the MonthMember-only EventsDigital CouponsShopDietOrganicGluten-freePlant-BasedKetoPaleoNon-GMOCategoriesProduceDeli & Prepared FoodsBakeryBulkDairyMeat & SeafoodGrocery
						AislesFrozenVitamins &
						Body CareBeer & WineDiscover MoreCateringBuy
					It AgainSprouts BrandsNew ItemsExclusivesPrepared Foods",,,,,520-532-1093,Sprouts,,,,,,,,,,,
Mesa – Baseline Rd.,,"ExploreRecipesArticles & ResourcesLocal StoriesCommunitySaveWeekly AdDeals of the MonthMember-only EventsDigital CouponsShopDietOrganicGluten-freePlant-BasedKetoPaleoNon-GMOCategoriesProduceDeli & Prepared FoodsBakeryBulkDairyMeat & SeafoodGrocery
						AislesFrozenVitamins &
						Body CareBeer & WineDiscover MoreCateringBuy
					It AgainSprouts BrandsNew ItemsExclusivesPrepared Foods",,,,,480-401-3758,Sprouts,,,,,,,,,,,
Mesa – Brown Rd.,,"ExploreRecipesArticles & ResourcesLocal StoriesCommunitySaveWeekly AdDeals of the MonthMember-only EventsDigital CouponsShopDietOrganicGluten-freePlant-BasedKetoPaleoNon-GMOCategoriesProduceDeli & Prepared FoodsBakeryBulkDairyMeat & SeafoodGrocery
						AislesFrozenVitamins &
						Body CareBeer & WineDiscover MoreCateringBuy
					It AgainSprouts BrandsNew ItemsExclusivesPrepared Foods",,,,,480-668-0800,Sprouts,,,,,,,,,,,
Mesa – Recker,,"ExploreRecipesArticles & ResourcesLocal StoriesCommunitySaveWeekly AdDeals of the MonthMember-only EventsDigital CouponsShopDietOrganicGluten-freePlant-BasedKetoPaleoNon-GMOCategoriesProduceDeli & Prepared FoodsBakeryBulkDairyMeat & SeafoodGrocery
						AislesFrozenVitamins &
						Body CareBeer & WineDiscover MoreCateringBuy
					It AgainSprouts BrandsNew ItemsExclusivesPrepared Foods",,,,,480-401-3870,Sprouts,,,,,,,,,,,
Mesa-Signal Butte,,"ExploreRecipesArticles & ResourcesLocal StoriesCommunitySaveWeekly AdDeals of the MonthMember-only EventsDigital CouponsShopDietOrganicGluten-freePlant-BasedKetoPaleoNon-GMOCategoriesProduceDeli & Prepared FoodsBakeryBulkDairyMeat & SeafoodGrocery
						AislesFrozenVitamins &
						Body CareBeer & WineDiscover MoreCateringBuy
					It AgainSprouts BrandsNew ItemsExclusivesPrepared Foods",,,,,480-586-3710,Sprouts,,,,,,,,,,,
Oro Valley,,"ExploreRecipesArticles & ResourcesLocal StoriesCommunitySaveWeekly AdDeals of the MonthMember-only EventsDigital CouponsShopDietOrganicGluten-freePlant-BasedKetoPaleoNon-GMOCategoriesProduceDeli & Prepared FoodsBakeryBulkDairyMeat & SeafoodGrocery
						AislesFrozenVitamins &
						Body CareBeer & WineDiscover MoreCateringBuy
					It AgainSprouts BrandsNew ItemsExclusivesPrepared Foods",,,,,520-297-5446,Sprouts,,,,,,,,,,,
Peoria – Happy Valley Rd.,,"ExploreRecipesArticles & ResourcesLocal StoriesCommunitySaveWeekly AdDeals of the MonthMember-only EventsDigital CouponsShopDietOrganicGluten-freePlant-BasedKetoPaleoNon-GMOCategoriesProduceDeli & Prepared FoodsBakeryBulkDairyMeat & SeafoodGrocery
						AislesFrozenVitamins &
						Body CareBeer & WineDiscover MoreCateringBuy
					It AgainSprouts BrandsNew ItemsExclusivesPrepared Foods",,,,,602-385-3392,Sprouts,,,,,,,,,,,
Peoria – Thunderbird,,"ExploreRecipesArticles & ResourcesLocal StoriesCommunitySaveWeekly AdDeals of the MonthMember-only EventsDigital CouponsShopDietOrganicGluten-freePlant-BasedKetoPaleoNon-GMOCategoriesProduceDeli & Prepared FoodsBakeryBulkDairyMeat & SeafoodGrocery
						AislesFrozenVitamins &
						Body CareBeer & WineDiscover MoreCateringBuy
					It AgainSprouts BrandsNew ItemsExclusivesPrepared Foods",,,,,623-334-1111,Sprouts,,,,,,,,,,,
Ahwatukee,,"ExploreRecipesArticles & ResourcesLocal StoriesCommunitySaveWeekly AdDeals of the MonthMember-only EventsDigital CouponsShopDietOrganicGluten-freePlant-BasedKetoPaleoNon-GMOCategoriesProduceDeli & Prepared FoodsBakeryBulkDairyMeat & SeafoodGrocery
						AislesFrozenVitamins &
						Body CareBeer & WineDiscover MoreCateringBuy
					It AgainSprouts BrandsNew ItemsExclusivesPrepared Foods",,,,,480-295-4901,Sprouts,,,,,,,,,,,
Glendale – Deer Valley Rd.,,"ExploreRecipesArticles & ResourcesLocal StoriesCommunitySaveWeekly AdDeals of the MonthMember-only EventsDigital CouponsShopDietOrganicGluten-freePlant-BasedKetoPaleoNon-GMOCategoriesProduceDeli & Prepared FoodsBakeryBulkDairyMeat & SeafoodGrocery
						AislesFrozenVitamins &
						Body CareBeer & WineDiscover MoreCateringBuy
					It AgainSprouts BrandsNew ItemsExclusivesPrepared Foods",,,,,623-385-4430,Sprouts,,,,,,,,,,,
Phoenix-99th Ave.,,"ExploreRecipesArticles & ResourcesLocal StoriesCommunitySaveWeekly AdDeals of the MonthMember-only EventsDigital CouponsShopDietOrganicGluten-freePlant-BasedKetoPaleoNon-GMOCategoriesProduceDeli & Prepared FoodsBakeryBulkDairyMeat & SeafoodGrocery
						AislesFrozenVitamins &
						Body CareBeer & WineDiscover MoreCateringBuy
					It AgainSprouts BrandsNew ItemsExclusivesPrepared Foods",,,,,623-352-6269,Sprouts,,,,,,,,,,,
Phoenix-Carefree Hwy. & I-17,,"ExploreRecipesArticles & ResourcesLocal StoriesCommunitySaveWeekly AdDeals of the MonthMember-only EventsDigital CouponsShopDietOrganicGluten-freePlant-BasedKetoPaleoNon-GMOCategoriesProduceDeli & Prepared FoodsBakeryBulkDairyMeat & SeafoodGrocery
						AislesFrozenVitamins &
						Body CareBeer & WineDiscover MoreCateringBuy
					It AgainSprouts BrandsNew ItemsExclusivesPrepared Foods",,,,,480-956-6058,Sprouts,,,,,,,,,,,
Paradise Valley,,"ExploreRecipesArticles & ResourcesLocal StoriesCommunitySaveWeekly AdDeals of the MonthMember-only EventsDigital CouponsShopDietOrganicGluten-freePlant-BasedKetoPaleoNon-GMOCategoriesProduceDeli & Prepared FoodsBakeryBulkDairyMeat & SeafoodGrocery
						AislesFrozenVitamins &
						Body CareBeer & WineDiscover MoreCateringBuy
					It AgainSprouts BrandsNew ItemsExclusivesPrepared Foods",,,,,602-971-4177,Sprouts,,,,,,,,,,,
Phoenix – 7th Ave.,,"ExploreRecipesArticles & ResourcesLocal StoriesCommunitySaveWeekly AdDeals of the MonthMember-only EventsDigital CouponsShopDietOrganicGluten-freePlant-BasedKetoPaleoNon-GMOCategoriesProduceDeli & Prepared FoodsBakeryBulkDairyMeat & SeafoodGrocery
						AislesFrozenVitamins &
						Body CareBeer & WineDiscover MoreCateringBuy
					It AgainSprouts BrandsNew ItemsExclusivesPrepared Foods",,,,,602-384-2650,Sprouts,,,,,,,,,,,
Phoenix – Bell Rd.,,"ExploreRecipesArticles & ResourcesLocal StoriesCommunitySaveWeekly AdDeals of the MonthMember-only EventsDigital CouponsShopDietOrganicGluten-freePlant-BasedKetoPaleoNon-GMOCategoriesProduceDeli & Prepared FoodsBakeryBulkDairyMeat & SeafoodGrocery
						AislesFrozenVitamins &
						Body CareBeer & WineDiscover MoreCateringBuy
					It AgainSprouts BrandsNew ItemsExclusivesPrepared Foods",,,,,602-218-4949,Sprouts,,,,,,,,,,,
Phoenix – Glendale Ave.,,"ExploreRecipesArticles & ResourcesLocal StoriesCommunitySaveWeekly AdDeals of the MonthMember-only EventsDigital CouponsShopDietOrganicGluten-freePlant-BasedKetoPaleoNon-GMOCategoriesProduceDeli & Prepared FoodsBakeryBulkDairyMeat & SeafoodGrocery
						AislesFrozenVitamins &
						Body CareBeer & WineDiscover MoreCateringBuy
					It AgainSprouts BrandsNew ItemsExclusivesPrepared Foods",,,,,602-385-2150,Sprouts,,,,,,,,,,,
Phoenix – Indian School Rd.,,"ExploreRecipesArticles & ResourcesLocal StoriesCommunitySaveWeekly AdDeals of the MonthMember-only EventsDigital CouponsShopDietOrganicGluten-freePlant-BasedKetoPaleoNon-GMOCategoriesProduceDeli & Prepared FoodsBakeryBulkDairyMeat & SeafoodGrocery
						AislesFrozenVitamins &
						Body CareBeer & WineDiscover MoreCateringBuy
					It AgainSprouts BrandsNew ItemsExclusivesPrepared Foods",,,,,602-553-3131,Sprouts,,,,,,,,,,,
Phoenix – Northern Ave.,,"ExploreRecipesArticles & ResourcesLocal StoriesCommunitySaveWeekly AdDeals of the MonthMember-only EventsDigital CouponsShopDietOrganicGluten-freePlant-BasedKetoPaleoNon-GMOCategoriesProduceDeli & Prepared FoodsBakeryBulkDairyMeat & SeafoodGrocery
						AislesFrozenVitamins &
						Body CareBeer & WineDiscover MoreCateringBuy
					It AgainSprouts BrandsNew ItemsExclusivesPrepared Foods",,,,,602-864-6130,Sprouts,,,,,,,,,,,
Phoenix – Thunderbird Rd. & 43rd Ave.,,"ExploreRecipesArticles & ResourcesLocal StoriesCommunitySaveWeekly AdDeals of the MonthMember-only EventsDigital CouponsShopDietOrganicGluten-freePlant-BasedKetoPaleoNon-GMOCategoriesProduceDeli & Prepared FoodsBakeryBulkDairyMeat & SeafoodGrocery
						AislesFrozenVitamins &
						Body CareBeer & WineDiscover MoreCateringBuy
					It AgainSprouts BrandsNew ItemsExclusivesPrepared Foods",,,,,602-960-4587,Sprouts,,,,,,,,,,,
Prescott Valley,,"ExploreRecipesArticles & ResourcesLocal StoriesCommunitySaveWeekly AdDeals of the MonthMember-only EventsDigital CouponsShopDietOrganicGluten-freePlant-BasedKetoPaleoNon-GMOCategoriesProduceDeli & Prepared FoodsBakeryBulkDairyMeat & SeafoodGrocery
						AislesFrozenVitamins &
						Body CareBeer & WineDiscover MoreCateringBuy
					It AgainSprouts BrandsNew ItemsExclusivesPrepared Foods",,,,,928-379-8000,Sprouts,,,,,,,,,,,
Prescott,,"ExploreRecipesArticles & ResourcesLocal StoriesCommunitySaveWeekly AdDeals of the MonthMember-only EventsDigital CouponsShopDietOrganicGluten-freePlant-BasedKetoPaleoNon-GMOCategoriesProduceDeli & Prepared FoodsBakeryBulkDairyMeat & SeafoodGrocery
						AislesFrozenVitamins &
						Body CareBeer & WineDiscover MoreCateringBuy
					It AgainSprouts BrandsNew ItemsExclusivesPrepared Foods",,,,,928-499-3350,Sprouts,,,,,,,,,,,
Queen Creek,,"ExploreRecipesArticles & ResourcesLocal StoriesCommunitySaveWeekly AdDeals of the MonthMember-only EventsDigital CouponsShopDietOrganicGluten-freePlant-BasedKetoPaleoNon-GMOCategoriesProduceDeli & Prepared FoodsBakeryBulkDairyMeat & SeafoodGrocery
						AislesFrozenVitamins &
						Body CareBeer & WineDiscover MoreCateringBuy
					It AgainSprouts BrandsNew ItemsExclusivesPrepared Foods",,,,,623-385-3213,Sprouts,,,,,,,,,,,
Queen Creek-Gantzel Rd.,,"ExploreRecipesArticles & ResourcesLocal StoriesCommunitySaveWeekly AdDeals of the MonthMember-only EventsDigital CouponsShopDietOrganicGluten-freePlant-BasedKetoPaleoNon-GMOCategoriesProduceDeli & Prepared FoodsBakeryBulkDairyMeat & SeafoodGrocery
						AislesFrozenVitamins &
						Body CareBeer & WineDiscover MoreCateringBuy
					It AgainSprouts BrandsNew ItemsExclusivesPrepared Foods",,,,,520-614-0304,Sprouts,,,,,,,,,,,
North Scottsdale,,"ExploreRecipesArticles & ResourcesLocal StoriesCommunitySaveWeekly AdDeals of the MonthMember-only EventsDigital CouponsShopDietOrganicGluten-freePlant-BasedKetoPaleoNon-GMOCategoriesProduceDeli & Prepared FoodsBakeryBulkDairyMeat & SeafoodGrocery
						AislesFrozenVitamins &
						Body CareBeer & WineDiscover MoreCateringBuy
					It AgainSprouts BrandsNew ItemsExclusivesPrepared Foods",,,,,480-295-4789,Sprouts,,,,,,,,,,,
Scottsdale – Gainey Ranch,,"ExploreRecipesArticles & ResourcesLocal StoriesCommunitySaveWeekly AdDeals of the MonthMember-only EventsDigital CouponsShopDietOrganicGluten-freePlant-BasedKetoPaleoNon-GMOCategoriesProduceDeli & Prepared FoodsBakeryBulkDairyMeat & SeafoodGrocery
						AislesFrozenVitamins &
						Body CareBeer & WineDiscover MoreCateringBuy
					It AgainSprouts BrandsNew ItemsExclusivesPrepared Foods",,,,,480-534-3620,Sprouts,,,,,,,,,,,
Scottsdale – Miller Rd.,,"ExploreRecipesArticles & ResourcesLocal StoriesCommunitySaveWeekly AdDeals of the MonthMember-only EventsDigital CouponsShopDietOrganicGluten-freePlant-BasedKetoPaleoNon-GMOCategoriesProduceDeli & Prepared FoodsBakeryBulkDairyMeat & SeafoodGrocery
						AislesFrozenVitamins &
						Body CareBeer & WineDiscover MoreCateringBuy
					It AgainSprouts BrandsNew ItemsExclusivesPrepared Foods",,,,,480-941-6001,Sprouts,,,,,,,,,,,
Scottsdale – Shea Blvd.,,"ExploreRecipesArticles & ResourcesLocal StoriesCommunitySaveWeekly AdDeals of the MonthMember-only EventsDigital CouponsShopDietOrganicGluten-freePlant-BasedKetoPaleoNon-GMOCategoriesProduceDeli & Prepared FoodsBakeryBulkDairyMeat & SeafoodGrocery
						AislesFrozenVitamins &
						Body CareBeer & WineDiscover MoreCateringBuy
					It AgainSprouts BrandsNew ItemsExclusivesPrepared Foods",,,,,480-551-9665,Sprouts,,,,,,,,,,,
Surprise – Prasada Pkwy,,"ExploreRecipesArticles & ResourcesLocal StoriesCommunitySaveWeekly AdDeals of the MonthMember-only EventsDigital CouponsShopDietOrganicGluten-freePlant-BasedKetoPaleoNon-GMOCategoriesProduceDeli & Prepared FoodsBakeryBulkDairyMeat & SeafoodGrocery
						AislesFrozenVitamins &
						Body CareBeer & WineDiscover MoreCateringBuy
					It AgainSprouts BrandsNew ItemsExclusivesPrepared Foods",,,,,480-864-1358,Sprouts,,,,,,,,,,,
Surprise – Bell Rd.,,"ExploreRecipesArticles & ResourcesLocal StoriesCommunitySaveWeekly AdDeals of the MonthMember-only EventsDigital CouponsShopDietOrganicGluten-freePlant-BasedKetoPaleoNon-GMOCategoriesProduceDeli & Prepared FoodsBakeryBulkDairyMeat & SeafoodGrocery
						AislesFrozenVitamins &
						Body CareBeer & WineDiscover MoreCateringBuy
					It AgainSprouts BrandsNew ItemsExclusivesPrepared Foods",,,,,623-544-3121,Sprouts,,,,,,,,,,,
Tempe,,"ExploreRecipesArticles & ResourcesLocal StoriesCommunitySaveWeekly AdDeals of the MonthMember-only EventsDigital CouponsShopDietOrganicGluten-freePlant-BasedKetoPaleoNon-GMOCategoriesProduceDeli & Prepared FoodsBakeryBulkDairyMeat & SeafoodGrocery
						AislesFrozenVitamins &
						Body CareBeer & WineDiscover MoreCateringBuy
					It AgainSprouts BrandsNew ItemsExclusivesPrepared Foods",,,,,480-820-4900,Sprouts,,,,,,,,,,,
Tempe-Elliot Rd.,,"ExploreRecipesArticles & ResourcesLocal StoriesCommunitySaveWeekly AdDeals of the MonthMember-only EventsDigital CouponsShopDietOrganicGluten-freePlant-BasedKetoPaleoNon-GMOCategoriesProduceDeli & Prepared FoodsBakeryBulkDairyMeat & SeafoodGrocery
						AislesFrozenVitamins &
						Body CareBeer & WineDiscover MoreCateringBuy
					It AgainSprouts BrandsNew ItemsExclusivesPrepared Foods",,,,,480-567-7040,Sprouts,,,,,,,,,,,
Tucson-Irvington Rd.,,"ExploreRecipesArticles & ResourcesLocal StoriesCommunitySaveWeekly AdDeals of the MonthMember-only EventsDigital CouponsShopDietOrganicGluten-freePlant-BasedKetoPaleoNon-GMOCategoriesProduceDeli & Prepared FoodsBakeryBulkDairyMeat & SeafoodGrocery
						AislesFrozenVitamins &
						Body CareBeer & WineDiscover MoreCateringBuy
					It AgainSprouts BrandsNew ItemsExclusivesPrepared Foods",,,,,520-524-0290,Sprouts,,,,,,,,,,,
Tucson-1st Ave.,,"ExploreRecipesArticles & ResourcesLocal StoriesCommunitySaveWeekly AdDeals of the MonthMember-only EventsDigital CouponsShopDietOrganicGluten-freePlant-BasedKetoPaleoNon-GMOCategoriesProduceDeli & Prepared FoodsBakeryBulkDairyMeat & SeafoodGrocery
						AislesFrozenVitamins &
						Body CareBeer & WineDiscover MoreCateringBuy
					It AgainSprouts BrandsNew ItemsExclusivesPrepared Foods",,,,,520-407-5132,Sprouts,,,,,,,,,,,
Tucson-Broadway Blvd.,,"ExploreRecipesArticles & ResourcesLocal StoriesCommunitySaveWeekly AdDeals of the MonthMember-only EventsDigital CouponsShopDietOrganicGluten-freePlant-BasedKetoPaleoNon-GMOCategoriesProduceDeli & Prepared FoodsBakeryBulkDairyMeat & SeafoodGrocery
						AislesFrozenVitamins &
						Body CareBeer & WineDiscover MoreCateringBuy
					It AgainSprouts BrandsNew ItemsExclusivesPrepared Foods",,,,,520-546-6112,Sprouts,,,,,,,,,,,
Tucson-River Rd.,,"ExploreRecipesArticles & ResourcesLocal StoriesCommunitySaveWeekly AdDeals of the MonthMember-only EventsDigital CouponsShopDietOrganicGluten-freePlant-BasedKetoPaleoNon-GMOCategoriesProduceDeli & Prepared FoodsBakeryBulkDairyMeat & SeafoodGrocery
						AislesFrozenVitamins &
						Body CareBeer & WineDiscover MoreCateringBuy
					It AgainSprouts BrandsNew ItemsExclusivesPrepared Foods",,,,,520-204-1787,Sprouts,,,,,,,,,,,
Tucson-Speedway Blvd.,,"ExploreRecipesArticles & ResourcesLocal StoriesCommunitySaveWeekly AdDeals of the MonthMember-only EventsDigital CouponsShopDietOrganicGluten-freePlant-BasedKetoPaleoNon-GMOCategoriesProduceDeli & Prepared FoodsBakeryBulkDairyMeat & SeafoodGrocery
						AislesFrozenVitamins &
						Body CareBeer & WineDiscover MoreCateringBuy
					It AgainSprouts BrandsNew ItemsExclusivesPrepared Foods",,,,,520-325-1320,Sprouts,,,,,,,,,,,
Yuma-4th Ave.,,"ExploreRecipesArticles & ResourcesLocal StoriesCommunitySaveWeekly AdDeals of the MonthMember-only EventsDigital CouponsShopDietOrganicGluten-freePlant-BasedKetoPaleoNon-GMOCategoriesProduceDeli & Prepared FoodsBakeryBulkDairyMeat & SeafoodGrocery
						AislesFrozenVitamins &
						Body CareBeer & WineDiscover MoreCateringBuy
					It AgainSprouts BrandsNew ItemsExclusivesPrepared Foods",,,,,928-388-6016,Sprouts,,,,,,,,,,,
Yuma-Foothills,,"ExploreRecipesArticles & ResourcesLocal StoriesCommunitySaveWeekly AdDeals of the MonthMember-only EventsDigital CouponsShopDietOrganicGluten-freePlant-BasedKetoPaleoNon-GMOCategoriesProduceDeli & Prepared FoodsBakeryBulkDairyMeat & SeafoodGrocery
						AislesFrozenVitamins &
						Body CareBeer & WineDiscover MoreCateringBuy
					It AgainSprouts BrandsNew ItemsExclusivesPrepared Foods",,,,,928-798-3426,Sprouts,,,,,,,,,,,
Albany,,"ExploreRecipesArticles & ResourcesLocal StoriesCommunitySaveWeekly AdDeals of the MonthMember-only EventsDigital CouponsShopDietOrganicGluten-freePlant-BasedKetoPaleoNon-GMOCategoriesProduceDeli & Prepared FoodsBakeryBulkDairyMeat & SeafoodGrocery
						AislesFrozenVitamins &
						Body CareBeer & WineDiscover MoreCateringBuy
					It AgainSprouts BrandsNew ItemsExclusivesPrepared Foods",,,,,510-345-0461,Sprouts,,,,,,,,,,,
Alhambra,,"ExploreRecipesArticles & ResourcesLocal StoriesCommunitySaveWeekly AdDeals of the MonthMember-only EventsDigital CouponsShopDietOrganicGluten-freePlant-BasedKetoPaleoNon-GMOCategoriesProduceDeli & Prepared FoodsBakeryBulkDairyMeat & SeafoodGrocery
						AislesFrozenVitamins &
						Body CareBeer & WineDiscover MoreCateringBuy
					It AgainSprouts BrandsNew ItemsExclusivesPrepared Foods",,,,,626-863-1096,Sprouts,,,,,,,,,,,
Apple Valley,,"ExploreRecipesArticles & ResourcesLocal StoriesCommunitySaveWeekly AdDeals of the MonthMember-only EventsDigital CouponsShopDietOrganicGluten-freePlant-BasedKetoPaleoNon-GMOCategoriesProduceDeli & Prepared FoodsBakeryBulkDairyMeat & SeafoodGrocery
						AislesFrozenVitamins &
						Body CareBeer & WineDiscover MoreCateringBuy
					It AgainSprouts BrandsNew ItemsExclusivesPrepared Foods",,,,,442-336-0327,Sprouts,,,,,,,,,,,
Bakersfield-Panama Lane,,"ExploreRecipesArticles & ResourcesLocal StoriesCommunitySaveWeekly AdDeals of the MonthMember-only EventsDigital CouponsShopDietOrganicGluten-freePlant-BasedKetoPaleoNon-GMOCategoriesProduceDeli & Prepared FoodsBakeryBulkDairyMeat & SeafoodGrocery
						AislesFrozenVitamins &
						Body CareBeer & WineDiscover MoreCateringBuy
					It AgainSprouts BrandsNew ItemsExclusivesPrepared Foods",,,,,661-529-3501,Sprouts,,,,,,,,,,,
Bakersfield,,"ExploreRecipesArticles & ResourcesLocal StoriesCommunitySaveWeekly AdDeals of the MonthMember-only EventsDigital CouponsShopDietOrganicGluten-freePlant-BasedKetoPaleoNon-GMOCategoriesProduceDeli & Prepared FoodsBakeryBulkDairyMeat & SeafoodGrocery
						AislesFrozenVitamins &
						Body CareBeer & WineDiscover MoreCateringBuy
					It AgainSprouts BrandsNew ItemsExclusivesPrepared Foods",,,,,661-617-8957,Sprouts,,,,,,,,,,,
Brea,,"ExploreRecipesArticles & ResourcesLocal StoriesCommunitySaveWeekly AdDeals of the MonthMember-only EventsDigital CouponsShopDietOrganicGluten-freePlant-BasedKetoPaleoNon-GMOCategoriesProduceDeli & Prepared FoodsBakeryBulkDairyMeat & SeafoodGrocery
						AislesFrozenVitamins &
						Body CareBeer & WineDiscover MoreCateringBuy
					It AgainSprouts BrandsNew ItemsExclusivesPrepared Foods",,,,,714-482-1000,Sprouts,,,,,,,,,,,
Brentwood,,"ExploreRecipesArticles & ResourcesLocal StoriesCommunitySaveWeekly AdDeals of the MonthMember-only EventsDigital CouponsShopDietOrganicGluten-freePlant-BasedKetoPaleoNon-GMOCategoriesProduceDeli & Prepared FoodsBakeryBulkDairyMeat & SeafoodGrocery
						AislesFrozenVitamins &
						Body CareBeer & WineDiscover MoreCateringBuy
					It AgainSprouts BrandsNew ItemsExclusivesPrepared Foods",,,,,925-308-1965,Sprouts,,,,,,,,,,,
Burbank,,"ExploreRecipesArticles & ResourcesLocal StoriesCommunitySaveWeekly AdDeals of the MonthMember-only EventsDigital CouponsShopDietOrganicGluten-freePlant-BasedKetoPaleoNon-GMOCategoriesProduceDeli & Prepared FoodsBakeryBulkDairyMeat & SeafoodGrocery
						AislesFrozenVitamins &
						Body CareBeer & WineDiscover MoreCateringBuy
					It AgainSprouts BrandsNew ItemsExclusivesPrepared Foods",,,,,818-566-4089,Sprouts,,,,,,,,,,,
Camarillo,,"ExploreRecipesArticles & ResourcesLocal StoriesCommunitySaveWeekly AdDeals of the MonthMember-only EventsDigital CouponsShopDietOrganicGluten-freePlant-BasedKetoPaleoNon-GMOCategoriesProduceDeli & Prepared FoodsBakeryBulkDairyMeat & SeafoodGrocery
						AislesFrozenVitamins &
						Body CareBeer & WineDiscover MoreCateringBuy
					It AgainSprouts BrandsNew ItemsExclusivesPrepared Foods",,,,,805-233-3755,Sprouts,,,,,,,,,,,
Bressi Ranch,,"ExploreRecipesArticles & ResourcesLocal StoriesCommunitySaveWeekly AdDeals of the MonthMember-only EventsDigital CouponsShopDietOrganicGluten-freePlant-BasedKetoPaleoNon-GMOCategoriesProduceDeli & Prepared FoodsBakeryBulkDairyMeat & SeafoodGrocery
						AislesFrozenVitamins &
						Body CareBeer & WineDiscover MoreCateringBuy
					It AgainSprouts BrandsNew ItemsExclusivesPrepared Foods",,,,,760-827-8916,Sprouts,,,,,,,,,,,
Rancho Santa Fe,,"ExploreRecipesArticles & ResourcesLocal StoriesCommunitySaveWeekly AdDeals of the MonthMember-only EventsDigital CouponsShopDietOrganicGluten-freePlant-BasedKetoPaleoNon-GMOCategoriesProduceDeli & Prepared FoodsBakeryBulkDairyMeat & SeafoodGrocery
						AislesFrozenVitamins &
						Body CareBeer & WineDiscover MoreCateringBuy
					It AgainSprouts BrandsNew ItemsExclusivesPrepared Foods",,,,,760-635-0625,Sprouts,,,,,,,,,,,
Carlsbad,,"ExploreRecipesArticles & ResourcesLocal StoriesCommunitySaveWeekly AdDeals of the MonthMember-only EventsDigital CouponsShopDietOrganicGluten-freePlant-BasedKetoPaleoNon-GMOCategoriesProduceDeli & Prepared FoodsBakeryBulkDairyMeat & SeafoodGrocery
						AislesFrozenVitamins &
						Body CareBeer & WineDiscover MoreCateringBuy
					It AgainSprouts BrandsNew ItemsExclusivesPrepared Foods",,,,,760-730-1123,Sprouts,,,,,,,,,,,
Cerritos,,"ExploreRecipesArticles & ResourcesLocal StoriesCommunitySaveWeekly AdDeals of the MonthMember-only EventsDigital CouponsShopDietOrganicGluten-freePlant-BasedKetoPaleoNon-GMOCategoriesProduceDeli & Prepared FoodsBakeryBulkDairyMeat & SeafoodGrocery
						AislesFrozenVitamins &
						Body CareBeer & WineDiscover MoreCateringBuy
					It AgainSprouts BrandsNew ItemsExclusivesPrepared Foods",,,,,562-274-0602,Sprouts,,,,,,,,,,,
Chino Hills,,"ExploreRecipesArticles & ResourcesLocal StoriesCommunitySaveWeekly AdDeals of the MonthMember-only EventsDigital CouponsShopDietOrganicGluten-freePlant-BasedKetoPaleoNon-GMOCategoriesProduceDeli & Prepared FoodsBakeryBulkDairyMeat & SeafoodGrocery
						AislesFrozenVitamins &
						Body CareBeer & WineDiscover MoreCateringBuy
					It AgainSprouts BrandsNew ItemsExclusivesPrepared Foods",,,,,909-548-0440,Sprouts,,,,,,,,,,,
Chula Vista (Independently Operated*),,"ExploreRecipesArticles & ResourcesLocal StoriesCommunitySaveWeekly AdDeals of the MonthMember-only EventsDigital CouponsShopDietOrganicGluten-freePlant-BasedKetoPaleoNon-GMOCategoriesProduceDeli & Prepared FoodsBakeryBulkDairyMeat & SeafoodGrocery
						AislesFrozenVitamins &
						Body CareBeer & WineDiscover MoreCateringBuy
					It AgainSprouts BrandsNew ItemsExclusivesPrepared Foods",,,,,619-409-7630,Sprouts,,,,,,,,,,,
Chula Vista Eastlake (Independently Operated*),,"ExploreRecipesArticles & ResourcesLocal StoriesCommunitySaveWeekly AdDeals of the MonthMember-only EventsDigital CouponsShopDietOrganicGluten-freePlant-BasedKetoPaleoNon-GMOCategoriesProduceDeli & Prepared FoodsBakeryBulkDairyMeat & SeafoodGrocery
						AislesFrozenVitamins &
						Body CareBeer & WineDiscover MoreCateringBuy
					It AgainSprouts BrandsNew ItemsExclusivesPrepared Foods",,,,,619-421-2099,Sprouts,,,,,,,,,,,
Citrus Heights,,"ExploreRecipesArticles & ResourcesLocal StoriesCommunitySaveWeekly AdDeals of the MonthMember-only EventsDigital CouponsShopDietOrganicGluten-freePlant-BasedKetoPaleoNon-GMOCategoriesProduceDeli & Prepared FoodsBakeryBulkDairyMeat & SeafoodGrocery
						AislesFrozenVitamins &
						Body CareBeer & WineDiscover MoreCateringBuy
					It AgainSprouts BrandsNew ItemsExclusivesPrepared Foods",,,,,916-560-2000,Sprouts,,,,,,,,,,,
Claremont,,"ExploreRecipesArticles & ResourcesLocal StoriesCommunitySaveWeekly AdDeals of the MonthMember-only EventsDigital CouponsShopDietOrganicGluten-freePlant-BasedKetoPaleoNon-GMOCategoriesProduceDeli & Prepared FoodsBakeryBulkDairyMeat & SeafoodGrocery
						AislesFrozenVitamins &
						Body CareBeer & WineDiscover MoreCateringBuy
					It AgainSprouts BrandsNew ItemsExclusivesPrepared Foods",,,,,909-267-1049,Sprouts,,,,,,,,,,,
Clovis,,"ExploreRecipesArticles & ResourcesLocal StoriesCommunitySaveWeekly AdDeals of the MonthMember-only EventsDigital CouponsShopDietOrganicGluten-freePlant-BasedKetoPaleoNon-GMOCategoriesProduceDeli & Prepared FoodsBakeryBulkDairyMeat & SeafoodGrocery
						AislesFrozenVitamins &
						Body CareBeer & WineDiscover MoreCateringBuy
					It AgainSprouts BrandsNew ItemsExclusivesPrepared Foods",,,,,559-326-1169,Sprouts,,,,,,,,,,,
Corona,,"ExploreRecipesArticles & ResourcesLocal StoriesCommunitySaveWeekly AdDeals of the MonthMember-only EventsDigital CouponsShopDietOrganicGluten-freePlant-BasedKetoPaleoNon-GMOCategoriesProduceDeli & Prepared FoodsBakeryBulkDairyMeat & SeafoodGrocery
						AislesFrozenVitamins &
						Body CareBeer & WineDiscover MoreCateringBuy
					It AgainSprouts BrandsNew ItemsExclusivesPrepared Foods",,,,,951-371-4227,Sprouts,,,,,,,,,,,
Costa Mesa – Harbor Blvd.,,"ExploreRecipesArticles & ResourcesLocal StoriesCommunitySaveWeekly AdDeals of the MonthMember-only EventsDigital CouponsShopDietOrganicGluten-freePlant-BasedKetoPaleoNon-GMOCategoriesProduceDeli & Prepared FoodsBakeryBulkDairyMeat & SeafoodGrocery
						AislesFrozenVitamins &
						Body CareBeer & WineDiscover MoreCateringBuy
					It AgainSprouts BrandsNew ItemsExclusivesPrepared Foods",,,,,714-751-6399,Sprouts,,,,,,,,,,,
Costa Mesa,,"ExploreRecipesArticles & ResourcesLocal StoriesCommunitySaveWeekly AdDeals of the MonthMember-only EventsDigital CouponsShopDietOrganicGluten-freePlant-BasedKetoPaleoNon-GMOCategoriesProduceDeli & Prepared FoodsBakeryBulkDairyMeat & SeafoodGrocery
						AislesFrozenVitamins &
						Body CareBeer & WineDiscover MoreCateringBuy
					It AgainSprouts BrandsNew ItemsExclusivesPrepared Foods",,,,,949-698-1094,Sprouts,,,,,,,,,,,
Cudahy,,"ExploreRecipesArticles & ResourcesLocal StoriesCommunitySaveWeekly AdDeals of the MonthMember-only EventsDigital CouponsShopDietOrganicGluten-freePlant-BasedKetoPaleoNon-GMOCategoriesProduceDeli & Prepared FoodsBakeryBulkDairyMeat & SeafoodGrocery
						AislesFrozenVitamins &
						Body CareBeer & WineDiscover MoreCateringBuy
					It AgainSprouts BrandsNew ItemsExclusivesPrepared Foods",,,,,213-259-2223,Sprouts,,,,,,,,,,,
Culver City,,"ExploreRecipesArticles & ResourcesLocal StoriesCommunitySaveWeekly AdDeals of the MonthMember-only EventsDigital CouponsShopDietOrganicGluten-freePlant-BasedKetoPaleoNon-GMOCategoriesProduceDeli & Prepared FoodsBakeryBulkDairyMeat & SeafoodGrocery
						AislesFrozenVitamins &
						Body CareBeer & WineDiscover MoreCateringBuy
					It AgainSprouts BrandsNew ItemsExclusivesPrepared Foods",,,,,310-591-1028,Sprouts,,,,,,,,,,,
Daly City,,"ExploreRecipesArticles & ResourcesLocal StoriesCommunitySaveWeekly AdDeals of the MonthMember-only EventsDigital CouponsShopDietOrganicGluten-freePlant-BasedKetoPaleoNon-GMOCategoriesProduceDeli & Prepared FoodsBakeryBulkDairyMeat & SeafoodGrocery
						AislesFrozenVitamins &
						Body CareBeer & WineDiscover MoreCateringBuy
					It AgainSprouts BrandsNew ItemsExclusivesPrepared Foods",,,,,415-325-1091,Sprouts,,,,,,,,,,,
Diamond Bar,,"ExploreRecipesArticles & ResourcesLocal StoriesCommunitySaveWeekly AdDeals of the MonthMember-only EventsDigital CouponsShopDietOrganicGluten-freePlant-BasedKetoPaleoNon-GMOCategoriesProduceDeli & Prepared FoodsBakeryBulkDairyMeat & SeafoodGrocery
						AislesFrozenVitamins &
						Body CareBeer & WineDiscover MoreCateringBuy
					It AgainSprouts BrandsNew ItemsExclusivesPrepared Foods",,,,,909-378-4980,Sprouts,,,,,,,,,,,
Downey,,"ExploreRecipesArticles & ResourcesLocal StoriesCommunitySaveWeekly AdDeals of the MonthMember-only EventsDigital CouponsShopDietOrganicGluten-freePlant-BasedKetoPaleoNon-GMOCategoriesProduceDeli & Prepared FoodsBakeryBulkDairyMeat & SeafoodGrocery
						AislesFrozenVitamins &
						Body CareBeer & WineDiscover MoreCateringBuy
					It AgainSprouts BrandsNew ItemsExclusivesPrepared Foods",,,,,562-545-9024,Sprouts,,,,,,,,,,,
Dublin,,"ExploreRecipesArticles & ResourcesLocal StoriesCommunitySaveWeekly AdDeals of the MonthMember-only EventsDigital CouponsShopDietOrganicGluten-freePlant-BasedKetoPaleoNon-GMOCategoriesProduceDeli & Prepared FoodsBakeryBulkDairyMeat & SeafoodGrocery
						AislesFrozenVitamins &
						Body CareBeer & WineDiscover MoreCateringBuy
					It AgainSprouts BrandsNew ItemsExclusivesPrepared Foods",,,,,925-307-1172,Sprouts,,,,,,,,,,,
Eastvale,,"ExploreRecipesArticles & ResourcesLocal StoriesCommunitySaveWeekly AdDeals of the MonthMember-only EventsDigital CouponsShopDietOrganicGluten-freePlant-BasedKetoPaleoNon-GMOCategoriesProduceDeli & Prepared FoodsBakeryBulkDairyMeat & SeafoodGrocery
						AislesFrozenVitamins &
						Body CareBeer & WineDiscover MoreCateringBuy
					It AgainSprouts BrandsNew ItemsExclusivesPrepared Foods",,,,,909-655-5356,Sprouts,,,,,,,,,,,
El Cajon,,"ExploreRecipesArticles & ResourcesLocal StoriesCommunitySaveWeekly AdDeals of the MonthMember-only EventsDigital CouponsShopDietOrganicGluten-freePlant-BasedKetoPaleoNon-GMOCategoriesProduceDeli & Prepared FoodsBakeryBulkDairyMeat & SeafoodGrocery
						AislesFrozenVitamins &
						Body CareBeer & WineDiscover MoreCateringBuy
					It AgainSprouts BrandsNew ItemsExclusivesPrepared Foods",,,,,619-579-8251,Sprouts,,,,,,,,,,,
Elk Grove,,"ExploreRecipesArticles & ResourcesLocal StoriesCommunitySaveWeekly AdDeals of the MonthMember-only EventsDigital CouponsShopDietOrganicGluten-freePlant-BasedKetoPaleoNon-GMOCategoriesProduceDeli & Prepared FoodsBakeryBulkDairyMeat & SeafoodGrocery
						AislesFrozenVitamins &
						Body CareBeer & WineDiscover MoreCateringBuy
					It AgainSprouts BrandsNew ItemsExclusivesPrepared Foods",,,,,916-478-9595,Sprouts,,,,,,,,,,,
Encinitas,,"ExploreRecipesArticles & ResourcesLocal StoriesCommunitySaveWeekly AdDeals of the MonthMember-only EventsDigital CouponsShopDietOrganicGluten-freePlant-BasedKetoPaleoNon-GMOCategoriesProduceDeli & Prepared FoodsBakeryBulkDairyMeat & SeafoodGrocery
						AislesFrozenVitamins &
						Body CareBeer & WineDiscover MoreCateringBuy
					It AgainSprouts BrandsNew ItemsExclusivesPrepared Foods",,,,,760-633-4747,Sprouts,,,,,,,,,,,
Escondido,,"ExploreRecipesArticles & ResourcesLocal StoriesCommunitySaveWeekly AdDeals of the MonthMember-only EventsDigital CouponsShopDietOrganicGluten-freePlant-BasedKetoPaleoNon-GMOCategoriesProduceDeli & Prepared FoodsBakeryBulkDairyMeat & SeafoodGrocery
						AislesFrozenVitamins &
						Body CareBeer & WineDiscover MoreCateringBuy
					It AgainSprouts BrandsNew ItemsExclusivesPrepared Foods",,,,,760-743-1528,Sprouts,,,,,,,,,,,
Folsom,,"ExploreRecipesArticles & ResourcesLocal StoriesCommunitySaveWeekly AdDeals of the MonthMember-only EventsDigital CouponsShopDietOrganicGluten-freePlant-BasedKetoPaleoNon-GMOCategoriesProduceDeli & Prepared FoodsBakeryBulkDairyMeat & SeafoodGrocery
						AislesFrozenVitamins &
						Body CareBeer & WineDiscover MoreCateringBuy
					It AgainSprouts BrandsNew ItemsExclusivesPrepared Foods",,,,,916-605-7050,Sprouts,,,,,,,,,,,
Fontana,,"ExploreRecipesArticles & ResourcesLocal StoriesCommunitySaveWeekly AdDeals of the MonthMember-only EventsDigital CouponsShopDietOrganicGluten-freePlant-BasedKetoPaleoNon-GMOCategoriesProduceDeli & Prepared FoodsBakeryBulkDairyMeat & SeafoodGrocery
						AislesFrozenVitamins &
						Body CareBeer & WineDiscover MoreCateringBuy
					It AgainSprouts BrandsNew ItemsExclusivesPrepared Foods",,,,,909-320-5360,Sprouts,,,,,,,,,,,
Fountain Valley,,"ExploreRecipesArticles & ResourcesLocal StoriesCommunitySaveWeekly AdDeals of the MonthMember-only EventsDigital CouponsShopDietOrganicGluten-freePlant-BasedKetoPaleoNon-GMOCategoriesProduceDeli & Prepared FoodsBakeryBulkDairyMeat & SeafoodGrocery
						AislesFrozenVitamins &
						Body CareBeer & WineDiscover MoreCateringBuy
					It AgainSprouts BrandsNew ItemsExclusivesPrepared Foods",,,,,657-733-4525,Sprouts,,,,,,,,,,,
Fresno,,"ExploreRecipesArticles & ResourcesLocal StoriesCommunitySaveWeekly AdDeals of the MonthMember-only EventsDigital CouponsShopDietOrganicGluten-freePlant-BasedKetoPaleoNon-GMOCategoriesProduceDeli & Prepared FoodsBakeryBulkDairyMeat & SeafoodGrocery
						AislesFrozenVitamins &
						Body CareBeer & WineDiscover MoreCateringBuy
					It AgainSprouts BrandsNew ItemsExclusivesPrepared Foods",,,,,559-256-1735,Sprouts,,,,,,,,,,,
Fullerton,,"ExploreRecipesArticles & ResourcesLocal StoriesCommunitySaveWeekly AdDeals of the MonthMember-only EventsDigital CouponsShopDietOrganicGluten-freePlant-BasedKetoPaleoNon-GMOCategoriesProduceDeli & Prepared FoodsBakeryBulkDairyMeat & SeafoodGrocery
						AislesFrozenVitamins &
						Body CareBeer & WineDiscover MoreCateringBuy
					It AgainSprouts BrandsNew ItemsExclusivesPrepared Foods",,,,,714-441-1233,Sprouts,,,,,,,,,,,
Garden Grove,,"ExploreRecipesArticles & ResourcesLocal StoriesCommunitySaveWeekly AdDeals of the MonthMember-only EventsDigital CouponsShopDietOrganicGluten-freePlant-BasedKetoPaleoNon-GMOCategoriesProduceDeli & Prepared FoodsBakeryBulkDairyMeat & SeafoodGrocery
						AislesFrozenVitamins &
						Body CareBeer & WineDiscover MoreCateringBuy
					It AgainSprouts BrandsNew ItemsExclusivesPrepared Foods",,,,,657-427-6713,Sprouts,,,,,,,,,,,
Glendora,,"ExploreRecipesArticles & ResourcesLocal StoriesCommunitySaveWeekly AdDeals of the MonthMember-only EventsDigital CouponsShopDietOrganicGluten-freePlant-BasedKetoPaleoNon-GMOCategoriesProduceDeli & Prepared FoodsBakeryBulkDairyMeat & SeafoodGrocery
						AislesFrozenVitamins &
						Body CareBeer & WineDiscover MoreCateringBuy
					It AgainSprouts BrandsNew ItemsExclusivesPrepared Foods",,,,,626-250-6625,Sprouts,,,,,,,,,,,
Goleta,,"ExploreRecipesArticles & ResourcesLocal StoriesCommunitySaveWeekly AdDeals of the MonthMember-only EventsDigital CouponsShopDietOrganicGluten-freePlant-BasedKetoPaleoNon-GMOCategoriesProduceDeli & Prepared FoodsBakeryBulkDairyMeat & SeafoodGrocery
						AislesFrozenVitamins &
						Body CareBeer & WineDiscover MoreCateringBuy
					It AgainSprouts BrandsNew ItemsExclusivesPrepared Foods",,,,,805-979-9589,Sprouts,,,,,,,,,,,
Granada Hills,,"ExploreRecipesArticles & ResourcesLocal StoriesCommunitySaveWeekly AdDeals of the MonthMember-only EventsDigital CouponsShopDietOrganicGluten-freePlant-BasedKetoPaleoNon-GMOCategoriesProduceDeli & Prepared FoodsBakeryBulkDairyMeat & SeafoodGrocery
						AislesFrozenVitamins &
						Body CareBeer & WineDiscover MoreCateringBuy
					It AgainSprouts BrandsNew ItemsExclusivesPrepared Foods",,,,,818-366-0717,Sprouts,,,,,,,,,,,
Hacienda Heights,,"ExploreRecipesArticles & ResourcesLocal StoriesCommunitySaveWeekly AdDeals of the MonthMember-only EventsDigital CouponsShopDietOrganicGluten-freePlant-BasedKetoPaleoNon-GMOCategoriesProduceDeli & Prepared FoodsBakeryBulkDairyMeat & SeafoodGrocery
						AislesFrozenVitamins &
						Body CareBeer & WineDiscover MoreCateringBuy
					It AgainSprouts BrandsNew ItemsExclusivesPrepared Foods",,,,,626-735-4149,Sprouts,,,,,,,,,,,
Hayward,,"ExploreRecipesArticles & ResourcesLocal StoriesCommunitySaveWeekly AdDeals of the MonthMember-only EventsDigital CouponsShopDietOrganicGluten-freePlant-BasedKetoPaleoNon-GMOCategoriesProduceDeli & Prepared FoodsBakeryBulkDairyMeat & SeafoodGrocery
						AislesFrozenVitamins &
						Body CareBeer & WineDiscover MoreCateringBuy
					It AgainSprouts BrandsNew ItemsExclusivesPrepared Foods",,,,,510-392-3338,Sprouts,,,,,,,,,,,
Hemet,,"ExploreRecipesArticles & ResourcesLocal StoriesCommunitySaveWeekly AdDeals of the MonthMember-only EventsDigital CouponsShopDietOrganicGluten-freePlant-BasedKetoPaleoNon-GMOCategoriesProduceDeli & Prepared FoodsBakeryBulkDairyMeat & SeafoodGrocery
						AislesFrozenVitamins &
						Body CareBeer & WineDiscover MoreCateringBuy
					It AgainSprouts BrandsNew ItemsExclusivesPrepared Foods",,,,,951-537-1975,Sprouts,,,,,,,,,,,
Huntington Beach,,"ExploreRecipesArticles & ResourcesLocal StoriesCommunitySaveWeekly AdDeals of the MonthMember-only EventsDigital CouponsShopDietOrganicGluten-freePlant-BasedKetoPaleoNon-GMOCategoriesProduceDeli & Prepared FoodsBakeryBulkDairyMeat & SeafoodGrocery
						AislesFrozenVitamins &
						Body CareBeer & WineDiscover MoreCateringBuy
					It AgainSprouts BrandsNew ItemsExclusivesPrepared Foods",,,,,714-369-1139,Sprouts,,,,,,,,,,,
Huntington Beach – Warner Ave.,,"ExploreRecipesArticles & ResourcesLocal StoriesCommunitySaveWeekly AdDeals of the MonthMember-only EventsDigital CouponsShopDietOrganicGluten-freePlant-BasedKetoPaleoNon-GMOCategoriesProduceDeli & Prepared FoodsBakeryBulkDairyMeat & SeafoodGrocery
						AislesFrozenVitamins &
						Body CareBeer & WineDiscover MoreCateringBuy
					It AgainSprouts BrandsNew ItemsExclusivesPrepared Foods",,,,,714-369-1160,Sprouts,,,,,,,,,,,
Indian Wells,,"ExploreRecipesArticles & ResourcesLocal StoriesCommunitySaveWeekly AdDeals of the MonthMember-only EventsDigital CouponsShopDietOrganicGluten-freePlant-BasedKetoPaleoNon-GMOCategoriesProduceDeli & Prepared FoodsBakeryBulkDairyMeat & SeafoodGrocery
						AislesFrozenVitamins &
						Body CareBeer & WineDiscover MoreCateringBuy
					It AgainSprouts BrandsNew ItemsExclusivesPrepared Foods",,,,,,Sprouts,,,,,,,,,,,
Irvine,,"ExploreRecipesArticles & ResourcesLocal StoriesCommunitySaveWeekly AdDeals of the MonthMember-only EventsDigital CouponsShopDietOrganicGluten-freePlant-BasedKetoPaleoNon-GMOCategoriesProduceDeli & Prepared FoodsBakeryBulkDairyMeat & SeafoodGrocery
						AislesFrozenVitamins &
						Body CareBeer & WineDiscover MoreCateringBuy
					It AgainSprouts BrandsNew ItemsExclusivesPrepared Foods",,,,,949-705-5435,Sprouts,,,,,,,,,,,
La Canada Flintridge,,"ExploreRecipesArticles & ResourcesLocal StoriesCommunitySaveWeekly AdDeals of the MonthMember-only EventsDigital CouponsShopDietOrganicGluten-freePlant-BasedKetoPaleoNon-GMOCategoriesProduceDeli & Prepared FoodsBakeryBulkDairyMeat & SeafoodGrocery
						AislesFrozenVitamins &
						Body CareBeer & WineDiscover MoreCateringBuy
					It AgainSprouts BrandsNew ItemsExclusivesPrepared Foods",,,,,818-495-1103,Sprouts,,,,,,,,,,,
La Habra,,"ExploreRecipesArticles & ResourcesLocal StoriesCommunitySaveWeekly AdDeals of the MonthMember-only EventsDigital CouponsShopDietOrganicGluten-freePlant-BasedKetoPaleoNon-GMOCategoriesProduceDeli & Prepared FoodsBakeryBulkDairyMeat & SeafoodGrocery
						AislesFrozenVitamins &
						Body CareBeer & WineDiscover MoreCateringBuy
					It AgainSprouts BrandsNew ItemsExclusivesPrepared Foods",,,,,562-265-2151,Sprouts,,,,,,,,,,,
La Mesa,,"ExploreRecipesArticles & ResourcesLocal StoriesCommunitySaveWeekly AdDeals of the MonthMember-only EventsDigital CouponsShopDietOrganicGluten-freePlant-BasedKetoPaleoNon-GMOCategoriesProduceDeli & Prepared FoodsBakeryBulkDairyMeat & SeafoodGrocery
						AislesFrozenVitamins &
						Body CareBeer & WineDiscover MoreCateringBuy
					It AgainSprouts BrandsNew ItemsExclusivesPrepared Foods",,,,,619-460-7722,Sprouts,,,,,,,,,,,
La Quinta,,"ExploreRecipesArticles & ResourcesLocal StoriesCommunitySaveWeekly AdDeals of the MonthMember-only EventsDigital CouponsShopDietOrganicGluten-freePlant-BasedKetoPaleoNon-GMOCategoriesProduceDeli & Prepared FoodsBakeryBulkDairyMeat & SeafoodGrocery
						AislesFrozenVitamins &
						Body CareBeer & WineDiscover MoreCateringBuy
					It AgainSprouts BrandsNew ItemsExclusivesPrepared Foods",,,,,760-771-2485,Sprouts,,,,,,,,,,,
La Verne,,"ExploreRecipesArticles & ResourcesLocal StoriesCommunitySaveWeekly AdDeals of the MonthMember-only EventsDigital CouponsShopDietOrganicGluten-freePlant-BasedKetoPaleoNon-GMOCategoriesProduceDeli & Prepared FoodsBakeryBulkDairyMeat & SeafoodGrocery
						AislesFrozenVitamins &
						Body CareBeer & WineDiscover MoreCateringBuy
					It AgainSprouts BrandsNew ItemsExclusivesPrepared Foods",,,,,909-582-2836,Sprouts,,,,,,,,,,,
Laguna Niguel,,"ExploreRecipesArticles & ResourcesLocal StoriesCommunitySaveWeekly AdDeals of the MonthMember-only EventsDigital CouponsShopDietOrganicGluten-freePlant-BasedKetoPaleoNon-GMOCategoriesProduceDeli & Prepared FoodsBakeryBulkDairyMeat & SeafoodGrocery
						AislesFrozenVitamins &
						Body CareBeer & WineDiscover MoreCateringBuy
					It AgainSprouts BrandsNew ItemsExclusivesPrepared Foods",,,,,949-349-1999,Sprouts,,,,,,,,,,,
Lake Forest,,"ExploreRecipesArticles & ResourcesLocal StoriesCommunitySaveWeekly AdDeals of the MonthMember-only EventsDigital CouponsShopDietOrganicGluten-freePlant-BasedKetoPaleoNon-GMOCategoriesProduceDeli & Prepared FoodsBakeryBulkDairyMeat & SeafoodGrocery
						AislesFrozenVitamins &
						Body CareBeer & WineDiscover MoreCateringBuy
					It AgainSprouts BrandsNew ItemsExclusivesPrepared Foods",,,,,949-427-4020,Sprouts,,,,,,,,,,,
Lakewood,,"ExploreRecipesArticles & ResourcesLocal StoriesCommunitySaveWeekly AdDeals of the MonthMember-only EventsDigital CouponsShopDietOrganicGluten-freePlant-BasedKetoPaleoNon-GMOCategoriesProduceDeli & Prepared FoodsBakeryBulkDairyMeat & SeafoodGrocery
						AislesFrozenVitamins &
						Body CareBeer & WineDiscover MoreCateringBuy
					It AgainSprouts BrandsNew ItemsExclusivesPrepared Foods",,,,,562-739-2541,Sprouts,,,,,,,,,,,
Lancaster,,"ExploreRecipesArticles & ResourcesLocal StoriesCommunitySaveWeekly AdDeals of the MonthMember-only EventsDigital CouponsShopDietOrganicGluten-freePlant-BasedKetoPaleoNon-GMOCategoriesProduceDeli & Prepared FoodsBakeryBulkDairyMeat & SeafoodGrocery
						AislesFrozenVitamins &
						Body CareBeer & WineDiscover MoreCateringBuy
					It AgainSprouts BrandsNew ItemsExclusivesPrepared Foods",,,,,661-499-2651,Sprouts,,,,,,,,,,,
Lathrop,,"ExploreRecipesArticles & ResourcesLocal StoriesCommunitySaveWeekly AdDeals of the MonthMember-only EventsDigital CouponsShopDietOrganicGluten-freePlant-BasedKetoPaleoNon-GMOCategoriesProduceDeli & Prepared FoodsBakeryBulkDairyMeat & SeafoodGrocery
						AislesFrozenVitamins &
						Body CareBeer & WineDiscover MoreCateringBuy
					It AgainSprouts BrandsNew ItemsExclusivesPrepared Foods",,,,,209-670-1663,Sprouts,,,,,,,,,,,
Lawndale,,"ExploreRecipesArticles & ResourcesLocal StoriesCommunitySaveWeekly AdDeals of the MonthMember-only EventsDigital CouponsShopDietOrganicGluten-freePlant-BasedKetoPaleoNon-GMOCategoriesProduceDeli & Prepared FoodsBakeryBulkDairyMeat & SeafoodGrocery
						AislesFrozenVitamins &
						Body CareBeer & WineDiscover MoreCateringBuy
					It AgainSprouts BrandsNew ItemsExclusivesPrepared Foods",,,,,,Sprouts,,,,,,,,,,,
Lemon Grove,,"ExploreRecipesArticles & ResourcesLocal StoriesCommunitySaveWeekly AdDeals of the MonthMember-only EventsDigital CouponsShopDietOrganicGluten-freePlant-BasedKetoPaleoNon-GMOCategoriesProduceDeli & Prepared FoodsBakeryBulkDairyMeat & SeafoodGrocery
						AislesFrozenVitamins &
						Body CareBeer & WineDiscover MoreCateringBuy
					It AgainSprouts BrandsNew ItemsExclusivesPrepared Foods",,,,,619-667-8686,Sprouts,,,,,,,,,,,
Lincoln,,"ExploreRecipesArticles & ResourcesLocal StoriesCommunitySaveWeekly AdDeals of the MonthMember-only EventsDigital CouponsShopDietOrganicGluten-freePlant-BasedKetoPaleoNon-GMOCategoriesProduceDeli & Prepared FoodsBakeryBulkDairyMeat & SeafoodGrocery
						AislesFrozenVitamins &
						Body CareBeer & WineDiscover MoreCateringBuy
					It AgainSprouts BrandsNew ItemsExclusivesPrepared Foods",,,,,916-209-5346,Sprouts,,,,,,,,,,,
Lodi,,"ExploreRecipesArticles & ResourcesLocal StoriesCommunitySaveWeekly AdDeals of the MonthMember-only EventsDigital CouponsShopDietOrganicGluten-freePlant-BasedKetoPaleoNon-GMOCategoriesProduceDeli & Prepared FoodsBakeryBulkDairyMeat & SeafoodGrocery
						AislesFrozenVitamins &
						Body CareBeer & WineDiscover MoreCateringBuy
					It AgainSprouts BrandsNew ItemsExclusivesPrepared Foods",,,,,209-371-6656,Sprouts,,,,,,,,,,,
Long Beach-Traffic Circle,,"ExploreRecipesArticles & ResourcesLocal StoriesCommunitySaveWeekly AdDeals of the MonthMember-only EventsDigital CouponsShopDietOrganicGluten-freePlant-BasedKetoPaleoNon-GMOCategoriesProduceDeli & Prepared FoodsBakeryBulkDairyMeat & SeafoodGrocery
						AislesFrozenVitamins &
						Body CareBeer & WineDiscover MoreCateringBuy
					It AgainSprouts BrandsNew ItemsExclusivesPrepared Foods",,,,,562-286-9409,Sprouts,,,,,,,,,,,
Eagle Rock,,"ExploreRecipesArticles & ResourcesLocal StoriesCommunitySaveWeekly AdDeals of the MonthMember-only EventsDigital CouponsShopDietOrganicGluten-freePlant-BasedKetoPaleoNon-GMOCategoriesProduceDeli & Prepared FoodsBakeryBulkDairyMeat & SeafoodGrocery
						AislesFrozenVitamins &
						Body CareBeer & WineDiscover MoreCateringBuy
					It AgainSprouts BrandsNew ItemsExclusivesPrepared Foods",,,,,323-423-1128,Sprouts,,,,,,,,,,,
Echo Park,,"ExploreRecipesArticles & ResourcesLocal StoriesCommunitySaveWeekly AdDeals of the MonthMember-only EventsDigital CouponsShopDietOrganicGluten-freePlant-BasedKetoPaleoNon-GMOCategoriesProduceDeli & Prepared FoodsBakeryBulkDairyMeat & SeafoodGrocery
						AislesFrozenVitamins &
						Body CareBeer & WineDiscover MoreCateringBuy
					It AgainSprouts BrandsNew ItemsExclusivesPrepared Foods",,,,,213-423-6965,Sprouts,,,,,,,,,,,
Los Angeles – La Brea Ave.,,"ExploreRecipesArticles & ResourcesLocal StoriesCommunitySaveWeekly AdDeals of the MonthMember-only EventsDigital CouponsShopDietOrganicGluten-freePlant-BasedKetoPaleoNon-GMOCategoriesProduceDeli & Prepared FoodsBakeryBulkDairyMeat & SeafoodGrocery
						AislesFrozenVitamins &
						Body CareBeer & WineDiscover MoreCateringBuy
					It AgainSprouts BrandsNew ItemsExclusivesPrepared Foods",,,,,323-217-1642,Sprouts,,,,,,,,,,,
Los Angeles – San Vicente,,"ExploreRecipesArticles & ResourcesLocal StoriesCommunitySaveWeekly AdDeals of the MonthMember-only EventsDigital CouponsShopDietOrganicGluten-freePlant-BasedKetoPaleoNon-GMOCategoriesProduceDeli & Prepared FoodsBakeryBulkDairyMeat & SeafoodGrocery
						AislesFrozenVitamins &
						Body CareBeer & WineDiscover MoreCateringBuy
					It AgainSprouts BrandsNew ItemsExclusivesPrepared Foods",,,,,323-801-7510,Sprouts,,,,,,,,,,,
Los Angeles – Venice Blvd.,,"ExploreRecipesArticles & ResourcesLocal StoriesCommunitySaveWeekly AdDeals of the MonthMember-only EventsDigital CouponsShopDietOrganicGluten-freePlant-BasedKetoPaleoNon-GMOCategoriesProduceDeli & Prepared FoodsBakeryBulkDairyMeat & SeafoodGrocery
						AislesFrozenVitamins &
						Body CareBeer & WineDiscover MoreCateringBuy
					It AgainSprouts BrandsNew ItemsExclusivesPrepared Foods",,,,,424-361-6611,Sprouts,,,,,,,,,,,
Westwood,,"ExploreRecipesArticles & ResourcesLocal StoriesCommunitySaveWeekly AdDeals of the MonthMember-only EventsDigital CouponsShopDietOrganicGluten-freePlant-BasedKetoPaleoNon-GMOCategoriesProduceDeli & Prepared FoodsBakeryBulkDairyMeat & SeafoodGrocery
						AislesFrozenVitamins &
						Body CareBeer & WineDiscover MoreCateringBuy
					It AgainSprouts BrandsNew ItemsExclusivesPrepared Foods",,,,,310-500-1192,Sprouts,,,,,,,,,,,
Menifee,,"ExploreRecipesArticles & ResourcesLocal StoriesCommunitySaveWeekly AdDeals of the MonthMember-only EventsDigital CouponsShopDietOrganicGluten-freePlant-BasedKetoPaleoNon-GMOCategoriesProduceDeli & Prepared FoodsBakeryBulkDairyMeat & SeafoodGrocery
						AislesFrozenVitamins &
						Body CareBeer & WineDiscover MoreCateringBuy
					It AgainSprouts BrandsNew ItemsExclusivesPrepared Foods",,,,,951-370-1317,Sprouts,,,,,,,,,,,
Merced,,"ExploreRecipesArticles & ResourcesLocal StoriesCommunitySaveWeekly AdDeals of the MonthMember-only EventsDigital CouponsShopDietOrganicGluten-freePlant-BasedKetoPaleoNon-GMOCategoriesProduceDeli & Prepared FoodsBakeryBulkDairyMeat & SeafoodGrocery
						AislesFrozenVitamins &
						Body CareBeer & WineDiscover MoreCateringBuy
					It AgainSprouts BrandsNew ItemsExclusivesPrepared Foods",,,,,209-720-1439,Sprouts,,,,,,,,,,,
Mission Viejo,,"ExploreRecipesArticles & ResourcesLocal StoriesCommunitySaveWeekly AdDeals of the MonthMember-only EventsDigital CouponsShopDietOrganicGluten-freePlant-BasedKetoPaleoNon-GMOCategoriesProduceDeli & Prepared FoodsBakeryBulkDairyMeat & SeafoodGrocery
						AislesFrozenVitamins &
						Body CareBeer & WineDiscover MoreCateringBuy
					It AgainSprouts BrandsNew ItemsExclusivesPrepared Foods",,,,,949-587-3003,Sprouts,,,,,,,,,,,
Modesto,,"ExploreRecipesArticles & ResourcesLocal StoriesCommunitySaveWeekly AdDeals of the MonthMember-only EventsDigital CouponsShopDietOrganicGluten-freePlant-BasedKetoPaleoNon-GMOCategoriesProduceDeli & Prepared FoodsBakeryBulkDairyMeat & SeafoodGrocery
						AislesFrozenVitamins &
						Body CareBeer & WineDiscover MoreCateringBuy
					It AgainSprouts BrandsNew ItemsExclusivesPrepared Foods",,,,,209-527-7575,Sprouts,,,,,,,,,,,
Monrovia,,"ExploreRecipesArticles & ResourcesLocal StoriesCommunitySaveWeekly AdDeals of the MonthMember-only EventsDigital CouponsShopDietOrganicGluten-freePlant-BasedKetoPaleoNon-GMOCategoriesProduceDeli & Prepared FoodsBakeryBulkDairyMeat & SeafoodGrocery
						AislesFrozenVitamins &
						Body CareBeer & WineDiscover MoreCateringBuy
					It AgainSprouts BrandsNew ItemsExclusivesPrepared Foods",,,,,626-358-6845,Sprouts,,,,,,,,,,,
Moreno Valley,,"ExploreRecipesArticles & ResourcesLocal StoriesCommunitySaveWeekly AdDeals of the MonthMember-only EventsDigital CouponsShopDietOrganicGluten-freePlant-BasedKetoPaleoNon-GMOCategoriesProduceDeli & Prepared FoodsBakeryBulkDairyMeat & SeafoodGrocery
						AislesFrozenVitamins &
						Body CareBeer & WineDiscover MoreCateringBuy
					It AgainSprouts BrandsNew ItemsExclusivesPrepared Foods",,,,,951-567-7549,Sprouts,,,,,,,,,,,
Newark,,"ExploreRecipesArticles & ResourcesLocal StoriesCommunitySaveWeekly AdDeals of the MonthMember-only EventsDigital CouponsShopDietOrganicGluten-freePlant-BasedKetoPaleoNon-GMOCategoriesProduceDeli & Prepared FoodsBakeryBulkDairyMeat & SeafoodGrocery
						AislesFrozenVitamins &
						Body CareBeer & WineDiscover MoreCateringBuy
					It AgainSprouts BrandsNew ItemsExclusivesPrepared Foods",,,,,510-789-0361,Sprouts,,,,,,,,,,,
Norwalk,,"ExploreRecipesArticles & ResourcesLocal StoriesCommunitySaveWeekly AdDeals of the MonthMember-only EventsDigital CouponsShopDietOrganicGluten-freePlant-BasedKetoPaleoNon-GMOCategoriesProduceDeli & Prepared FoodsBakeryBulkDairyMeat & SeafoodGrocery
						AislesFrozenVitamins &
						Body CareBeer & WineDiscover MoreCateringBuy
					It AgainSprouts BrandsNew ItemsExclusivesPrepared Foods",,,,,562-564-5410,Sprouts,,,,,,,,,,,
Oakland,,"ExploreRecipesArticles & ResourcesLocal StoriesCommunitySaveWeekly AdDeals of the MonthMember-only EventsDigital CouponsShopDietOrganicGluten-freePlant-BasedKetoPaleoNon-GMOCategoriesProduceDeli & Prepared FoodsBakeryBulkDairyMeat & SeafoodGrocery
						AislesFrozenVitamins &
						Body CareBeer & WineDiscover MoreCateringBuy
					It AgainSprouts BrandsNew ItemsExclusivesPrepared Foods",,,,,510-851-7688,Sprouts,,,,,,,,,,,
Oceanside,,"ExploreRecipesArticles & ResourcesLocal StoriesCommunitySaveWeekly AdDeals of the MonthMember-only EventsDigital CouponsShopDietOrganicGluten-freePlant-BasedKetoPaleoNon-GMOCategoriesProduceDeli & Prepared FoodsBakeryBulkDairyMeat & SeafoodGrocery
						AislesFrozenVitamins &
						Body CareBeer & WineDiscover MoreCateringBuy
					It AgainSprouts BrandsNew ItemsExclusivesPrepared Foods",,,,,760-726-7274,Sprouts,,,,,,,,,,,
Orange,,"ExploreRecipesArticles & ResourcesLocal StoriesCommunitySaveWeekly AdDeals of the MonthMember-only EventsDigital CouponsShopDietOrganicGluten-freePlant-BasedKetoPaleoNon-GMOCategoriesProduceDeli & Prepared FoodsBakeryBulkDairyMeat & SeafoodGrocery
						AislesFrozenVitamins &
						Body CareBeer & WineDiscover MoreCateringBuy
					It AgainSprouts BrandsNew ItemsExclusivesPrepared Foods",,,,,714-464-1060,Sprouts,,,,,,,,,,,
Palm Springs,,"ExploreRecipesArticles & ResourcesLocal StoriesCommunitySaveWeekly AdDeals of the MonthMember-only EventsDigital CouponsShopDietOrganicGluten-freePlant-BasedKetoPaleoNon-GMOCategoriesProduceDeli & Prepared FoodsBakeryBulkDairyMeat & SeafoodGrocery
						AislesFrozenVitamins &
						Body CareBeer & WineDiscover MoreCateringBuy
					It AgainSprouts BrandsNew ItemsExclusivesPrepared Foods",,,,,442-407-0048,Sprouts,,,,,,,,,,,
Palmdale,,"ExploreRecipesArticles & ResourcesLocal StoriesCommunitySaveWeekly AdDeals of the MonthMember-only EventsDigital CouponsShopDietOrganicGluten-freePlant-BasedKetoPaleoNon-GMOCategoriesProduceDeli & Prepared FoodsBakeryBulkDairyMeat & SeafoodGrocery
						AislesFrozenVitamins &
						Body CareBeer & WineDiscover MoreCateringBuy
					It AgainSprouts BrandsNew ItemsExclusivesPrepared Foods",,,,,661-485-1280,Sprouts,,,,,,,,,,,
Paramount,,"ExploreRecipesArticles & ResourcesLocal StoriesCommunitySaveWeekly AdDeals of the MonthMember-only EventsDigital CouponsShopDietOrganicGluten-freePlant-BasedKetoPaleoNon-GMOCategoriesProduceDeli & Prepared FoodsBakeryBulkDairyMeat & SeafoodGrocery
						AislesFrozenVitamins &
						Body CareBeer & WineDiscover MoreCateringBuy
					It AgainSprouts BrandsNew ItemsExclusivesPrepared Foods",,,,,,Sprouts,,,,,,,,,,,
Pasadena,,"ExploreRecipesArticles & ResourcesLocal StoriesCommunitySaveWeekly AdDeals of the MonthMember-only EventsDigital CouponsShopDietOrganicGluten-freePlant-BasedKetoPaleoNon-GMOCategoriesProduceDeli & Prepared FoodsBakeryBulkDairyMeat & SeafoodGrocery
						AislesFrozenVitamins &
						Body CareBeer & WineDiscover MoreCateringBuy
					It AgainSprouts BrandsNew ItemsExclusivesPrepared Foods",,,,,626-696-1290,Sprouts,,,,,,,,,,,
Petaluma,,"ExploreRecipesArticles & ResourcesLocal StoriesCommunitySaveWeekly AdDeals of the MonthMember-only EventsDigital CouponsShopDietOrganicGluten-freePlant-BasedKetoPaleoNon-GMOCategoriesProduceDeli & Prepared FoodsBakeryBulkDairyMeat & SeafoodGrocery
						AislesFrozenVitamins &
						Body CareBeer & WineDiscover MoreCateringBuy
					It AgainSprouts BrandsNew ItemsExclusivesPrepared Foods",,,,,707-789-4976,Sprouts,,,,,,,,,,,
Pinole,,"ExploreRecipesArticles & ResourcesLocal StoriesCommunitySaveWeekly AdDeals of the MonthMember-only EventsDigital CouponsShopDietOrganicGluten-freePlant-BasedKetoPaleoNon-GMOCategoriesProduceDeli & Prepared FoodsBakeryBulkDairyMeat & SeafoodGrocery
						AislesFrozenVitamins &
						Body CareBeer & WineDiscover MoreCateringBuy
					It AgainSprouts BrandsNew ItemsExclusivesPrepared Foods",,,,,510-640-8111,Sprouts,,,,,,,,,,,
Pittsburg,,"ExploreRecipesArticles & ResourcesLocal StoriesCommunitySaveWeekly AdDeals of the MonthMember-only EventsDigital CouponsShopDietOrganicGluten-freePlant-BasedKetoPaleoNon-GMOCategoriesProduceDeli & Prepared FoodsBakeryBulkDairyMeat & SeafoodGrocery
						AislesFrozenVitamins &
						Body CareBeer & WineDiscover MoreCateringBuy
					It AgainSprouts BrandsNew ItemsExclusivesPrepared Foods",,,,,341-214-1031,Sprouts,,,,,,,,,,,
Poway,,"ExploreRecipesArticles & ResourcesLocal StoriesCommunitySaveWeekly AdDeals of the MonthMember-only EventsDigital CouponsShopDietOrganicGluten-freePlant-BasedKetoPaleoNon-GMOCategoriesProduceDeli & Prepared FoodsBakeryBulkDairyMeat & SeafoodGrocery
						AislesFrozenVitamins &
						Body CareBeer & WineDiscover MoreCateringBuy
					It AgainSprouts BrandsNew ItemsExclusivesPrepared Foods",,,,,858-486-7851,Sprouts,,,,,,,,,,,
Rancho Cordova,,"ExploreRecipesArticles & ResourcesLocal StoriesCommunitySaveWeekly AdDeals of the MonthMember-only EventsDigital CouponsShopDietOrganicGluten-freePlant-BasedKetoPaleoNon-GMOCategoriesProduceDeli & Prepared FoodsBakeryBulkDairyMeat & SeafoodGrocery
						AislesFrozenVitamins &
						Body CareBeer & WineDiscover MoreCateringBuy
					It AgainSprouts BrandsNew ItemsExclusivesPrepared Foods",,,,,279-278-7553,Sprouts,,,,,,,,,,,
Alta Loma,,"ExploreRecipesArticles & ResourcesLocal StoriesCommunitySaveWeekly AdDeals of the MonthMember-only EventsDigital CouponsShopDietOrganicGluten-freePlant-BasedKetoPaleoNon-GMOCategoriesProduceDeli & Prepared FoodsBakeryBulkDairyMeat & SeafoodGrocery
						AislesFrozenVitamins &
						Body CareBeer & WineDiscover MoreCateringBuy
					It AgainSprouts BrandsNew ItemsExclusivesPrepared Foods",,,,,909-296-3094,Sprouts,,,,,,,,,,,
Rancho Cucamonga,,"ExploreRecipesArticles & ResourcesLocal StoriesCommunitySaveWeekly AdDeals of the MonthMember-only EventsDigital CouponsShopDietOrganicGluten-freePlant-BasedKetoPaleoNon-GMOCategoriesProduceDeli & Prepared FoodsBakeryBulkDairyMeat & SeafoodGrocery
						AislesFrozenVitamins &
						Body CareBeer & WineDiscover MoreCateringBuy
					It AgainSprouts BrandsNew ItemsExclusivesPrepared Foods",,,,,909-803-5730,Sprouts,,,,,,,,,,,
Redding,,"ExploreRecipesArticles & ResourcesLocal StoriesCommunitySaveWeekly AdDeals of the MonthMember-only EventsDigital CouponsShopDietOrganicGluten-freePlant-BasedKetoPaleoNon-GMOCategoriesProduceDeli & Prepared FoodsBakeryBulkDairyMeat & SeafoodGrocery
						AislesFrozenVitamins &
						Body CareBeer & WineDiscover MoreCateringBuy
					It AgainSprouts BrandsNew ItemsExclusivesPrepared Foods",,,,,530-999-0988,Sprouts,,,,,,,,,,,
Redlands,,"ExploreRecipesArticles & ResourcesLocal StoriesCommunitySaveWeekly AdDeals of the MonthMember-only EventsDigital CouponsShopDietOrganicGluten-freePlant-BasedKetoPaleoNon-GMOCategoriesProduceDeli & Prepared FoodsBakeryBulkDairyMeat & SeafoodGrocery
						AislesFrozenVitamins &
						Body CareBeer & WineDiscover MoreCateringBuy
					It AgainSprouts BrandsNew ItemsExclusivesPrepared Foods",,,,,909-283-7162,Sprouts,,,,,,,,,,,
Redondo Beach,,"ExploreRecipesArticles & ResourcesLocal StoriesCommunitySaveWeekly AdDeals of the MonthMember-only EventsDigital CouponsShopDietOrganicGluten-freePlant-BasedKetoPaleoNon-GMOCategoriesProduceDeli & Prepared FoodsBakeryBulkDairyMeat & SeafoodGrocery
						AislesFrozenVitamins &
						Body CareBeer & WineDiscover MoreCateringBuy
					It AgainSprouts BrandsNew ItemsExclusivesPrepared Foods",,,,,424-903-7028,Sprouts,,,,,,,,,,,
Rialto,,"ExploreRecipesArticles & ResourcesLocal StoriesCommunitySaveWeekly AdDeals of the MonthMember-only EventsDigital CouponsShopDietOrganicGluten-freePlant-BasedKetoPaleoNon-GMOCategoriesProduceDeli & Prepared FoodsBakeryBulkDairyMeat & SeafoodGrocery
						AislesFrozenVitamins &
						Body CareBeer & WineDiscover MoreCateringBuy
					It AgainSprouts BrandsNew ItemsExclusivesPrepared Foods",,,,,840-220-4266,Sprouts,,,,,,,,,,,
Riverside,,"ExploreRecipesArticles & ResourcesLocal StoriesCommunitySaveWeekly AdDeals of the MonthMember-only EventsDigital CouponsShopDietOrganicGluten-freePlant-BasedKetoPaleoNon-GMOCategoriesProduceDeli & Prepared FoodsBakeryBulkDairyMeat & SeafoodGrocery
						AislesFrozenVitamins &
						Body CareBeer & WineDiscover MoreCateringBuy
					It AgainSprouts BrandsNew ItemsExclusivesPrepared Foods",,,,,951-565-5400,Sprouts,,,,,,,,,,,
Roseville – Granite Bay,,"ExploreRecipesArticles & ResourcesLocal StoriesCommunitySaveWeekly AdDeals of the MonthMember-only EventsDigital CouponsShopDietOrganicGluten-freePlant-BasedKetoPaleoNon-GMOCategoriesProduceDeli & Prepared FoodsBakeryBulkDairyMeat & SeafoodGrocery
						AislesFrozenVitamins &
						Body CareBeer & WineDiscover MoreCateringBuy
					It AgainSprouts BrandsNew ItemsExclusivesPrepared Foods",,,,,916-462-5047,Sprouts,,,,,,,,,,,
Sacramento,,"ExploreRecipesArticles & ResourcesLocal StoriesCommunitySaveWeekly AdDeals of the MonthMember-only EventsDigital CouponsShopDietOrganicGluten-freePlant-BasedKetoPaleoNon-GMOCategoriesProduceDeli & Prepared FoodsBakeryBulkDairyMeat & SeafoodGrocery
						AislesFrozenVitamins &
						Body CareBeer & WineDiscover MoreCateringBuy
					It AgainSprouts BrandsNew ItemsExclusivesPrepared Foods",,,,,916-455-4200,Sprouts,,,,,,,,,,,
Sacramento – Natomas,,"ExploreRecipesArticles & ResourcesLocal StoriesCommunitySaveWeekly AdDeals of the MonthMember-only EventsDigital CouponsShopDietOrganicGluten-freePlant-BasedKetoPaleoNon-GMOCategoriesProduceDeli & Prepared FoodsBakeryBulkDairyMeat & SeafoodGrocery
						AislesFrozenVitamins &
						Body CareBeer & WineDiscover MoreCateringBuy
					It AgainSprouts BrandsNew ItemsExclusivesPrepared Foods",,,,,916-431-1111,Sprouts,,,,,,,,,,,
Sacramento – Town & Country,,"ExploreRecipesArticles & ResourcesLocal StoriesCommunitySaveWeekly AdDeals of the MonthMember-only EventsDigital CouponsShopDietOrganicGluten-freePlant-BasedKetoPaleoNon-GMOCategoriesProduceDeli & Prepared FoodsBakeryBulkDairyMeat & SeafoodGrocery
						AislesFrozenVitamins &
						Body CareBeer & WineDiscover MoreCateringBuy
					It AgainSprouts BrandsNew ItemsExclusivesPrepared Foods",,,,,916-999-3410,Sprouts,,,,,,,,,,,
San Clemente,,"ExploreRecipesArticles & ResourcesLocal StoriesCommunitySaveWeekly AdDeals of the MonthMember-only EventsDigital CouponsShopDietOrganicGluten-freePlant-BasedKetoPaleoNon-GMOCategoriesProduceDeli & Prepared FoodsBakeryBulkDairyMeat & SeafoodGrocery
						AislesFrozenVitamins &
						Body CareBeer & WineDiscover MoreCateringBuy
					It AgainSprouts BrandsNew ItemsExclusivesPrepared Foods",,,,,949-542-1036,Sprouts,,,,,,,,,,,
Carmel Mountain Ranch,,"ExploreRecipesArticles & ResourcesLocal StoriesCommunitySaveWeekly AdDeals of the MonthMember-only EventsDigital CouponsShopDietOrganicGluten-freePlant-BasedKetoPaleoNon-GMOCategoriesProduceDeli & Prepared FoodsBakeryBulkDairyMeat & SeafoodGrocery
						AislesFrozenVitamins &
						Body CareBeer & WineDiscover MoreCateringBuy
					It AgainSprouts BrandsNew ItemsExclusivesPrepared Foods",,,,,858-798-7200,Sprouts,,,,,,,,,,,
Clairemont,,"ExploreRecipesArticles & ResourcesLocal StoriesCommunitySaveWeekly AdDeals of the MonthMember-only EventsDigital CouponsShopDietOrganicGluten-freePlant-BasedKetoPaleoNon-GMOCategoriesProduceDeli & Prepared FoodsBakeryBulkDairyMeat & SeafoodGrocery
						AislesFrozenVitamins &
						Body CareBeer & WineDiscover MoreCateringBuy
					It AgainSprouts BrandsNew ItemsExclusivesPrepared Foods",,,,,619-764-6015,Sprouts,,,,,,,,,,,
Mira Mesa,,"ExploreRecipesArticles & ResourcesLocal StoriesCommunitySaveWeekly AdDeals of the MonthMember-only EventsDigital CouponsShopDietOrganicGluten-freePlant-BasedKetoPaleoNon-GMOCategoriesProduceDeli & Prepared FoodsBakeryBulkDairyMeat & SeafoodGrocery
						AislesFrozenVitamins &
						Body CareBeer & WineDiscover MoreCateringBuy
					It AgainSprouts BrandsNew ItemsExclusivesPrepared Foods",,,,,858-880-0210,Sprouts,,,,,,,,,,,
North Park,,"ExploreRecipesArticles & ResourcesLocal StoriesCommunitySaveWeekly AdDeals of the MonthMember-only EventsDigital CouponsShopDietOrganicGluten-freePlant-BasedKetoPaleoNon-GMOCategoriesProduceDeli & Prepared FoodsBakeryBulkDairyMeat & SeafoodGrocery
						AislesFrozenVitamins &
						Body CareBeer & WineDiscover MoreCateringBuy
					It AgainSprouts BrandsNew ItemsExclusivesPrepared Foods",,,,,619-291-8287,Sprouts,,,,,,,,,,,
Pacific Beach,,"ExploreRecipesArticles & ResourcesLocal StoriesCommunitySaveWeekly AdDeals of the MonthMember-only EventsDigital CouponsShopDietOrganicGluten-freePlant-BasedKetoPaleoNon-GMOCategoriesProduceDeli & Prepared FoodsBakeryBulkDairyMeat & SeafoodGrocery
						AislesFrozenVitamins &
						Body CareBeer & WineDiscover MoreCateringBuy
					It AgainSprouts BrandsNew ItemsExclusivesPrepared Foods",,,,,858-270-8200,Sprouts,,,,,,,,,,,
Point Loma,,"ExploreRecipesArticles & ResourcesLocal StoriesCommunitySaveWeekly AdDeals of the MonthMember-only EventsDigital CouponsShopDietOrganicGluten-freePlant-BasedKetoPaleoNon-GMOCategoriesProduceDeli & Prepared FoodsBakeryBulkDairyMeat & SeafoodGrocery
						AislesFrozenVitamins &
						Body CareBeer & WineDiscover MoreCateringBuy
					It AgainSprouts BrandsNew ItemsExclusivesPrepared Foods",,,,,619-523-3640,Sprouts,,,,,,,,,,,
Rancho Bernardo,,"ExploreRecipesArticles & ResourcesLocal StoriesCommunitySaveWeekly AdDeals of the MonthMember-only EventsDigital CouponsShopDietOrganicGluten-freePlant-BasedKetoPaleoNon-GMOCategoriesProduceDeli & Prepared FoodsBakeryBulkDairyMeat & SeafoodGrocery
						AislesFrozenVitamins &
						Body CareBeer & WineDiscover MoreCateringBuy
					It AgainSprouts BrandsNew ItemsExclusivesPrepared Foods",,,,,858-385-1606,Sprouts,,,,,,,,,,,
San Diego – Del Sur,,"ExploreRecipesArticles & ResourcesLocal StoriesCommunitySaveWeekly AdDeals of the MonthMember-only EventsDigital CouponsShopDietOrganicGluten-freePlant-BasedKetoPaleoNon-GMOCategoriesProduceDeli & Prepared FoodsBakeryBulkDairyMeat & SeafoodGrocery
						AislesFrozenVitamins &
						Body CareBeer & WineDiscover MoreCateringBuy
					It AgainSprouts BrandsNew ItemsExclusivesPrepared Foods",,,,,858-798-8232,Sprouts,,,,,,,,,,,
San Diego – Genesee Ave.,,"ExploreRecipesArticles & ResourcesLocal StoriesCommunitySaveWeekly AdDeals of the MonthMember-only EventsDigital CouponsShopDietOrganicGluten-freePlant-BasedKetoPaleoNon-GMOCategoriesProduceDeli & Prepared FoodsBakeryBulkDairyMeat & SeafoodGrocery
						AislesFrozenVitamins &
						Body CareBeer & WineDiscover MoreCateringBuy
					It AgainSprouts BrandsNew ItemsExclusivesPrepared Foods",,,,,858-268-2400,Sprouts,,,,,,,,,,,
University City,,"ExploreRecipesArticles & ResourcesLocal StoriesCommunitySaveWeekly AdDeals of the MonthMember-only EventsDigital CouponsShopDietOrganicGluten-freePlant-BasedKetoPaleoNon-GMOCategoriesProduceDeli & Prepared FoodsBakeryBulkDairyMeat & SeafoodGrocery
						AislesFrozenVitamins &
						Body CareBeer & WineDiscover MoreCateringBuy
					It AgainSprouts BrandsNew ItemsExclusivesPrepared Foods",,,,,858-457-5006,Sprouts,,,,,,,,,,,
San Jose – Coleman Ave.,,"ExploreRecipesArticles & ResourcesLocal StoriesCommunitySaveWeekly AdDeals of the MonthMember-only EventsDigital CouponsShopDietOrganicGluten-freePlant-BasedKetoPaleoNon-GMOCategoriesProduceDeli & Prepared FoodsBakeryBulkDairyMeat & SeafoodGrocery
						AislesFrozenVitamins &
						Body CareBeer & WineDiscover MoreCateringBuy
					It AgainSprouts BrandsNew ItemsExclusivesPrepared Foods",,,,,669-444-3186,Sprouts,,,,,,,,,,,
San Jose-N. Capitol Ave.,,"ExploreRecipesArticles & ResourcesLocal StoriesCommunitySaveWeekly AdDeals of the MonthMember-only EventsDigital CouponsShopDietOrganicGluten-freePlant-BasedKetoPaleoNon-GMOCategoriesProduceDeli & Prepared FoodsBakeryBulkDairyMeat & SeafoodGrocery
						AislesFrozenVitamins &
						Body CareBeer & WineDiscover MoreCateringBuy
					It AgainSprouts BrandsNew ItemsExclusivesPrepared Foods",,,,,408-503-3250,Sprouts,,,,,,,,,,,
San Jose – Branham Ln.,,"ExploreRecipesArticles & ResourcesLocal StoriesCommunitySaveWeekly AdDeals of the MonthMember-only EventsDigital CouponsShopDietOrganicGluten-freePlant-BasedKetoPaleoNon-GMOCategoriesProduceDeli & Prepared FoodsBakeryBulkDairyMeat & SeafoodGrocery
						AislesFrozenVitamins &
						Body CareBeer & WineDiscover MoreCateringBuy
					It AgainSprouts BrandsNew ItemsExclusivesPrepared Foods",,,,,408-833-1152,Sprouts,,,,,,,,,,,
San Jose – Brokaw Rd.,,"ExploreRecipesArticles & ResourcesLocal StoriesCommunitySaveWeekly AdDeals of the MonthMember-only EventsDigital CouponsShopDietOrganicGluten-freePlant-BasedKetoPaleoNon-GMOCategoriesProduceDeli & Prepared FoodsBakeryBulkDairyMeat & SeafoodGrocery
						AislesFrozenVitamins &
						Body CareBeer & WineDiscover MoreCateringBuy
					It AgainSprouts BrandsNew ItemsExclusivesPrepared Foods",,,,,408-490-3041,Sprouts,,,,,,,,,,,
San Jose – Capitol Expwy.,,"ExploreRecipesArticles & ResourcesLocal StoriesCommunitySaveWeekly AdDeals of the MonthMember-only EventsDigital CouponsShopDietOrganicGluten-freePlant-BasedKetoPaleoNon-GMOCategoriesProduceDeli & Prepared FoodsBakeryBulkDairyMeat & SeafoodGrocery
						AislesFrozenVitamins &
						Body CareBeer & WineDiscover MoreCateringBuy
					It AgainSprouts BrandsNew ItemsExclusivesPrepared Foods",,,,,669-234-5260,Sprouts,,,,,,,,,,,
San Jose – Prospect Rd.,,"ExploreRecipesArticles & ResourcesLocal StoriesCommunitySaveWeekly AdDeals of the MonthMember-only EventsDigital CouponsShopDietOrganicGluten-freePlant-BasedKetoPaleoNon-GMOCategoriesProduceDeli & Prepared FoodsBakeryBulkDairyMeat & SeafoodGrocery
						AislesFrozenVitamins &
						Body CareBeer & WineDiscover MoreCateringBuy
					It AgainSprouts BrandsNew ItemsExclusivesPrepared Foods",,,,,408-725-3970,Sprouts,,,,,,,,,,,
San Leandro,,"ExploreRecipesArticles & ResourcesLocal StoriesCommunitySaveWeekly AdDeals of the MonthMember-only EventsDigital CouponsShopDietOrganicGluten-freePlant-BasedKetoPaleoNon-GMOCategoriesProduceDeli & Prepared FoodsBakeryBulkDairyMeat & SeafoodGrocery
						AislesFrozenVitamins &
						Body CareBeer & WineDiscover MoreCateringBuy
					It AgainSprouts BrandsNew ItemsExclusivesPrepared Foods",,,,,,Sprouts,,,,,,,,,,,
San Luis Obispo,,"ExploreRecipesArticles & ResourcesLocal StoriesCommunitySaveWeekly AdDeals of the MonthMember-only EventsDigital CouponsShopDietOrganicGluten-freePlant-BasedKetoPaleoNon-GMOCategoriesProduceDeli & Prepared FoodsBakeryBulkDairyMeat & SeafoodGrocery
						AislesFrozenVitamins &
						Body CareBeer & WineDiscover MoreCateringBuy
					It AgainSprouts BrandsNew ItemsExclusivesPrepared Foods",,,,,805-858-3350,Sprouts,,,,,,,,,,,
San Marcos,,"ExploreRecipesArticles & ResourcesLocal StoriesCommunitySaveWeekly AdDeals of the MonthMember-only EventsDigital CouponsShopDietOrganicGluten-freePlant-BasedKetoPaleoNon-GMOCategoriesProduceDeli & Prepared FoodsBakeryBulkDairyMeat & SeafoodGrocery
						AislesFrozenVitamins &
						Body CareBeer & WineDiscover MoreCateringBuy
					It AgainSprouts BrandsNew ItemsExclusivesPrepared Foods",,,,,760-208-6041,Sprouts,,,,,,,,,,,
San Pedro,,"ExploreRecipesArticles & ResourcesLocal StoriesCommunitySaveWeekly AdDeals of the MonthMember-only EventsDigital CouponsShopDietOrganicGluten-freePlant-BasedKetoPaleoNon-GMOCategoriesProduceDeli & Prepared FoodsBakeryBulkDairyMeat & SeafoodGrocery
						AislesFrozenVitamins &
						Body CareBeer & WineDiscover MoreCateringBuy
					It AgainSprouts BrandsNew ItemsExclusivesPrepared Foods",,,,,310-831-7836,Sprouts,,,,,,,,,,,
San Rafael,,"ExploreRecipesArticles & ResourcesLocal StoriesCommunitySaveWeekly AdDeals of the MonthMember-only EventsDigital CouponsShopDietOrganicGluten-freePlant-BasedKetoPaleoNon-GMOCategoriesProduceDeli & Prepared FoodsBakeryBulkDairyMeat & SeafoodGrocery
						AislesFrozenVitamins &
						Body CareBeer & WineDiscover MoreCateringBuy
					It AgainSprouts BrandsNew ItemsExclusivesPrepared Foods",,,,,415-524-1159,Sprouts,,,,,,,,,,,
San Ramon,,"ExploreRecipesArticles & ResourcesLocal StoriesCommunitySaveWeekly AdDeals of the MonthMember-only EventsDigital CouponsShopDietOrganicGluten-freePlant-BasedKetoPaleoNon-GMOCategoriesProduceDeli & Prepared FoodsBakeryBulkDairyMeat & SeafoodGrocery
						AislesFrozenVitamins &
						Body CareBeer & WineDiscover MoreCateringBuy
					It AgainSprouts BrandsNew ItemsExclusivesPrepared Foods",,,,,925-302-1395,Sprouts,,,,,,,,,,,
Santa Barbara,,"ExploreRecipesArticles & ResourcesLocal StoriesCommunitySaveWeekly AdDeals of the MonthMember-only EventsDigital CouponsShopDietOrganicGluten-freePlant-BasedKetoPaleoNon-GMOCategoriesProduceDeli & Prepared FoodsBakeryBulkDairyMeat & SeafoodGrocery
						AislesFrozenVitamins &
						Body CareBeer & WineDiscover MoreCateringBuy
					It AgainSprouts BrandsNew ItemsExclusivesPrepared Foods",,,,,805-837-0356,Sprouts,,,,,,,,,,,
Santa Clara,,"ExploreRecipesArticles & ResourcesLocal StoriesCommunitySaveWeekly AdDeals of the MonthMember-only EventsDigital CouponsShopDietOrganicGluten-freePlant-BasedKetoPaleoNon-GMOCategoriesProduceDeli & Prepared FoodsBakeryBulkDairyMeat & SeafoodGrocery
						AislesFrozenVitamins &
						Body CareBeer & WineDiscover MoreCateringBuy
					It AgainSprouts BrandsNew ItemsExclusivesPrepared Foods",,,,,408-780-7248,Sprouts,,,,,,,,,,,
Canyon Country,,"ExploreRecipesArticles & ResourcesLocal StoriesCommunitySaveWeekly AdDeals of the MonthMember-only EventsDigital CouponsShopDietOrganicGluten-freePlant-BasedKetoPaleoNon-GMOCategoriesProduceDeli & Prepared FoodsBakeryBulkDairyMeat & SeafoodGrocery
						AislesFrozenVitamins &
						Body CareBeer & WineDiscover MoreCateringBuy
					It AgainSprouts BrandsNew ItemsExclusivesPrepared Foods",,,,,661-517-3724,Sprouts,,,,,,,,,,,
Santa Maria,,"ExploreRecipesArticles & ResourcesLocal StoriesCommunitySaveWeekly AdDeals of the MonthMember-only EventsDigital CouponsShopDietOrganicGluten-freePlant-BasedKetoPaleoNon-GMOCategoriesProduceDeli & Prepared FoodsBakeryBulkDairyMeat & SeafoodGrocery
						AislesFrozenVitamins &
						Body CareBeer & WineDiscover MoreCateringBuy
					It AgainSprouts BrandsNew ItemsExclusivesPrepared Foods",,,,,,Sprouts,,,,,,,,,,,
Santee,,"ExploreRecipesArticles & ResourcesLocal StoriesCommunitySaveWeekly AdDeals of the MonthMember-only EventsDigital CouponsShopDietOrganicGluten-freePlant-BasedKetoPaleoNon-GMOCategoriesProduceDeli & Prepared FoodsBakeryBulkDairyMeat & SeafoodGrocery
						AislesFrozenVitamins &
						Body CareBeer & WineDiscover MoreCateringBuy
					It AgainSprouts BrandsNew ItemsExclusivesPrepared Foods",,,,,619-562-0145,Sprouts,,,,,,,,,,,
Seal Beach,,"ExploreRecipesArticles & ResourcesLocal StoriesCommunitySaveWeekly AdDeals of the MonthMember-only EventsDigital CouponsShopDietOrganicGluten-freePlant-BasedKetoPaleoNon-GMOCategoriesProduceDeli & Prepared FoodsBakeryBulkDairyMeat & SeafoodGrocery
						AislesFrozenVitamins &
						Body CareBeer & WineDiscover MoreCateringBuy
					It AgainSprouts BrandsNew ItemsExclusivesPrepared Foods",,,,,562-794-2125,Sprouts,,,,,,,,,,,
Simi Valley,,"ExploreRecipesArticles & ResourcesLocal StoriesCommunitySaveWeekly AdDeals of the MonthMember-only EventsDigital CouponsShopDietOrganicGluten-freePlant-BasedKetoPaleoNon-GMOCategoriesProduceDeli & Prepared FoodsBakeryBulkDairyMeat & SeafoodGrocery
						AislesFrozenVitamins &
						Body CareBeer & WineDiscover MoreCateringBuy
					It AgainSprouts BrandsNew ItemsExclusivesPrepared Foods",,,,,805-422-3363,Sprouts,,,,,,,,,,,
Solana Beach,,"ExploreRecipesArticles & ResourcesLocal StoriesCommunitySaveWeekly AdDeals of the MonthMember-only EventsDigital CouponsShopDietOrganicGluten-freePlant-BasedKetoPaleoNon-GMOCategoriesProduceDeli & Prepared FoodsBakeryBulkDairyMeat & SeafoodGrocery
						AislesFrozenVitamins &
						Body CareBeer & WineDiscover MoreCateringBuy
					It AgainSprouts BrandsNew ItemsExclusivesPrepared Foods",,,,,858-350-7900,Sprouts,,,,,,,,,,,
Stockton,,"ExploreRecipesArticles & ResourcesLocal StoriesCommunitySaveWeekly AdDeals of the MonthMember-only EventsDigital CouponsShopDietOrganicGluten-freePlant-BasedKetoPaleoNon-GMOCategoriesProduceDeli & Prepared FoodsBakeryBulkDairyMeat & SeafoodGrocery
						AislesFrozenVitamins &
						Body CareBeer & WineDiscover MoreCateringBuy
					It AgainSprouts BrandsNew ItemsExclusivesPrepared Foods",,,,,209-751-0474,Sprouts,,,,,,,,,,,
Studio City,,"ExploreRecipesArticles & ResourcesLocal StoriesCommunitySaveWeekly AdDeals of the MonthMember-only EventsDigital CouponsShopDietOrganicGluten-freePlant-BasedKetoPaleoNon-GMOCategoriesProduceDeli & Prepared FoodsBakeryBulkDairyMeat & SeafoodGrocery
						AislesFrozenVitamins &
						Body CareBeer & WineDiscover MoreCateringBuy
					It AgainSprouts BrandsNew ItemsExclusivesPrepared Foods",,,,,747-256-6517,Sprouts,,,,,,,,,,,
Fresno-Sunnyside,,"ExploreRecipesArticles & ResourcesLocal StoriesCommunitySaveWeekly AdDeals of the MonthMember-only EventsDigital CouponsShopDietOrganicGluten-freePlant-BasedKetoPaleoNon-GMOCategoriesProduceDeli & Prepared FoodsBakeryBulkDairyMeat & SeafoodGrocery
						AislesFrozenVitamins &
						Body CareBeer & WineDiscover MoreCateringBuy
					It AgainSprouts BrandsNew ItemsExclusivesPrepared Foods",,,,,559-890-5624,Sprouts,,,,,,,,,,,
Sunnyvale,,"ExploreRecipesArticles & ResourcesLocal StoriesCommunitySaveWeekly AdDeals of the MonthMember-only EventsDigital CouponsShopDietOrganicGluten-freePlant-BasedKetoPaleoNon-GMOCategoriesProduceDeli & Prepared FoodsBakeryBulkDairyMeat & SeafoodGrocery
						AislesFrozenVitamins &
						Body CareBeer & WineDiscover MoreCateringBuy
					It AgainSprouts BrandsNew ItemsExclusivesPrepared Foods",,,,,408-702-1172,Sprouts,,,,,,,,,,,
Temecula,,"ExploreRecipesArticles & ResourcesLocal StoriesCommunitySaveWeekly AdDeals of the MonthMember-only EventsDigital CouponsShopDietOrganicGluten-freePlant-BasedKetoPaleoNon-GMOCategoriesProduceDeli & Prepared FoodsBakeryBulkDairyMeat & SeafoodGrocery
						AislesFrozenVitamins &
						Body CareBeer & WineDiscover MoreCateringBuy
					It AgainSprouts BrandsNew ItemsExclusivesPrepared Foods",,,,,951-303-0087,Sprouts,,,,,,,,,,,
Rancho Temecula,,"ExploreRecipesArticles & ResourcesLocal StoriesCommunitySaveWeekly AdDeals of the MonthMember-only EventsDigital CouponsShopDietOrganicGluten-freePlant-BasedKetoPaleoNon-GMOCategoriesProduceDeli & Prepared FoodsBakeryBulkDairyMeat & SeafoodGrocery
						AislesFrozenVitamins &
						Body CareBeer & WineDiscover MoreCateringBuy
					It AgainSprouts BrandsNew ItemsExclusivesPrepared Foods",,,,,951-694-3680,Sprouts,,,,,,,,,,,
Thousand Oaks,,"ExploreRecipesArticles & ResourcesLocal StoriesCommunitySaveWeekly AdDeals of the MonthMember-only EventsDigital CouponsShopDietOrganicGluten-freePlant-BasedKetoPaleoNon-GMOCategoriesProduceDeli & Prepared FoodsBakeryBulkDairyMeat & SeafoodGrocery
						AislesFrozenVitamins &
						Body CareBeer & WineDiscover MoreCateringBuy
					It AgainSprouts BrandsNew ItemsExclusivesPrepared Foods",,,,,805-716-4373,Sprouts,,,,,,,,,,,
Torrance,,"ExploreRecipesArticles & ResourcesLocal StoriesCommunitySaveWeekly AdDeals of the MonthMember-only EventsDigital CouponsShopDietOrganicGluten-freePlant-BasedKetoPaleoNon-GMOCategoriesProduceDeli & Prepared FoodsBakeryBulkDairyMeat & SeafoodGrocery
						AislesFrozenVitamins &
						Body CareBeer & WineDiscover MoreCateringBuy
					It AgainSprouts BrandsNew ItemsExclusivesPrepared Foods",,,,,424-903-7062,Sprouts,,,,,,,,,,,
Tustin – Holt Ave.,,"ExploreRecipesArticles & ResourcesLocal StoriesCommunitySaveWeekly AdDeals of the MonthMember-only EventsDigital CouponsShopDietOrganicGluten-freePlant-BasedKetoPaleoNon-GMOCategoriesProduceDeli & Prepared FoodsBakeryBulkDairyMeat & SeafoodGrocery
						AislesFrozenVitamins &
						Body CareBeer & WineDiscover MoreCateringBuy
					It AgainSprouts BrandsNew ItemsExclusivesPrepared Foods",,,,,714-415-4381,Sprouts,,,,,,,,,,,
Tustin – Jamboree Rd.,,"ExploreRecipesArticles & ResourcesLocal StoriesCommunitySaveWeekly AdDeals of the MonthMember-only EventsDigital CouponsShopDietOrganicGluten-freePlant-BasedKetoPaleoNon-GMOCategoriesProduceDeli & Prepared FoodsBakeryBulkDairyMeat & SeafoodGrocery
						AislesFrozenVitamins &
						Body CareBeer & WineDiscover MoreCateringBuy
					It AgainSprouts BrandsNew ItemsExclusivesPrepared Foods",,,,,714-734-8760,Sprouts,,,,,,,,,,,
Upland,,"ExploreRecipesArticles & ResourcesLocal StoriesCommunitySaveWeekly AdDeals of the MonthMember-only EventsDigital CouponsShopDietOrganicGluten-freePlant-BasedKetoPaleoNon-GMOCategoriesProduceDeli & Prepared FoodsBakeryBulkDairyMeat & SeafoodGrocery
						AislesFrozenVitamins &
						Body CareBeer & WineDiscover MoreCateringBuy
					It AgainSprouts BrandsNew ItemsExclusivesPrepared Foods",,,,,909-912-1461,Sprouts,,,,,,,,,,,
Vacaville,,"ExploreRecipesArticles & ResourcesLocal StoriesCommunitySaveWeekly AdDeals of the MonthMember-only EventsDigital CouponsShopDietOrganicGluten-freePlant-BasedKetoPaleoNon-GMOCategoriesProduceDeli & Prepared FoodsBakeryBulkDairyMeat & SeafoodGrocery
						AislesFrozenVitamins &
						Body CareBeer & WineDiscover MoreCateringBuy
					It AgainSprouts BrandsNew ItemsExclusivesPrepared Foods",,,,,707-301-4300,Sprouts,,,,,,,,,,,
Valencia,,"ExploreRecipesArticles & ResourcesLocal StoriesCommunitySaveWeekly AdDeals of the MonthMember-only EventsDigital CouponsShopDietOrganicGluten-freePlant-BasedKetoPaleoNon-GMOCategoriesProduceDeli & Prepared FoodsBakeryBulkDairyMeat & SeafoodGrocery
						AislesFrozenVitamins &
						Body CareBeer & WineDiscover MoreCateringBuy
					It AgainSprouts BrandsNew ItemsExclusivesPrepared Foods",,,,,661-414-1109,Sprouts,,,,,,,,,,,
Ventura,,"ExploreRecipesArticles & ResourcesLocal StoriesCommunitySaveWeekly AdDeals of the MonthMember-only EventsDigital CouponsShopDietOrganicGluten-freePlant-BasedKetoPaleoNon-GMOCategoriesProduceDeli & Prepared FoodsBakeryBulkDairyMeat & SeafoodGrocery
						AislesFrozenVitamins &
						Body CareBeer & WineDiscover MoreCateringBuy
					It AgainSprouts BrandsNew ItemsExclusivesPrepared Foods",,,,,805-941-4013,Sprouts,,,,,,,,,,,
Victorville,,"ExploreRecipesArticles & ResourcesLocal StoriesCommunitySaveWeekly AdDeals of the MonthMember-only EventsDigital CouponsShopDietOrganicGluten-freePlant-BasedKetoPaleoNon-GMOCategoriesProduceDeli & Prepared FoodsBakeryBulkDairyMeat & SeafoodGrocery
						AislesFrozenVitamins &
						Body CareBeer & WineDiscover MoreCateringBuy
					It AgainSprouts BrandsNew ItemsExclusivesPrepared Foods",,,,,442-327-1306,Sprouts,,,,,,,,,,,
Visalia,,"ExploreRecipesArticles & ResourcesLocal StoriesCommunitySaveWeekly AdDeals of the MonthMember-only EventsDigital CouponsShopDietOrganicGluten-freePlant-BasedKetoPaleoNon-GMOCategoriesProduceDeli & Prepared FoodsBakeryBulkDairyMeat & SeafoodGrocery
						AislesFrozenVitamins &
						Body CareBeer & WineDiscover MoreCateringBuy
					It AgainSprouts BrandsNew ItemsExclusivesPrepared Foods",,,,,559-553-4044,Sprouts,,,,,,,,,,,
Vista,,"ExploreRecipesArticles & ResourcesLocal StoriesCommunitySaveWeekly AdDeals of the MonthMember-only EventsDigital CouponsShopDietOrganicGluten-freePlant-BasedKetoPaleoNon-GMOCategoriesProduceDeli & Prepared FoodsBakeryBulkDairyMeat & SeafoodGrocery
						AislesFrozenVitamins &
						Body CareBeer & WineDiscover MoreCateringBuy
					It AgainSprouts BrandsNew ItemsExclusivesPrepared Foods",,,,,760-936-4010,Sprouts,,,,,,,,,,,
Walnut Creek,,"ExploreRecipesArticles & ResourcesLocal StoriesCommunitySaveWeekly AdDeals of the MonthMember-only EventsDigital CouponsShopDietOrganicGluten-freePlant-BasedKetoPaleoNon-GMOCategoriesProduceDeli & Prepared FoodsBakeryBulkDairyMeat & SeafoodGrocery
						AislesFrozenVitamins &
						Body CareBeer & WineDiscover MoreCateringBuy
					It AgainSprouts BrandsNew ItemsExclusivesPrepared Foods",,,,,925-953-1113,Sprouts,,,,,,,,,,,
West Covina,,"ExploreRecipesArticles & ResourcesLocal StoriesCommunitySaveWeekly AdDeals of the MonthMember-only EventsDigital CouponsShopDietOrganicGluten-freePlant-BasedKetoPaleoNon-GMOCategoriesProduceDeli & Prepared FoodsBakeryBulkDairyMeat & SeafoodGrocery
						AislesFrozenVitamins &
						Body CareBeer & WineDiscover MoreCateringBuy
					It AgainSprouts BrandsNew ItemsExclusivesPrepared Foods",,,,,626-257-9787,Sprouts,,,,,,,,,,,
West Hills,,"ExploreRecipesArticles & ResourcesLocal StoriesCommunitySaveWeekly AdDeals of the MonthMember-only EventsDigital CouponsShopDietOrganicGluten-freePlant-BasedKetoPaleoNon-GMOCategoriesProduceDeli & Prepared FoodsBakeryBulkDairyMeat & SeafoodGrocery
						AislesFrozenVitamins &
						Body CareBeer & WineDiscover MoreCateringBuy
					It AgainSprouts BrandsNew ItemsExclusivesPrepared Foods",,,,,818-867-2104,Sprouts,,,,,,,,,,,
Westlake Village,,"ExploreRecipesArticles & ResourcesLocal StoriesCommunitySaveWeekly AdDeals of the MonthMember-only EventsDigital CouponsShopDietOrganicGluten-freePlant-BasedKetoPaleoNon-GMOCategoriesProduceDeli & Prepared FoodsBakeryBulkDairyMeat & SeafoodGrocery
						AislesFrozenVitamins &
						Body CareBeer & WineDiscover MoreCateringBuy
					It AgainSprouts BrandsNew ItemsExclusivesPrepared Foods",,,,,805-917-4200,Sprouts,,,,,,,,,,,
Whittier,,"ExploreRecipesArticles & ResourcesLocal StoriesCommunitySaveWeekly AdDeals of the MonthMember-only EventsDigital CouponsShopDietOrganicGluten-freePlant-BasedKetoPaleoNon-GMOCategoriesProduceDeli & Prepared FoodsBakeryBulkDairyMeat & SeafoodGrocery
						AislesFrozenVitamins &
						Body CareBeer & WineDiscover MoreCateringBuy
					It AgainSprouts BrandsNew ItemsExclusivesPrepared Foods",,,,,562-265-2109,Sprouts,,,,,,,,,,,
Woodland Hills,,"ExploreRecipesArticles & ResourcesLocal StoriesCommunitySaveWeekly AdDeals of the MonthMember-only EventsDigital CouponsShopDietOrganicGluten-freePlant-BasedKetoPaleoNon-GMOCategoriesProduceDeli & Prepared FoodsBakeryBulkDairyMeat & SeafoodGrocery
						AislesFrozenVitamins &
						Body CareBeer & WineDiscover MoreCateringBuy
					It AgainSprouts BrandsNew ItemsExclusivesPrepared Foods",,,,,818-887-6473,Sprouts,,,,,,,,,,,
Woodland,,"ExploreRecipesArticles & ResourcesLocal StoriesCommunitySaveWeekly AdDeals of the MonthMember-only EventsDigital CouponsShopDietOrganicGluten-freePlant-BasedKetoPaleoNon-GMOCategoriesProduceDeli & Prepared FoodsBakeryBulkDairyMeat & SeafoodGrocery
						AislesFrozenVitamins &
						Body CareBeer & WineDiscover MoreCateringBuy
					It AgainSprouts BrandsNew ItemsExclusivesPrepared Foods",,,,,530-631-7172,Sprouts,,,,,,,,,,,
Savi Ranch,,"ExploreRecipesArticles & ResourcesLocal StoriesCommunitySaveWeekly AdDeals of the MonthMember-only EventsDigital CouponsShopDietOrganicGluten-freePlant-BasedKetoPaleoNon-GMOCategoriesProduceDeli & Prepared FoodsBakeryBulkDairyMeat & SeafoodGrocery
						AislesFrozenVitamins &
						Body CareBeer & WineDiscover MoreCateringBuy
					It AgainSprouts BrandsNew ItemsExclusivesPrepared Foods",,,,,714-464-1824,Sprouts,,,,,,,,,,,
Yorba Linda,,"ExploreRecipesArticles & ResourcesLocal StoriesCommunitySaveWeekly AdDeals of the MonthMember-only EventsDigital CouponsShopDietOrganicGluten-freePlant-BasedKetoPaleoNon-GMOCategoriesProduceDeli & Prepared FoodsBakeryBulkDairyMeat & SeafoodGrocery
						AislesFrozenVitamins &
						Body CareBeer & WineDiscover MoreCateringBuy
					It AgainSprouts BrandsNew ItemsExclusivesPrepared Foods",,,,,714-572-3535,Sprouts,,,,,,,,,,,
Arvada-Wadsworth Blvd.,,"ExploreRecipesArticles & ResourcesLocal StoriesCommunitySaveWeekly AdDeals of the MonthMember-only EventsDigital CouponsShopDietOrganicGluten-freePlant-BasedKetoPaleoNon-GMOCategoriesProduceDeli & Prepared FoodsBakeryBulkDairyMeat & SeafoodGrocery
						AislesFrozenVitamins &
						Body CareBeer & WineDiscover MoreCateringBuy
					It AgainSprouts BrandsNew ItemsExclusivesPrepared Foods",,,,,303-463-4828,Sprouts,,,,,,,,,,,
West Arvada,,"ExploreRecipesArticles & ResourcesLocal StoriesCommunitySaveWeekly AdDeals of the MonthMember-only EventsDigital CouponsShopDietOrganicGluten-freePlant-BasedKetoPaleoNon-GMOCategoriesProduceDeli & Prepared FoodsBakeryBulkDairyMeat & SeafoodGrocery
						AislesFrozenVitamins &
						Body CareBeer & WineDiscover MoreCateringBuy
					It AgainSprouts BrandsNew ItemsExclusivesPrepared Foods",,,,,303-801-4570,Sprouts,,,,,,,,,,,
Aurora – Havana St.,,"ExploreRecipesArticles & ResourcesLocal StoriesCommunitySaveWeekly AdDeals of the MonthMember-only EventsDigital CouponsShopDietOrganicGluten-freePlant-BasedKetoPaleoNon-GMOCategoriesProduceDeli & Prepared FoodsBakeryBulkDairyMeat & SeafoodGrocery
						AislesFrozenVitamins &
						Body CareBeer & WineDiscover MoreCateringBuy
					It AgainSprouts BrandsNew ItemsExclusivesPrepared Foods",,,,,720-278-2008,Sprouts,,,,,,,,,,,
Aurora-Chambers Rd.,,"ExploreRecipesArticles & ResourcesLocal StoriesCommunitySaveWeekly AdDeals of the MonthMember-only EventsDigital CouponsShopDietOrganicGluten-freePlant-BasedKetoPaleoNon-GMOCategoriesProduceDeli & Prepared FoodsBakeryBulkDairyMeat & SeafoodGrocery
						AislesFrozenVitamins &
						Body CareBeer & WineDiscover MoreCateringBuy
					It AgainSprouts BrandsNew ItemsExclusivesPrepared Foods",,,,,303-955-3173,Sprouts,,,,,,,,,,,
Boulder – Arapahoe Ave.,,"ExploreRecipesArticles & ResourcesLocal StoriesCommunitySaveWeekly AdDeals of the MonthMember-only EventsDigital CouponsShopDietOrganicGluten-freePlant-BasedKetoPaleoNon-GMOCategoriesProduceDeli & Prepared FoodsBakeryBulkDairyMeat & SeafoodGrocery
						AislesFrozenVitamins &
						Body CareBeer & WineDiscover MoreCateringBuy
					It AgainSprouts BrandsNew ItemsExclusivesPrepared Foods",,,,,303-449-0777,Sprouts,,,,,,,,,,,
Boulder – Baseline Rd.,,"ExploreRecipesArticles & ResourcesLocal StoriesCommunitySaveWeekly AdDeals of the MonthMember-only EventsDigital CouponsShopDietOrganicGluten-freePlant-BasedKetoPaleoNon-GMOCategoriesProduceDeli & Prepared FoodsBakeryBulkDairyMeat & SeafoodGrocery
						AislesFrozenVitamins &
						Body CareBeer & WineDiscover MoreCateringBuy
					It AgainSprouts BrandsNew ItemsExclusivesPrepared Foods",,,,,720-279-6758,Sprouts,,,,,,,,,,,
Castle Rock,,"ExploreRecipesArticles & ResourcesLocal StoriesCommunitySaveWeekly AdDeals of the MonthMember-only EventsDigital CouponsShopDietOrganicGluten-freePlant-BasedKetoPaleoNon-GMOCategoriesProduceDeli & Prepared FoodsBakeryBulkDairyMeat & SeafoodGrocery
						AislesFrozenVitamins &
						Body CareBeer & WineDiscover MoreCateringBuy
					It AgainSprouts BrandsNew ItemsExclusivesPrepared Foods",,,,,720-305-0684,Sprouts,,,,,,,,,,,
Centennial,,"ExploreRecipesArticles & ResourcesLocal StoriesCommunitySaveWeekly AdDeals of the MonthMember-only EventsDigital CouponsShopDietOrganicGluten-freePlant-BasedKetoPaleoNon-GMOCategoriesProduceDeli & Prepared FoodsBakeryBulkDairyMeat & SeafoodGrocery
						AislesFrozenVitamins &
						Body CareBeer & WineDiscover MoreCateringBuy
					It AgainSprouts BrandsNew ItemsExclusivesPrepared Foods",,,,,720-305-0959,Sprouts,,,,,,,,,,,
Colorado Springs – Northgate,,"ExploreRecipesArticles & ResourcesLocal StoriesCommunitySaveWeekly AdDeals of the MonthMember-only EventsDigital CouponsShopDietOrganicGluten-freePlant-BasedKetoPaleoNon-GMOCategoriesProduceDeli & Prepared FoodsBakeryBulkDairyMeat & SeafoodGrocery
						AislesFrozenVitamins &
						Body CareBeer & WineDiscover MoreCateringBuy
					It AgainSprouts BrandsNew ItemsExclusivesPrepared Foods",,,,,719-884-7900,Sprouts,,,,,,,,,,,
Colorado Springs – Powers Blvd.,,"ExploreRecipesArticles & ResourcesLocal StoriesCommunitySaveWeekly AdDeals of the MonthMember-only EventsDigital CouponsShopDietOrganicGluten-freePlant-BasedKetoPaleoNon-GMOCategoriesProduceDeli & Prepared FoodsBakeryBulkDairyMeat & SeafoodGrocery
						AislesFrozenVitamins &
						Body CareBeer & WineDiscover MoreCateringBuy
					It AgainSprouts BrandsNew ItemsExclusivesPrepared Foods",,,,,719-313-4405,Sprouts,,,,,,,,,,,
Colorado Springs,,"ExploreRecipesArticles & ResourcesLocal StoriesCommunitySaveWeekly AdDeals of the MonthMember-only EventsDigital CouponsShopDietOrganicGluten-freePlant-BasedKetoPaleoNon-GMOCategoriesProduceDeli & Prepared FoodsBakeryBulkDairyMeat & SeafoodGrocery
						AislesFrozenVitamins &
						Body CareBeer & WineDiscover MoreCateringBuy
					It AgainSprouts BrandsNew ItemsExclusivesPrepared Foods",,,,,719-590-8890,Sprouts,,,,,,,,,,,
Colorado Springs–South Nevada Ave.,,"ExploreRecipesArticles & ResourcesLocal StoriesCommunitySaveWeekly AdDeals of the MonthMember-only EventsDigital CouponsShopDietOrganicGluten-freePlant-BasedKetoPaleoNon-GMOCategoriesProduceDeli & Prepared FoodsBakeryBulkDairyMeat & SeafoodGrocery
						AislesFrozenVitamins &
						Body CareBeer & WineDiscover MoreCateringBuy
					It AgainSprouts BrandsNew ItemsExclusivesPrepared Foods",,,,,719-719-1957,Sprouts,,,,,,,,,,,
Denver – Green Valley Ranch,,"ExploreRecipesArticles & ResourcesLocal StoriesCommunitySaveWeekly AdDeals of the MonthMember-only EventsDigital CouponsShopDietOrganicGluten-freePlant-BasedKetoPaleoNon-GMOCategoriesProduceDeli & Prepared FoodsBakeryBulkDairyMeat & SeafoodGrocery
						AislesFrozenVitamins &
						Body CareBeer & WineDiscover MoreCateringBuy
					It AgainSprouts BrandsNew ItemsExclusivesPrepared Foods",,,,,720-850-5026,Sprouts,,,,,,,,,,,
Denver on Central Park Blvd.,,"ExploreRecipesArticles & ResourcesLocal StoriesCommunitySaveWeekly AdDeals of the MonthMember-only EventsDigital CouponsShopDietOrganicGluten-freePlant-BasedKetoPaleoNon-GMOCategoriesProduceDeli & Prepared FoodsBakeryBulkDairyMeat & SeafoodGrocery
						AislesFrozenVitamins &
						Body CareBeer & WineDiscover MoreCateringBuy
					It AgainSprouts BrandsNew ItemsExclusivesPrepared Foods",,,,,720-780-6422,Sprouts,,,,,,,,,,,
Denver – 38th Ave.,,"ExploreRecipesArticles & ResourcesLocal StoriesCommunitySaveWeekly AdDeals of the MonthMember-only EventsDigital CouponsShopDietOrganicGluten-freePlant-BasedKetoPaleoNon-GMOCategoriesProduceDeli & Prepared FoodsBakeryBulkDairyMeat & SeafoodGrocery
						AislesFrozenVitamins &
						Body CareBeer & WineDiscover MoreCateringBuy
					It AgainSprouts BrandsNew ItemsExclusivesPrepared Foods",,,,,303-433-2350,Sprouts,,,,,,,,,,,
Denver – Colfax Ave.,,"ExploreRecipesArticles & ResourcesLocal StoriesCommunitySaveWeekly AdDeals of the MonthMember-only EventsDigital CouponsShopDietOrganicGluten-freePlant-BasedKetoPaleoNon-GMOCategoriesProduceDeli & Prepared FoodsBakeryBulkDairyMeat & SeafoodGrocery
						AislesFrozenVitamins &
						Body CareBeer & WineDiscover MoreCateringBuy
					It AgainSprouts BrandsNew ItemsExclusivesPrepared Foods",,,,,720-347-4205,Sprouts,,,,,,,,,,,
Denver – Colorado Blvd.,,"ExploreRecipesArticles & ResourcesLocal StoriesCommunitySaveWeekly AdDeals of the MonthMember-only EventsDigital CouponsShopDietOrganicGluten-freePlant-BasedKetoPaleoNon-GMOCategoriesProduceDeli & Prepared FoodsBakeryBulkDairyMeat & SeafoodGrocery
						AislesFrozenVitamins &
						Body CareBeer & WineDiscover MoreCateringBuy
					It AgainSprouts BrandsNew ItemsExclusivesPrepared Foods",,,,,303-758-4400,Sprouts,,,,,,,,,,,
Denver – Mississippi Ave.,,"ExploreRecipesArticles & ResourcesLocal StoriesCommunitySaveWeekly AdDeals of the MonthMember-only EventsDigital CouponsShopDietOrganicGluten-freePlant-BasedKetoPaleoNon-GMOCategoriesProduceDeli & Prepared FoodsBakeryBulkDairyMeat & SeafoodGrocery
						AislesFrozenVitamins &
						Body CareBeer & WineDiscover MoreCateringBuy
					It AgainSprouts BrandsNew ItemsExclusivesPrepared Foods",,,,,720-458-2873,Sprouts,,,,,,,,,,,
Englewood,,"ExploreRecipesArticles & ResourcesLocal StoriesCommunitySaveWeekly AdDeals of the MonthMember-only EventsDigital CouponsShopDietOrganicGluten-freePlant-BasedKetoPaleoNon-GMOCategoriesProduceDeli & Prepared FoodsBakeryBulkDairyMeat & SeafoodGrocery
						AislesFrozenVitamins &
						Body CareBeer & WineDiscover MoreCateringBuy
					It AgainSprouts BrandsNew ItemsExclusivesPrepared Foods",,,,,720-612-6595,Sprouts,,,,,,,,,,,
Fort Collins – Corbett Dr.,,"ExploreRecipesArticles & ResourcesLocal StoriesCommunitySaveWeekly AdDeals of the MonthMember-only EventsDigital CouponsShopDietOrganicGluten-freePlant-BasedKetoPaleoNon-GMOCategoriesProduceDeli & Prepared FoodsBakeryBulkDairyMeat & SeafoodGrocery
						AislesFrozenVitamins &
						Body CareBeer & WineDiscover MoreCateringBuy
					It AgainSprouts BrandsNew ItemsExclusivesPrepared Foods",,,,,970-416-3350,Sprouts,,,,,,,,,,,
Fort Collins – Lemay Ave.,,"ExploreRecipesArticles & ResourcesLocal StoriesCommunitySaveWeekly AdDeals of the MonthMember-only EventsDigital CouponsShopDietOrganicGluten-freePlant-BasedKetoPaleoNon-GMOCategoriesProduceDeli & Prepared FoodsBakeryBulkDairyMeat & SeafoodGrocery
						AislesFrozenVitamins &
						Body CareBeer & WineDiscover MoreCateringBuy
					It AgainSprouts BrandsNew ItemsExclusivesPrepared Foods",,,,,970-282-8003,Sprouts,,,,,,,,,,,
Grand Junction,,"ExploreRecipesArticles & ResourcesLocal StoriesCommunitySaveWeekly AdDeals of the MonthMember-only EventsDigital CouponsShopDietOrganicGluten-freePlant-BasedKetoPaleoNon-GMOCategoriesProduceDeli & Prepared FoodsBakeryBulkDairyMeat & SeafoodGrocery
						AislesFrozenVitamins &
						Body CareBeer & WineDiscover MoreCateringBuy
					It AgainSprouts BrandsNew ItemsExclusivesPrepared Foods",,,,,970-549-3001,Sprouts,,,,,,,,,,,
Greeley,,"ExploreRecipesArticles & ResourcesLocal StoriesCommunitySaveWeekly AdDeals of the MonthMember-only EventsDigital CouponsShopDietOrganicGluten-freePlant-BasedKetoPaleoNon-GMOCategoriesProduceDeli & Prepared FoodsBakeryBulkDairyMeat & SeafoodGrocery
						AislesFrozenVitamins &
						Body CareBeer & WineDiscover MoreCateringBuy
					It AgainSprouts BrandsNew ItemsExclusivesPrepared Foods",,,,,970-576-3050,Sprouts,,,,,,,,,,,
Greenwood Village,,"ExploreRecipesArticles & ResourcesLocal StoriesCommunitySaveWeekly AdDeals of the MonthMember-only EventsDigital CouponsShopDietOrganicGluten-freePlant-BasedKetoPaleoNon-GMOCategoriesProduceDeli & Prepared FoodsBakeryBulkDairyMeat & SeafoodGrocery
						AislesFrozenVitamins &
						Body CareBeer & WineDiscover MoreCateringBuy
					It AgainSprouts BrandsNew ItemsExclusivesPrepared Foods",,,,,303-721-1400,Sprouts,,,,,,,,,,,
Lafayette,,"ExploreRecipesArticles & ResourcesLocal StoriesCommunitySaveWeekly AdDeals of the MonthMember-only EventsDigital CouponsShopDietOrganicGluten-freePlant-BasedKetoPaleoNon-GMOCategoriesProduceDeli & Prepared FoodsBakeryBulkDairyMeat & SeafoodGrocery
						AislesFrozenVitamins &
						Body CareBeer & WineDiscover MoreCateringBuy
					It AgainSprouts BrandsNew ItemsExclusivesPrepared Foods",,,,,303-664-1902,Sprouts,,,,,,,,,,,
Lakewood,,"ExploreRecipesArticles & ResourcesLocal StoriesCommunitySaveWeekly AdDeals of the MonthMember-only EventsDigital CouponsShopDietOrganicGluten-freePlant-BasedKetoPaleoNon-GMOCategoriesProduceDeli & Prepared FoodsBakeryBulkDairyMeat & SeafoodGrocery
						AislesFrozenVitamins &
						Body CareBeer & WineDiscover MoreCateringBuy
					It AgainSprouts BrandsNew ItemsExclusivesPrepared Foods",,,,,303-957-9276,Sprouts,,,,,,,,,,,
Littleton-Belleview,,"ExploreRecipesArticles & ResourcesLocal StoriesCommunitySaveWeekly AdDeals of the MonthMember-only EventsDigital CouponsShopDietOrganicGluten-freePlant-BasedKetoPaleoNon-GMOCategoriesProduceDeli & Prepared FoodsBakeryBulkDairyMeat & SeafoodGrocery
						AislesFrozenVitamins &
						Body CareBeer & WineDiscover MoreCateringBuy
					It AgainSprouts BrandsNew ItemsExclusivesPrepared Foods",,,,,303-879-7427,Sprouts,,,,,,,,,,,
Lone Tree,,"ExploreRecipesArticles & ResourcesLocal StoriesCommunitySaveWeekly AdDeals of the MonthMember-only EventsDigital CouponsShopDietOrganicGluten-freePlant-BasedKetoPaleoNon-GMOCategoriesProduceDeli & Prepared FoodsBakeryBulkDairyMeat & SeafoodGrocery
						AislesFrozenVitamins &
						Body CareBeer & WineDiscover MoreCateringBuy
					It AgainSprouts BrandsNew ItemsExclusivesPrepared Foods",,,,,720-279-6616,Sprouts,,,,,,,,,,,
Longmont,,"ExploreRecipesArticles & ResourcesLocal StoriesCommunitySaveWeekly AdDeals of the MonthMember-only EventsDigital CouponsShopDietOrganicGluten-freePlant-BasedKetoPaleoNon-GMOCategoriesProduceDeli & Prepared FoodsBakeryBulkDairyMeat & SeafoodGrocery
						AislesFrozenVitamins &
						Body CareBeer & WineDiscover MoreCateringBuy
					It AgainSprouts BrandsNew ItemsExclusivesPrepared Foods",,,,,303-834-4124,Sprouts,,,,,,,,,,,
Loveland,,"ExploreRecipesArticles & ResourcesLocal StoriesCommunitySaveWeekly AdDeals of the MonthMember-only EventsDigital CouponsShopDietOrganicGluten-freePlant-BasedKetoPaleoNon-GMOCategoriesProduceDeli & Prepared FoodsBakeryBulkDairyMeat & SeafoodGrocery
						AislesFrozenVitamins &
						Body CareBeer & WineDiscover MoreCateringBuy
					It AgainSprouts BrandsNew ItemsExclusivesPrepared Foods",,,,,970-800-5607,Sprouts,,,,,,,,,,,
Parker,,"ExploreRecipesArticles & ResourcesLocal StoriesCommunitySaveWeekly AdDeals of the MonthMember-only EventsDigital CouponsShopDietOrganicGluten-freePlant-BasedKetoPaleoNon-GMOCategoriesProduceDeli & Prepared FoodsBakeryBulkDairyMeat & SeafoodGrocery
						AislesFrozenVitamins &
						Body CareBeer & WineDiscover MoreCateringBuy
					It AgainSprouts BrandsNew ItemsExclusivesPrepared Foods",,,,,720-475-8684,Sprouts,,,,,,,,,,,
Thornton,,"ExploreRecipesArticles & ResourcesLocal StoriesCommunitySaveWeekly AdDeals of the MonthMember-only EventsDigital CouponsShopDietOrganicGluten-freePlant-BasedKetoPaleoNon-GMOCategoriesProduceDeli & Prepared FoodsBakeryBulkDairyMeat & SeafoodGrocery
						AislesFrozenVitamins &
						Body CareBeer & WineDiscover MoreCateringBuy
					It AgainSprouts BrandsNew ItemsExclusivesPrepared Foods",,,,,303-457-3600,Sprouts,,,,,,,,,,,
Westminster,,"ExploreRecipesArticles & ResourcesLocal StoriesCommunitySaveWeekly AdDeals of the MonthMember-only EventsDigital CouponsShopDietOrganicGluten-freePlant-BasedKetoPaleoNon-GMOCategoriesProduceDeli & Prepared FoodsBakeryBulkDairyMeat & SeafoodGrocery
						AislesFrozenVitamins &
						Body CareBeer & WineDiscover MoreCateringBuy
					It AgainSprouts BrandsNew ItemsExclusivesPrepared Foods",,,,,303-803-1010,Sprouts,,,,,,,,,,,
Wheat Ridge,,"ExploreRecipesArticles & ResourcesLocal StoriesCommunitySaveWeekly AdDeals of the MonthMember-only EventsDigital CouponsShopDietOrganicGluten-freePlant-BasedKetoPaleoNon-GMOCategoriesProduceDeli & Prepared FoodsBakeryBulkDairyMeat & SeafoodGrocery
						AislesFrozenVitamins &
						Body CareBeer & WineDiscover MoreCateringBuy
					It AgainSprouts BrandsNew ItemsExclusivesPrepared Foods",,,,,720-305-0219,Sprouts,,,,,,,,,,,
Middletown,,"ExploreRecipesArticles & ResourcesLocal StoriesCommunitySaveWeekly AdDeals of the MonthMember-only EventsDigital CouponsShopDietOrganicGluten-freePlant-BasedKetoPaleoNon-GMOCategoriesProduceDeli & Prepared FoodsBakeryBulkDairyMeat & SeafoodGrocery
						AislesFrozenVitamins &
						Body CareBeer & WineDiscover MoreCateringBuy
					It AgainSprouts BrandsNew ItemsExclusivesPrepared Foods",,,,,302-534-0044,Sprouts,,,,,,,,,,,
Wilmington,,"ExploreRecipesArticles & ResourcesLocal StoriesCommunitySaveWeekly AdDeals of the MonthMember-only EventsDigital CouponsShopDietOrganicGluten-freePlant-BasedKetoPaleoNon-GMOCategoriesProduceDeli & Prepared FoodsBakeryBulkDairyMeat & SeafoodGrocery
						AislesFrozenVitamins &
						Body CareBeer & WineDiscover MoreCateringBuy
					It AgainSprouts BrandsNew ItemsExclusivesPrepared Foods",,,,,302-467-2344,Sprouts,,,,,,,,,,,
Apopka,,"ExploreRecipesArticles & ResourcesLocal StoriesCommunitySaveWeekly AdDeals of the MonthMember-only EventsDigital CouponsShopDietOrganicGluten-freePlant-BasedKetoPaleoNon-GMOCategoriesProduceDeli & Prepared FoodsBakeryBulkDairyMeat & SeafoodGrocery
						AislesFrozenVitamins &
						Body CareBeer & WineDiscover MoreCateringBuy
					It AgainSprouts BrandsNew ItemsExclusivesPrepared Foods",,,,,689-336-2070,Sprouts,,,,,,,,,,,
West Boca,,"ExploreRecipesArticles & ResourcesLocal StoriesCommunitySaveWeekly AdDeals of the MonthMember-only EventsDigital CouponsShopDietOrganicGluten-freePlant-BasedKetoPaleoNon-GMOCategoriesProduceDeli & Prepared FoodsBakeryBulkDairyMeat & SeafoodGrocery
						AislesFrozenVitamins &
						Body CareBeer & WineDiscover MoreCateringBuy
					It AgainSprouts BrandsNew ItemsExclusivesPrepared Foods",,,,,561-880-9105,Sprouts,,,,,,,,,,,
Boynton Beach,,"ExploreRecipesArticles & ResourcesLocal StoriesCommunitySaveWeekly AdDeals of the MonthMember-only EventsDigital CouponsShopDietOrganicGluten-freePlant-BasedKetoPaleoNon-GMOCategoriesProduceDeli & Prepared FoodsBakeryBulkDairyMeat & SeafoodGrocery
						AislesFrozenVitamins &
						Body CareBeer & WineDiscover MoreCateringBuy
					It AgainSprouts BrandsNew ItemsExclusivesPrepared Foods",,,,,561-739-1834,Sprouts,,,,,,,,,,,
East Boynton Beach,,"ExploreRecipesArticles & ResourcesLocal StoriesCommunitySaveWeekly AdDeals of the MonthMember-only EventsDigital CouponsShopDietOrganicGluten-freePlant-BasedKetoPaleoNon-GMOCategoriesProduceDeli & Prepared FoodsBakeryBulkDairyMeat & SeafoodGrocery
						AislesFrozenVitamins &
						Body CareBeer & WineDiscover MoreCateringBuy
					It AgainSprouts BrandsNew ItemsExclusivesPrepared Foods",,,,,561-916-1066,Sprouts,,,,,,,,,,,
Bradenton,,"ExploreRecipesArticles & ResourcesLocal StoriesCommunitySaveWeekly AdDeals of the MonthMember-only EventsDigital CouponsShopDietOrganicGluten-freePlant-BasedKetoPaleoNon-GMOCategoriesProduceDeli & Prepared FoodsBakeryBulkDairyMeat & SeafoodGrocery
						AislesFrozenVitamins &
						Body CareBeer & WineDiscover MoreCateringBuy
					It AgainSprouts BrandsNew ItemsExclusivesPrepared Foods",,,,,941-297-2359,Sprouts,,,,,,,,,,,
Brandon,,"ExploreRecipesArticles & ResourcesLocal StoriesCommunitySaveWeekly AdDeals of the MonthMember-only EventsDigital CouponsShopDietOrganicGluten-freePlant-BasedKetoPaleoNon-GMOCategoriesProduceDeli & Prepared FoodsBakeryBulkDairyMeat & SeafoodGrocery
						AislesFrozenVitamins &
						Body CareBeer & WineDiscover MoreCateringBuy
					It AgainSprouts BrandsNew ItemsExclusivesPrepared Foods",,,,,813-725-1220,Sprouts,,,,,,,,,,,
Brooksville-Spring Hill,,"ExploreRecipesArticles & ResourcesLocal StoriesCommunitySaveWeekly AdDeals of the MonthMember-only EventsDigital CouponsShopDietOrganicGluten-freePlant-BasedKetoPaleoNon-GMOCategoriesProduceDeli & Prepared FoodsBakeryBulkDairyMeat & SeafoodGrocery
						AislesFrozenVitamins &
						Body CareBeer & WineDiscover MoreCateringBuy
					It AgainSprouts BrandsNew ItemsExclusivesPrepared Foods",,,,,352-675-4258,Sprouts,,,,,,,,,,,
Cape Coral,,"ExploreRecipesArticles & ResourcesLocal StoriesCommunitySaveWeekly AdDeals of the MonthMember-only EventsDigital CouponsShopDietOrganicGluten-freePlant-BasedKetoPaleoNon-GMOCategoriesProduceDeli & Prepared FoodsBakeryBulkDairyMeat & SeafoodGrocery
						AislesFrozenVitamins &
						Body CareBeer & WineDiscover MoreCateringBuy
					It AgainSprouts BrandsNew ItemsExclusivesPrepared Foods",,,,,239-392-1396,Sprouts,,,,,,,,,,,
Clearwater,,"ExploreRecipesArticles & ResourcesLocal StoriesCommunitySaveWeekly AdDeals of the MonthMember-only EventsDigital CouponsShopDietOrganicGluten-freePlant-BasedKetoPaleoNon-GMOCategoriesProduceDeli & Prepared FoodsBakeryBulkDairyMeat & SeafoodGrocery
						AislesFrozenVitamins &
						Body CareBeer & WineDiscover MoreCateringBuy
					It AgainSprouts BrandsNew ItemsExclusivesPrepared Foods",,,,,727-437-1455,Sprouts,,,,,,,,,,,
Clermont,,"ExploreRecipesArticles & ResourcesLocal StoriesCommunitySaveWeekly AdDeals of the MonthMember-only EventsDigital CouponsShopDietOrganicGluten-freePlant-BasedKetoPaleoNon-GMOCategoriesProduceDeli & Prepared FoodsBakeryBulkDairyMeat & SeafoodGrocery
						AislesFrozenVitamins &
						Body CareBeer & WineDiscover MoreCateringBuy
					It AgainSprouts BrandsNew ItemsExclusivesPrepared Foods",,,,,352-655-6249,Sprouts,,,,,,,,,,,
Coconut Creek,,"ExploreRecipesArticles & ResourcesLocal StoriesCommunitySaveWeekly AdDeals of the MonthMember-only EventsDigital CouponsShopDietOrganicGluten-freePlant-BasedKetoPaleoNon-GMOCategoriesProduceDeli & Prepared FoodsBakeryBulkDairyMeat & SeafoodGrocery
						AislesFrozenVitamins &
						Body CareBeer & WineDiscover MoreCateringBuy
					It AgainSprouts BrandsNew ItemsExclusivesPrepared Foods",,,,,754-432-2050,Sprouts,,,,,,,,,,,
Miami-Coconut Grove,,"ExploreRecipesArticles & ResourcesLocal StoriesCommunitySaveWeekly AdDeals of the MonthMember-only EventsDigital CouponsShopDietOrganicGluten-freePlant-BasedKetoPaleoNon-GMOCategoriesProduceDeli & Prepared FoodsBakeryBulkDairyMeat & SeafoodGrocery
						AislesFrozenVitamins &
						Body CareBeer & WineDiscover MoreCateringBuy
					It AgainSprouts BrandsNew ItemsExclusivesPrepared Foods",,,,,561-765-2216,Sprouts,,,,,,,,,,,
Dania Beach,,"ExploreRecipesArticles & ResourcesLocal StoriesCommunitySaveWeekly AdDeals of the MonthMember-only EventsDigital CouponsShopDietOrganicGluten-freePlant-BasedKetoPaleoNon-GMOCategoriesProduceDeli & Prepared FoodsBakeryBulkDairyMeat & SeafoodGrocery
						AislesFrozenVitamins &
						Body CareBeer & WineDiscover MoreCateringBuy
					It AgainSprouts BrandsNew ItemsExclusivesPrepared Foods",,,,,954-715-3376,Sprouts,,,,,,,,,,,
Daytona Beach,,"ExploreRecipesArticles & ResourcesLocal StoriesCommunitySaveWeekly AdDeals of the MonthMember-only EventsDigital CouponsShopDietOrganicGluten-freePlant-BasedKetoPaleoNon-GMOCategoriesProduceDeli & Prepared FoodsBakeryBulkDairyMeat & SeafoodGrocery
						AislesFrozenVitamins &
						Body CareBeer & WineDiscover MoreCateringBuy
					It AgainSprouts BrandsNew ItemsExclusivesPrepared Foods",,,,,386-220-9714,Sprouts,,,,,,,,,,,
Deerfield Beach,,"ExploreRecipesArticles & ResourcesLocal StoriesCommunitySaveWeekly AdDeals of the MonthMember-only EventsDigital CouponsShopDietOrganicGluten-freePlant-BasedKetoPaleoNon-GMOCategoriesProduceDeli & Prepared FoodsBakeryBulkDairyMeat & SeafoodGrocery
						AislesFrozenVitamins &
						Body CareBeer & WineDiscover MoreCateringBuy
					It AgainSprouts BrandsNew ItemsExclusivesPrepared Foods",,,,,954-363-2070,Sprouts,,,,,,,,,,,
West Deerfield Beach,,"ExploreRecipesArticles & ResourcesLocal StoriesCommunitySaveWeekly AdDeals of the MonthMember-only EventsDigital CouponsShopDietOrganicGluten-freePlant-BasedKetoPaleoNon-GMOCategoriesProduceDeli & Prepared FoodsBakeryBulkDairyMeat & SeafoodGrocery
						AislesFrozenVitamins &
						Body CareBeer & WineDiscover MoreCateringBuy
					It AgainSprouts BrandsNew ItemsExclusivesPrepared Foods",,,,,754-346-6322,Sprouts,,,,,,,,,,,
Delray Beach,,"ExploreRecipesArticles & ResourcesLocal StoriesCommunitySaveWeekly AdDeals of the MonthMember-only EventsDigital CouponsShopDietOrganicGluten-freePlant-BasedKetoPaleoNon-GMOCategoriesProduceDeli & Prepared FoodsBakeryBulkDairyMeat & SeafoodGrocery
						AislesFrozenVitamins &
						Body CareBeer & WineDiscover MoreCateringBuy
					It AgainSprouts BrandsNew ItemsExclusivesPrepared Foods",,,,,561-654-2692,Sprouts,,,,,,,,,,,
Estero,,"ExploreRecipesArticles & ResourcesLocal StoriesCommunitySaveWeekly AdDeals of the MonthMember-only EventsDigital CouponsShopDietOrganicGluten-freePlant-BasedKetoPaleoNon-GMOCategoriesProduceDeli & Prepared FoodsBakeryBulkDairyMeat & SeafoodGrocery
						AislesFrozenVitamins &
						Body CareBeer & WineDiscover MoreCateringBuy
					It AgainSprouts BrandsNew ItemsExclusivesPrepared Foods",,,,,239-306-5384,Sprouts,,,,,,,,,,,
Fort Myers,,"ExploreRecipesArticles & ResourcesLocal StoriesCommunitySaveWeekly AdDeals of the MonthMember-only EventsDigital CouponsShopDietOrganicGluten-freePlant-BasedKetoPaleoNon-GMOCategoriesProduceDeli & Prepared FoodsBakeryBulkDairyMeat & SeafoodGrocery
						AislesFrozenVitamins &
						Body CareBeer & WineDiscover MoreCateringBuy
					It AgainSprouts BrandsNew ItemsExclusivesPrepared Foods",,,,,239-396-5883,Sprouts,,,,,,,,,,,
Homestead,,"ExploreRecipesArticles & ResourcesLocal StoriesCommunitySaveWeekly AdDeals of the MonthMember-only EventsDigital CouponsShopDietOrganicGluten-freePlant-BasedKetoPaleoNon-GMOCategoriesProduceDeli & Prepared FoodsBakeryBulkDairyMeat & SeafoodGrocery
						AislesFrozenVitamins &
						Body CareBeer & WineDiscover MoreCateringBuy
					It AgainSprouts BrandsNew ItemsExclusivesPrepared Foods",,,,,754-764-7247,Sprouts,,,,,,,,,,,
Jacksonville – Beach Blvd.,,"ExploreRecipesArticles & ResourcesLocal StoriesCommunitySaveWeekly AdDeals of the MonthMember-only EventsDigital CouponsShopDietOrganicGluten-freePlant-BasedKetoPaleoNon-GMOCategoriesProduceDeli & Prepared FoodsBakeryBulkDairyMeat & SeafoodGrocery
						AislesFrozenVitamins &
						Body CareBeer & WineDiscover MoreCateringBuy
					It AgainSprouts BrandsNew ItemsExclusivesPrepared Foods",,,,,904-539-8317,Sprouts,,,,,,,,,,,
Jacksonville,,"ExploreRecipesArticles & ResourcesLocal StoriesCommunitySaveWeekly AdDeals of the MonthMember-only EventsDigital CouponsShopDietOrganicGluten-freePlant-BasedKetoPaleoNon-GMOCategoriesProduceDeli & Prepared FoodsBakeryBulkDairyMeat & SeafoodGrocery
						AislesFrozenVitamins &
						Body CareBeer & WineDiscover MoreCateringBuy
					It AgainSprouts BrandsNew ItemsExclusivesPrepared Foods",,,,,904-438-7840,Sprouts,,,,,,,,,,,
Jupiter,,"ExploreRecipesArticles & ResourcesLocal StoriesCommunitySaveWeekly AdDeals of the MonthMember-only EventsDigital CouponsShopDietOrganicGluten-freePlant-BasedKetoPaleoNon-GMOCategoriesProduceDeli & Prepared FoodsBakeryBulkDairyMeat & SeafoodGrocery
						AislesFrozenVitamins &
						Body CareBeer & WineDiscover MoreCateringBuy
					It AgainSprouts BrandsNew ItemsExclusivesPrepared Foods",,,,,561-658-4062,Sprouts,,,,,,,,,,,
Kenneth City,,"ExploreRecipesArticles & ResourcesLocal StoriesCommunitySaveWeekly AdDeals of the MonthMember-only EventsDigital CouponsShopDietOrganicGluten-freePlant-BasedKetoPaleoNon-GMOCategoriesProduceDeli & Prepared FoodsBakeryBulkDairyMeat & SeafoodGrocery
						AislesFrozenVitamins &
						Body CareBeer & WineDiscover MoreCateringBuy
					It AgainSprouts BrandsNew ItemsExclusivesPrepared Foods",,,,,727-620-6030,Sprouts,,,,,,,,,,,
Poinciana,,"ExploreRecipesArticles & ResourcesLocal StoriesCommunitySaveWeekly AdDeals of the MonthMember-only EventsDigital CouponsShopDietOrganicGluten-freePlant-BasedKetoPaleoNon-GMOCategoriesProduceDeli & Prepared FoodsBakeryBulkDairyMeat & SeafoodGrocery
						AislesFrozenVitamins &
						Body CareBeer & WineDiscover MoreCateringBuy
					It AgainSprouts BrandsNew ItemsExclusivesPrepared Foods",,,,,321-641-5163,Sprouts,,,,,,,,,,,
Lake Nona,,"ExploreRecipesArticles & ResourcesLocal StoriesCommunitySaveWeekly AdDeals of the MonthMember-only EventsDigital CouponsShopDietOrganicGluten-freePlant-BasedKetoPaleoNon-GMOCategoriesProduceDeli & Prepared FoodsBakeryBulkDairyMeat & SeafoodGrocery
						AislesFrozenVitamins &
						Body CareBeer & WineDiscover MoreCateringBuy
					It AgainSprouts BrandsNew ItemsExclusivesPrepared Foods",,,,,,Sprouts,,,,,,,,,,,
Largo,,"ExploreRecipesArticles & ResourcesLocal StoriesCommunitySaveWeekly AdDeals of the MonthMember-only EventsDigital CouponsShopDietOrganicGluten-freePlant-BasedKetoPaleoNon-GMOCategoriesProduceDeli & Prepared FoodsBakeryBulkDairyMeat & SeafoodGrocery
						AislesFrozenVitamins &
						Body CareBeer & WineDiscover MoreCateringBuy
					It AgainSprouts BrandsNew ItemsExclusivesPrepared Foods",,,,,727-476-6440,Sprouts,,,,,,,,,,,
Lecanto,,"ExploreRecipesArticles & ResourcesLocal StoriesCommunitySaveWeekly AdDeals of the MonthMember-only EventsDigital CouponsShopDietOrganicGluten-freePlant-BasedKetoPaleoNon-GMOCategoriesProduceDeli & Prepared FoodsBakeryBulkDairyMeat & SeafoodGrocery
						AislesFrozenVitamins &
						Body CareBeer & WineDiscover MoreCateringBuy
					It AgainSprouts BrandsNew ItemsExclusivesPrepared Foods",,,,,,Sprouts,,,,,,,,,,,
Lutz,,"ExploreRecipesArticles & ResourcesLocal StoriesCommunitySaveWeekly AdDeals of the MonthMember-only EventsDigital CouponsShopDietOrganicGluten-freePlant-BasedKetoPaleoNon-GMOCategoriesProduceDeli & Prepared FoodsBakeryBulkDairyMeat & SeafoodGrocery
						AislesFrozenVitamins &
						Body CareBeer & WineDiscover MoreCateringBuy
					It AgainSprouts BrandsNew ItemsExclusivesPrepared Foods",,,,,656-444-1357,Sprouts,,,,,,,,,,,
Melbourne-Wickham,,"ExploreRecipesArticles & ResourcesLocal StoriesCommunitySaveWeekly AdDeals of the MonthMember-only EventsDigital CouponsShopDietOrganicGluten-freePlant-BasedKetoPaleoNon-GMOCategoriesProduceDeli & Prepared FoodsBakeryBulkDairyMeat & SeafoodGrocery
						AislesFrozenVitamins &
						Body CareBeer & WineDiscover MoreCateringBuy
					It AgainSprouts BrandsNew ItemsExclusivesPrepared Foods",,,,,321-265-4181,Sprouts,,,,,,,,,,,
Miami – West Kendall,,"ExploreRecipesArticles & ResourcesLocal StoriesCommunitySaveWeekly AdDeals of the MonthMember-only EventsDigital CouponsShopDietOrganicGluten-freePlant-BasedKetoPaleoNon-GMOCategoriesProduceDeli & Prepared FoodsBakeryBulkDairyMeat & SeafoodGrocery
						AislesFrozenVitamins &
						Body CareBeer & WineDiscover MoreCateringBuy
					It AgainSprouts BrandsNew ItemsExclusivesPrepared Foods",,,,,786-798-7074,Sprouts,,,,,,,,,,,
Miramar,,"ExploreRecipesArticles & ResourcesLocal StoriesCommunitySaveWeekly AdDeals of the MonthMember-only EventsDigital CouponsShopDietOrganicGluten-freePlant-BasedKetoPaleoNon-GMOCategoriesProduceDeli & Prepared FoodsBakeryBulkDairyMeat & SeafoodGrocery
						AislesFrozenVitamins &
						Body CareBeer & WineDiscover MoreCateringBuy
					It AgainSprouts BrandsNew ItemsExclusivesPrepared Foods",,,,,754-799-8177,Sprouts,,,,,,,,,,,
Naples,,"ExploreRecipesArticles & ResourcesLocal StoriesCommunitySaveWeekly AdDeals of the MonthMember-only EventsDigital CouponsShopDietOrganicGluten-freePlant-BasedKetoPaleoNon-GMOCategoriesProduceDeli & Prepared FoodsBakeryBulkDairyMeat & SeafoodGrocery
						AislesFrozenVitamins &
						Body CareBeer & WineDiscover MoreCateringBuy
					It AgainSprouts BrandsNew ItemsExclusivesPrepared Foods",,,,,239-325-6950,Sprouts,,,,,,,,,,,
Naples-Airport Pulling Rd.,,"ExploreRecipesArticles & ResourcesLocal StoriesCommunitySaveWeekly AdDeals of the MonthMember-only EventsDigital CouponsShopDietOrganicGluten-freePlant-BasedKetoPaleoNon-GMOCategoriesProduceDeli & Prepared FoodsBakeryBulkDairyMeat & SeafoodGrocery
						AislesFrozenVitamins &
						Body CareBeer & WineDiscover MoreCateringBuy
					It AgainSprouts BrandsNew ItemsExclusivesPrepared Foods",,,,,,Sprouts,,,,,,,,,,,
Trinity,,"ExploreRecipesArticles & ResourcesLocal StoriesCommunitySaveWeekly AdDeals of the MonthMember-only EventsDigital CouponsShopDietOrganicGluten-freePlant-BasedKetoPaleoNon-GMOCategoriesProduceDeli & Prepared FoodsBakeryBulkDairyMeat & SeafoodGrocery
						AislesFrozenVitamins &
						Body CareBeer & WineDiscover MoreCateringBuy
					It AgainSprouts BrandsNew ItemsExclusivesPrepared Foods",,,,,727-807-2200,Sprouts,,,,,,,,,,,
New Tampa,,"ExploreRecipesArticles & ResourcesLocal StoriesCommunitySaveWeekly AdDeals of the MonthMember-only EventsDigital CouponsShopDietOrganicGluten-freePlant-BasedKetoPaleoNon-GMOCategoriesProduceDeli & Prepared FoodsBakeryBulkDairyMeat & SeafoodGrocery
						AislesFrozenVitamins &
						Body CareBeer & WineDiscover MoreCateringBuy
					It AgainSprouts BrandsNew ItemsExclusivesPrepared Foods",,,,,813-683-8072,Sprouts,,,,,,,,,,,
Oakland Park,,"ExploreRecipesArticles & ResourcesLocal StoriesCommunitySaveWeekly AdDeals of the MonthMember-only EventsDigital CouponsShopDietOrganicGluten-freePlant-BasedKetoPaleoNon-GMOCategoriesProduceDeli & Prepared FoodsBakeryBulkDairyMeat & SeafoodGrocery
						AislesFrozenVitamins &
						Body CareBeer & WineDiscover MoreCateringBuy
					It AgainSprouts BrandsNew ItemsExclusivesPrepared Foods",,,,,561-894-0789,Sprouts,,,,,,,,,,,
Ocala,,"ExploreRecipesArticles & ResourcesLocal StoriesCommunitySaveWeekly AdDeals of the MonthMember-only EventsDigital CouponsShopDietOrganicGluten-freePlant-BasedKetoPaleoNon-GMOCategoriesProduceDeli & Prepared FoodsBakeryBulkDairyMeat & SeafoodGrocery
						AislesFrozenVitamins &
						Body CareBeer & WineDiscover MoreCateringBuy
					It AgainSprouts BrandsNew ItemsExclusivesPrepared Foods",,,,,352-830-1087,Sprouts,,,,,,,,,,,
Orlando – Colonial Plaza,,"ExploreRecipesArticles & ResourcesLocal StoriesCommunitySaveWeekly AdDeals of the MonthMember-only EventsDigital CouponsShopDietOrganicGluten-freePlant-BasedKetoPaleoNon-GMOCategoriesProduceDeli & Prepared FoodsBakeryBulkDairyMeat & SeafoodGrocery
						AislesFrozenVitamins &
						Body CareBeer & WineDiscover MoreCateringBuy
					It AgainSprouts BrandsNew ItemsExclusivesPrepared Foods",,,,,689-219-8967,Sprouts,,,,,,,,,,,
Orlando – Dr. Phillips,,"ExploreRecipesArticles & ResourcesLocal StoriesCommunitySaveWeekly AdDeals of the MonthMember-only EventsDigital CouponsShopDietOrganicGluten-freePlant-BasedKetoPaleoNon-GMOCategoriesProduceDeli & Prepared FoodsBakeryBulkDairyMeat & SeafoodGrocery
						AislesFrozenVitamins &
						Body CareBeer & WineDiscover MoreCateringBuy
					It AgainSprouts BrandsNew ItemsExclusivesPrepared Foods",,,,,321-340-2023,Sprouts,,,,,,,,,,,
Orlando-Waterford Lakes Village,,"ExploreRecipesArticles & ResourcesLocal StoriesCommunitySaveWeekly AdDeals of the MonthMember-only EventsDigital CouponsShopDietOrganicGluten-freePlant-BasedKetoPaleoNon-GMOCategoriesProduceDeli & Prepared FoodsBakeryBulkDairyMeat & SeafoodGrocery
						AislesFrozenVitamins &
						Body CareBeer & WineDiscover MoreCateringBuy
					It AgainSprouts BrandsNew ItemsExclusivesPrepared Foods",,,,,689-303-4690,Sprouts,,,,,,,,,,,
Oviedo,,"ExploreRecipesArticles & ResourcesLocal StoriesCommunitySaveWeekly AdDeals of the MonthMember-only EventsDigital CouponsShopDietOrganicGluten-freePlant-BasedKetoPaleoNon-GMOCategoriesProduceDeli & Prepared FoodsBakeryBulkDairyMeat & SeafoodGrocery
						AislesFrozenVitamins &
						Body CareBeer & WineDiscover MoreCateringBuy
					It AgainSprouts BrandsNew ItemsExclusivesPrepared Foods",,,,,407-542-6070,Sprouts,,,,,,,,,,,
Palm Harbor,,"ExploreRecipesArticles & ResourcesLocal StoriesCommunitySaveWeekly AdDeals of the MonthMember-only EventsDigital CouponsShopDietOrganicGluten-freePlant-BasedKetoPaleoNon-GMOCategoriesProduceDeli & Prepared FoodsBakeryBulkDairyMeat & SeafoodGrocery
						AislesFrozenVitamins &
						Body CareBeer & WineDiscover MoreCateringBuy
					It AgainSprouts BrandsNew ItemsExclusivesPrepared Foods",,,,,727-437-3824,Sprouts,,,,,,,,,,,
Port Charlotte,,"ExploreRecipesArticles & ResourcesLocal StoriesCommunitySaveWeekly AdDeals of the MonthMember-only EventsDigital CouponsShopDietOrganicGluten-freePlant-BasedKetoPaleoNon-GMOCategoriesProduceDeli & Prepared FoodsBakeryBulkDairyMeat & SeafoodGrocery
						AislesFrozenVitamins &
						Body CareBeer & WineDiscover MoreCateringBuy
					It AgainSprouts BrandsNew ItemsExclusivesPrepared Foods",,,,,941-699-2501,Sprouts,,,,,,,,,,,
Port St. Lucie,,"ExploreRecipesArticles & ResourcesLocal StoriesCommunitySaveWeekly AdDeals of the MonthMember-only EventsDigital CouponsShopDietOrganicGluten-freePlant-BasedKetoPaleoNon-GMOCategoriesProduceDeli & Prepared FoodsBakeryBulkDairyMeat & SeafoodGrocery
						AislesFrozenVitamins &
						Body CareBeer & WineDiscover MoreCateringBuy
					It AgainSprouts BrandsNew ItemsExclusivesPrepared Foods",,,,,772-310-5465,Sprouts,,,,,,,,,,,
Riverview,,"ExploreRecipesArticles & ResourcesLocal StoriesCommunitySaveWeekly AdDeals of the MonthMember-only EventsDigital CouponsShopDietOrganicGluten-freePlant-BasedKetoPaleoNon-GMOCategoriesProduceDeli & Prepared FoodsBakeryBulkDairyMeat & SeafoodGrocery
						AislesFrozenVitamins &
						Body CareBeer & WineDiscover MoreCateringBuy
					It AgainSprouts BrandsNew ItemsExclusivesPrepared Foods",,,,,813-284-3440,Sprouts,,,,,,,,,,,
Sarasota-Downtown,,"ExploreRecipesArticles & ResourcesLocal StoriesCommunitySaveWeekly AdDeals of the MonthMember-only EventsDigital CouponsShopDietOrganicGluten-freePlant-BasedKetoPaleoNon-GMOCategoriesProduceDeli & Prepared FoodsBakeryBulkDairyMeat & SeafoodGrocery
						AislesFrozenVitamins &
						Body CareBeer & WineDiscover MoreCateringBuy
					It AgainSprouts BrandsNew ItemsExclusivesPrepared Foods",,,,,941-278-4790,Sprouts,,,,,,,,,,,
South Sarasota,,"ExploreRecipesArticles & ResourcesLocal StoriesCommunitySaveWeekly AdDeals of the MonthMember-only EventsDigital CouponsShopDietOrganicGluten-freePlant-BasedKetoPaleoNon-GMOCategoriesProduceDeli & Prepared FoodsBakeryBulkDairyMeat & SeafoodGrocery
						AislesFrozenVitamins &
						Body CareBeer & WineDiscover MoreCateringBuy
					It AgainSprouts BrandsNew ItemsExclusivesPrepared Foods",,,,,941-218-8119,Sprouts,,,,,,,,,,,
Seminole,,"ExploreRecipesArticles & ResourcesLocal StoriesCommunitySaveWeekly AdDeals of the MonthMember-only EventsDigital CouponsShopDietOrganicGluten-freePlant-BasedKetoPaleoNon-GMOCategoriesProduceDeli & Prepared FoodsBakeryBulkDairyMeat & SeafoodGrocery
						AislesFrozenVitamins &
						Body CareBeer & WineDiscover MoreCateringBuy
					It AgainSprouts BrandsNew ItemsExclusivesPrepared Foods",,,,,727-655-9055,Sprouts,,,,,,,,,,,
St. Johns,,"ExploreRecipesArticles & ResourcesLocal StoriesCommunitySaveWeekly AdDeals of the MonthMember-only EventsDigital CouponsShopDietOrganicGluten-freePlant-BasedKetoPaleoNon-GMOCategoriesProduceDeli & Prepared FoodsBakeryBulkDairyMeat & SeafoodGrocery
						AislesFrozenVitamins &
						Body CareBeer & WineDiscover MoreCateringBuy
					It AgainSprouts BrandsNew ItemsExclusivesPrepared Foods",,,,,904-921-4688,Sprouts,,,,,,,,,,,
St. Petersburg,,"ExploreRecipesArticles & ResourcesLocal StoriesCommunitySaveWeekly AdDeals of the MonthMember-only EventsDigital CouponsShopDietOrganicGluten-freePlant-BasedKetoPaleoNon-GMOCategoriesProduceDeli & Prepared FoodsBakeryBulkDairyMeat & SeafoodGrocery
						AislesFrozenVitamins &
						Body CareBeer & WineDiscover MoreCateringBuy
					It AgainSprouts BrandsNew ItemsExclusivesPrepared Foods",,,,,,Sprouts,,,,,,,,,,,
Stuart,,"ExploreRecipesArticles & ResourcesLocal StoriesCommunitySaveWeekly AdDeals of the MonthMember-only EventsDigital CouponsShopDietOrganicGluten-freePlant-BasedKetoPaleoNon-GMOCategoriesProduceDeli & Prepared FoodsBakeryBulkDairyMeat & SeafoodGrocery
						AislesFrozenVitamins &
						Body CareBeer & WineDiscover MoreCateringBuy
					It AgainSprouts BrandsNew ItemsExclusivesPrepared Foods",,,,,772-272-9698,Sprouts,,,,,,,,,,,
Tampa Heights,,"ExploreRecipesArticles & ResourcesLocal StoriesCommunitySaveWeekly AdDeals of the MonthMember-only EventsDigital CouponsShopDietOrganicGluten-freePlant-BasedKetoPaleoNon-GMOCategoriesProduceDeli & Prepared FoodsBakeryBulkDairyMeat & SeafoodGrocery
						AislesFrozenVitamins &
						Body CareBeer & WineDiscover MoreCateringBuy
					It AgainSprouts BrandsNew ItemsExclusivesPrepared Foods",,,,,813-807-3146,Sprouts,,,,,,,,,,,
Tampa – Carrollwood,,"ExploreRecipesArticles & ResourcesLocal StoriesCommunitySaveWeekly AdDeals of the MonthMember-only EventsDigital CouponsShopDietOrganicGluten-freePlant-BasedKetoPaleoNon-GMOCategoriesProduceDeli & Prepared FoodsBakeryBulkDairyMeat & SeafoodGrocery
						AislesFrozenVitamins &
						Body CareBeer & WineDiscover MoreCateringBuy
					It AgainSprouts BrandsNew ItemsExclusivesPrepared Foods",,,,,813-619-4000,Sprouts,,,,,,,,,,,
Tampa-Uptown,,"ExploreRecipesArticles & ResourcesLocal StoriesCommunitySaveWeekly AdDeals of the MonthMember-only EventsDigital CouponsShopDietOrganicGluten-freePlant-BasedKetoPaleoNon-GMOCategoriesProduceDeli & Prepared FoodsBakeryBulkDairyMeat & SeafoodGrocery
						AislesFrozenVitamins &
						Body CareBeer & WineDiscover MoreCateringBuy
					It AgainSprouts BrandsNew ItemsExclusivesPrepared Foods",,,,,813-771-9936,Sprouts,,,,,,,,,,,
South Tampa,,"ExploreRecipesArticles & ResourcesLocal StoriesCommunitySaveWeekly AdDeals of the MonthMember-only EventsDigital CouponsShopDietOrganicGluten-freePlant-BasedKetoPaleoNon-GMOCategoriesProduceDeli & Prepared FoodsBakeryBulkDairyMeat & SeafoodGrocery
						AislesFrozenVitamins &
						Body CareBeer & WineDiscover MoreCateringBuy
					It AgainSprouts BrandsNew ItemsExclusivesPrepared Foods",,,,,813-466-3390,Sprouts,,,,,,,,,,,
Tampa – Westchase,,"ExploreRecipesArticles & ResourcesLocal StoriesCommunitySaveWeekly AdDeals of the MonthMember-only EventsDigital CouponsShopDietOrganicGluten-freePlant-BasedKetoPaleoNon-GMOCategoriesProduceDeli & Prepared FoodsBakeryBulkDairyMeat & SeafoodGrocery
						AislesFrozenVitamins &
						Body CareBeer & WineDiscover MoreCateringBuy
					It AgainSprouts BrandsNew ItemsExclusivesPrepared Foods",,,,,772-348-2150,Sprouts,,,,,,,,,,,
The Villages,,"ExploreRecipesArticles & ResourcesLocal StoriesCommunitySaveWeekly AdDeals of the MonthMember-only EventsDigital CouponsShopDietOrganicGluten-freePlant-BasedKetoPaleoNon-GMOCategoriesProduceDeli & Prepared FoodsBakeryBulkDairyMeat & SeafoodGrocery
						AislesFrozenVitamins &
						Body CareBeer & WineDiscover MoreCateringBuy
					It AgainSprouts BrandsNew ItemsExclusivesPrepared Foods",,,,,352-706-2925,Sprouts,,,,,,,,,,,
Valrico,,"ExploreRecipesArticles & ResourcesLocal StoriesCommunitySaveWeekly AdDeals of the MonthMember-only EventsDigital CouponsShopDietOrganicGluten-freePlant-BasedKetoPaleoNon-GMOCategoriesProduceDeli & Prepared FoodsBakeryBulkDairyMeat & SeafoodGrocery
						AislesFrozenVitamins &
						Body CareBeer & WineDiscover MoreCateringBuy
					It AgainSprouts BrandsNew ItemsExclusivesPrepared Foods",,,,,813-603-9630,Sprouts,,,,,,,,,,,
Venice,,"ExploreRecipesArticles & ResourcesLocal StoriesCommunitySaveWeekly AdDeals of the MonthMember-only EventsDigital CouponsShopDietOrganicGluten-freePlant-BasedKetoPaleoNon-GMOCategoriesProduceDeli & Prepared FoodsBakeryBulkDairyMeat & SeafoodGrocery
						AislesFrozenVitamins &
						Body CareBeer & WineDiscover MoreCateringBuy
					It AgainSprouts BrandsNew ItemsExclusivesPrepared Foods",,,,,,Sprouts,,,,,,,,,,,
West Melbourne-Palm Bay,,"ExploreRecipesArticles & ResourcesLocal StoriesCommunitySaveWeekly AdDeals of the MonthMember-only EventsDigital CouponsShopDietOrganicGluten-freePlant-BasedKetoPaleoNon-GMOCategoriesProduceDeli & Prepared FoodsBakeryBulkDairyMeat & SeafoodGrocery
						AislesFrozenVitamins &
						Body CareBeer & WineDiscover MoreCateringBuy
					It AgainSprouts BrandsNew ItemsExclusivesPrepared Foods",,,,,321-462-3184,Sprouts,,,,,,,,,,,
West Palm Beach,,"ExploreRecipesArticles & ResourcesLocal StoriesCommunitySaveWeekly AdDeals of the MonthMember-only EventsDigital CouponsShopDietOrganicGluten-freePlant-BasedKetoPaleoNon-GMOCategoriesProduceDeli & Prepared FoodsBakeryBulkDairyMeat & SeafoodGrocery
						AislesFrozenVitamins &
						Body CareBeer & WineDiscover MoreCateringBuy
					It AgainSprouts BrandsNew ItemsExclusivesPrepared Foods",,,,,561-835-5418,Sprouts,,,,,,,,,,,
Winter Park,,"ExploreRecipesArticles & ResourcesLocal StoriesCommunitySaveWeekly AdDeals of the MonthMember-only EventsDigital CouponsShopDietOrganicGluten-freePlant-BasedKetoPaleoNon-GMOCategoriesProduceDeli & Prepared FoodsBakeryBulkDairyMeat & SeafoodGrocery
						AislesFrozenVitamins &
						Body CareBeer & WineDiscover MoreCateringBuy
					It AgainSprouts BrandsNew ItemsExclusivesPrepared Foods",,,,,407-702-1212,Sprouts,,,,,,,,,,,
Buford – I-85 & Hwy. 20,,"ExploreRecipesArticles & ResourcesLocal StoriesCommunitySaveWeekly AdDeals of the MonthMember-only EventsDigital CouponsShopDietOrganicGluten-freePlant-BasedKetoPaleoNon-GMOCategoriesProduceDeli & Prepared FoodsBakeryBulkDairyMeat & SeafoodGrocery
						AislesFrozenVitamins &
						Body CareBeer & WineDiscover MoreCateringBuy
					It AgainSprouts BrandsNew ItemsExclusivesPrepared Foods",,,,,470-600-6528,Sprouts,,,,,,,,,,,
Atlanta – Morningside,,"ExploreRecipesArticles & ResourcesLocal StoriesCommunitySaveWeekly AdDeals of the MonthMember-only EventsDigital CouponsShopDietOrganicGluten-freePlant-BasedKetoPaleoNon-GMOCategoriesProduceDeli & Prepared FoodsBakeryBulkDairyMeat & SeafoodGrocery
						AislesFrozenVitamins &
						Body CareBeer & WineDiscover MoreCateringBuy
					It AgainSprouts BrandsNew ItemsExclusivesPrepared Foods",,,,,404-751-0605,Sprouts,,,,,,,,,,,
Augusta,,"ExploreRecipesArticles & ResourcesLocal StoriesCommunitySaveWeekly AdDeals of the MonthMember-only EventsDigital CouponsShopDietOrganicGluten-freePlant-BasedKetoPaleoNon-GMOCategoriesProduceDeli & Prepared FoodsBakeryBulkDairyMeat & SeafoodGrocery
						AislesFrozenVitamins &
						Body CareBeer & WineDiscover MoreCateringBuy
					It AgainSprouts BrandsNew ItemsExclusivesPrepared Foods",,,,,706-993-9150,Sprouts,,,,,,,,,,,
Cumming,,"ExploreRecipesArticles & ResourcesLocal StoriesCommunitySaveWeekly AdDeals of the MonthMember-only EventsDigital CouponsShopDietOrganicGluten-freePlant-BasedKetoPaleoNon-GMOCategoriesProduceDeli & Prepared FoodsBakeryBulkDairyMeat & SeafoodGrocery
						AislesFrozenVitamins &
						Body CareBeer & WineDiscover MoreCateringBuy
					It AgainSprouts BrandsNew ItemsExclusivesPrepared Foods",,,,,470-505-2000,Sprouts,,,,,,,,,,,
Decatur,,"ExploreRecipesArticles & ResourcesLocal StoriesCommunitySaveWeekly AdDeals of the MonthMember-only EventsDigital CouponsShopDietOrganicGluten-freePlant-BasedKetoPaleoNon-GMOCategoriesProduceDeli & Prepared FoodsBakeryBulkDairyMeat & SeafoodGrocery
						AislesFrozenVitamins &
						Body CareBeer & WineDiscover MoreCateringBuy
					It AgainSprouts BrandsNew ItemsExclusivesPrepared Foods",,,,,404-965-6290,Sprouts,,,,,,,,,,,
Snellville,,"ExploreRecipesArticles & ResourcesLocal StoriesCommunitySaveWeekly AdDeals of the MonthMember-only EventsDigital CouponsShopDietOrganicGluten-freePlant-BasedKetoPaleoNon-GMOCategoriesProduceDeli & Prepared FoodsBakeryBulkDairyMeat & SeafoodGrocery
						AislesFrozenVitamins &
						Body CareBeer & WineDiscover MoreCateringBuy
					It AgainSprouts BrandsNew ItemsExclusivesPrepared Foods",,,,,678-690-1279,Sprouts,,,,,,,,,,,
East Cobb,,"ExploreRecipesArticles & ResourcesLocal StoriesCommunitySaveWeekly AdDeals of the MonthMember-only EventsDigital CouponsShopDietOrganicGluten-freePlant-BasedKetoPaleoNon-GMOCategoriesProduceDeli & Prepared FoodsBakeryBulkDairyMeat & SeafoodGrocery
						AislesFrozenVitamins &
						Body CareBeer & WineDiscover MoreCateringBuy
					It AgainSprouts BrandsNew ItemsExclusivesPrepared Foods",,,,,770-200-9172,Sprouts,,,,,,,,,,,
West Cobb,,"ExploreRecipesArticles & ResourcesLocal StoriesCommunitySaveWeekly AdDeals of the MonthMember-only EventsDigital CouponsShopDietOrganicGluten-freePlant-BasedKetoPaleoNon-GMOCategoriesProduceDeli & Prepared FoodsBakeryBulkDairyMeat & SeafoodGrocery
						AislesFrozenVitamins &
						Body CareBeer & WineDiscover MoreCateringBuy
					It AgainSprouts BrandsNew ItemsExclusivesPrepared Foods",,,,,678-919-8701,Sprouts,,,,,,,,,,,
Peachtree City,,"ExploreRecipesArticles & ResourcesLocal StoriesCommunitySaveWeekly AdDeals of the MonthMember-only EventsDigital CouponsShopDietOrganicGluten-freePlant-BasedKetoPaleoNon-GMOCategoriesProduceDeli & Prepared FoodsBakeryBulkDairyMeat & SeafoodGrocery
						AislesFrozenVitamins &
						Body CareBeer & WineDiscover MoreCateringBuy
					It AgainSprouts BrandsNew ItemsExclusivesPrepared Foods",,,,,678-586-2577,Sprouts,,,,,,,,,,,
Peachtree Corners,,"ExploreRecipesArticles & ResourcesLocal StoriesCommunitySaveWeekly AdDeals of the MonthMember-only EventsDigital CouponsShopDietOrganicGluten-freePlant-BasedKetoPaleoNon-GMOCategoriesProduceDeli & Prepared FoodsBakeryBulkDairyMeat & SeafoodGrocery
						AislesFrozenVitamins &
						Body CareBeer & WineDiscover MoreCateringBuy
					It AgainSprouts BrandsNew ItemsExclusivesPrepared Foods",,,,,678-690-1249,Sprouts,,,,,,,,,,,
Roswell,,"ExploreRecipesArticles & ResourcesLocal StoriesCommunitySaveWeekly AdDeals of the MonthMember-only EventsDigital CouponsShopDietOrganicGluten-freePlant-BasedKetoPaleoNon-GMOCategoriesProduceDeli & Prepared FoodsBakeryBulkDairyMeat & SeafoodGrocery
						AislesFrozenVitamins &
						Body CareBeer & WineDiscover MoreCateringBuy
					It AgainSprouts BrandsNew ItemsExclusivesPrepared Foods",,,,,678-353-0102,Sprouts,,,,,,,,,,,
Smyrna – Cumberland Blvd.,,"ExploreRecipesArticles & ResourcesLocal StoriesCommunitySaveWeekly AdDeals of the MonthMember-only EventsDigital CouponsShopDietOrganicGluten-freePlant-BasedKetoPaleoNon-GMOCategoriesProduceDeli & Prepared FoodsBakeryBulkDairyMeat & SeafoodGrocery
						AislesFrozenVitamins &
						Body CareBeer & WineDiscover MoreCateringBuy
					It AgainSprouts BrandsNew ItemsExclusivesPrepared Foods",,,,,470-750-1841,Sprouts,,,,,,,,,,,
Smyrna,,"ExploreRecipesArticles & ResourcesLocal StoriesCommunitySaveWeekly AdDeals of the MonthMember-only EventsDigital CouponsShopDietOrganicGluten-freePlant-BasedKetoPaleoNon-GMOCategoriesProduceDeli & Prepared FoodsBakeryBulkDairyMeat & SeafoodGrocery
						AislesFrozenVitamins &
						Body CareBeer & WineDiscover MoreCateringBuy
					It AgainSprouts BrandsNew ItemsExclusivesPrepared Foods",,,,,770-200-7587,Sprouts,,,,,,,,,,,
Stockbridge,,"ExploreRecipesArticles & ResourcesLocal StoriesCommunitySaveWeekly AdDeals of the MonthMember-only EventsDigital CouponsShopDietOrganicGluten-freePlant-BasedKetoPaleoNon-GMOCategoriesProduceDeli & Prepared FoodsBakeryBulkDairyMeat & SeafoodGrocery
						AislesFrozenVitamins &
						Body CareBeer & WineDiscover MoreCateringBuy
					It AgainSprouts BrandsNew ItemsExclusivesPrepared Foods",,,,,678-470-0983,Sprouts,,,,,,,,,,,
Johns Creek,,"ExploreRecipesArticles & ResourcesLocal StoriesCommunitySaveWeekly AdDeals of the MonthMember-only EventsDigital CouponsShopDietOrganicGluten-freePlant-BasedKetoPaleoNon-GMOCategoriesProduceDeli & Prepared FoodsBakeryBulkDairyMeat & SeafoodGrocery
						AislesFrozenVitamins &
						Body CareBeer & WineDiscover MoreCateringBuy
					It AgainSprouts BrandsNew ItemsExclusivesPrepared Foods",,,,,678-690-1243,Sprouts,,,,,,,,,,,
Tucker,,"ExploreRecipesArticles & ResourcesLocal StoriesCommunitySaveWeekly AdDeals of the MonthMember-only EventsDigital CouponsShopDietOrganicGluten-freePlant-BasedKetoPaleoNon-GMOCategoriesProduceDeli & Prepared FoodsBakeryBulkDairyMeat & SeafoodGrocery
						AislesFrozenVitamins &
						Body CareBeer & WineDiscover MoreCateringBuy
					It AgainSprouts BrandsNew ItemsExclusivesPrepared Foods",,,,,470-260-2368,Sprouts,,,,,,,,,,,
Woodstock,,"ExploreRecipesArticles & ResourcesLocal StoriesCommunitySaveWeekly AdDeals of the MonthMember-only EventsDigital CouponsShopDietOrganicGluten-freePlant-BasedKetoPaleoNon-GMOCategoriesProduceDeli & Prepared FoodsBakeryBulkDairyMeat & SeafoodGrocery
						AislesFrozenVitamins &
						Body CareBeer & WineDiscover MoreCateringBuy
					It AgainSprouts BrandsNew ItemsExclusivesPrepared Foods",,,,,678-224-9799,Sprouts,,,,,,,,,,,
Lawrence,,"ExploreRecipesArticles & ResourcesLocal StoriesCommunitySaveWeekly AdDeals of the MonthMember-only EventsDigital CouponsShopDietOrganicGluten-freePlant-BasedKetoPaleoNon-GMOCategoriesProduceDeli & Prepared FoodsBakeryBulkDairyMeat & SeafoodGrocery
						AislesFrozenVitamins &
						Body CareBeer & WineDiscover MoreCateringBuy
					It AgainSprouts BrandsNew ItemsExclusivesPrepared Foods",,,,,785-727-7314,Sprouts,,,,,,,,,,,
Lenexa,,"ExploreRecipesArticles & ResourcesLocal StoriesCommunitySaveWeekly AdDeals of the MonthMember-only EventsDigital CouponsShopDietOrganicGluten-freePlant-BasedKetoPaleoNon-GMOCategoriesProduceDeli & Prepared FoodsBakeryBulkDairyMeat & SeafoodGrocery
						AislesFrozenVitamins &
						Body CareBeer & WineDiscover MoreCateringBuy
					It AgainSprouts BrandsNew ItemsExclusivesPrepared Foods",,,,,913-312-1586,Sprouts,,,,,,,,,,,
Overland Park – Nall Ave.,,"ExploreRecipesArticles & ResourcesLocal StoriesCommunitySaveWeekly AdDeals of the MonthMember-only EventsDigital CouponsShopDietOrganicGluten-freePlant-BasedKetoPaleoNon-GMOCategoriesProduceDeli & Prepared FoodsBakeryBulkDairyMeat & SeafoodGrocery
						AislesFrozenVitamins &
						Body CareBeer & WineDiscover MoreCateringBuy
					It AgainSprouts BrandsNew ItemsExclusivesPrepared Foods",,,,,913-643-9170,Sprouts,,,,,,,,,,,
Overland Park,,"ExploreRecipesArticles & ResourcesLocal StoriesCommunitySaveWeekly AdDeals of the MonthMember-only EventsDigital CouponsShopDietOrganicGluten-freePlant-BasedKetoPaleoNon-GMOCategoriesProduceDeli & Prepared FoodsBakeryBulkDairyMeat & SeafoodGrocery
						AislesFrozenVitamins &
						Body CareBeer & WineDiscover MoreCateringBuy
					It AgainSprouts BrandsNew ItemsExclusivesPrepared Foods",,,,,913-643-4190,Sprouts,,,,,,,,,,,
Baton Rouge,,"ExploreRecipesArticles & ResourcesLocal StoriesCommunitySaveWeekly AdDeals of the MonthMember-only EventsDigital CouponsShopDietOrganicGluten-freePlant-BasedKetoPaleoNon-GMOCategoriesProduceDeli & Prepared FoodsBakeryBulkDairyMeat & SeafoodGrocery
						AislesFrozenVitamins &
						Body CareBeer & WineDiscover MoreCateringBuy
					It AgainSprouts BrandsNew ItemsExclusivesPrepared Foods",,,,,225-614-9131,Sprouts,,,,,,,,,,,
Baltimore,,"ExploreRecipesArticles & ResourcesLocal StoriesCommunitySaveWeekly AdDeals of the MonthMember-only EventsDigital CouponsShopDietOrganicGluten-freePlant-BasedKetoPaleoNon-GMOCategoriesProduceDeli & Prepared FoodsBakeryBulkDairyMeat & SeafoodGrocery
						AislesFrozenVitamins &
						Body CareBeer & WineDiscover MoreCateringBuy
					It AgainSprouts BrandsNew ItemsExclusivesPrepared Foods",,,,,443-836-5882,Sprouts,,,,,,,,,,,
Bel Air,,"ExploreRecipesArticles & ResourcesLocal StoriesCommunitySaveWeekly AdDeals of the MonthMember-only EventsDigital CouponsShopDietOrganicGluten-freePlant-BasedKetoPaleoNon-GMOCategoriesProduceDeli & Prepared FoodsBakeryBulkDairyMeat & SeafoodGrocery
						AislesFrozenVitamins &
						Body CareBeer & WineDiscover MoreCateringBuy
					It AgainSprouts BrandsNew ItemsExclusivesPrepared Foods",,,,,443-567-7788,Sprouts,,,,,,,,,,,
Burtonsville,,"ExploreRecipesArticles & ResourcesLocal StoriesCommunitySaveWeekly AdDeals of the MonthMember-only EventsDigital CouponsShopDietOrganicGluten-freePlant-BasedKetoPaleoNon-GMOCategoriesProduceDeli & Prepared FoodsBakeryBulkDairyMeat & SeafoodGrocery
						AislesFrozenVitamins &
						Body CareBeer & WineDiscover MoreCateringBuy
					It AgainSprouts BrandsNew ItemsExclusivesPrepared Foods",,,,,240-883-9223,Sprouts,,,,,,,,,,,
Ellicott City,,"ExploreRecipesArticles & ResourcesLocal StoriesCommunitySaveWeekly AdDeals of the MonthMember-only EventsDigital CouponsShopDietOrganicGluten-freePlant-BasedKetoPaleoNon-GMOCategoriesProduceDeli & Prepared FoodsBakeryBulkDairyMeat & SeafoodGrocery
						AislesFrozenVitamins &
						Body CareBeer & WineDiscover MoreCateringBuy
					It AgainSprouts BrandsNew ItemsExclusivesPrepared Foods",,,,,410-696-3160,Sprouts,,,,,,,,,,,
Pasadena,,"ExploreRecipesArticles & ResourcesLocal StoriesCommunitySaveWeekly AdDeals of the MonthMember-only EventsDigital CouponsShopDietOrganicGluten-freePlant-BasedKetoPaleoNon-GMOCategoriesProduceDeli & Prepared FoodsBakeryBulkDairyMeat & SeafoodGrocery
						AislesFrozenVitamins &
						Body CareBeer & WineDiscover MoreCateringBuy
					It AgainSprouts BrandsNew ItemsExclusivesPrepared Foods",,,,,443-960-8484,Sprouts,,,,,,,,,,,
Towson,,"ExploreRecipesArticles & ResourcesLocal StoriesCommunitySaveWeekly AdDeals of the MonthMember-only EventsDigital CouponsShopDietOrganicGluten-freePlant-BasedKetoPaleoNon-GMOCategoriesProduceDeli & Prepared FoodsBakeryBulkDairyMeat & SeafoodGrocery
						AislesFrozenVitamins &
						Body CareBeer & WineDiscover MoreCateringBuy
					It AgainSprouts BrandsNew ItemsExclusivesPrepared Foods",,,,,410-842-6010,Sprouts,,,,,,,,,,,
Waldorf,,"ExploreRecipesArticles & ResourcesLocal StoriesCommunitySaveWeekly AdDeals of the MonthMember-only EventsDigital CouponsShopDietOrganicGluten-freePlant-BasedKetoPaleoNon-GMOCategoriesProduceDeli & Prepared FoodsBakeryBulkDairyMeat & SeafoodGrocery
						AislesFrozenVitamins &
						Body CareBeer & WineDiscover MoreCateringBuy
					It AgainSprouts BrandsNew ItemsExclusivesPrepared Foods",,,,,301-597-1105,Sprouts,,,,,,,,,,,
Westminster-Baltimore Blvd.,,"ExploreRecipesArticles & ResourcesLocal StoriesCommunitySaveWeekly AdDeals of the MonthMember-only EventsDigital CouponsShopDietOrganicGluten-freePlant-BasedKetoPaleoNon-GMOCategoriesProduceDeli & Prepared FoodsBakeryBulkDairyMeat & SeafoodGrocery
						AislesFrozenVitamins &
						Body CareBeer & WineDiscover MoreCateringBuy
					It AgainSprouts BrandsNew ItemsExclusivesPrepared Foods",,,,,443-452-6734,Sprouts,,,,,,,,,,,
Kansas City North,,"ExploreRecipesArticles & ResourcesLocal StoriesCommunitySaveWeekly AdDeals of the MonthMember-only EventsDigital CouponsShopDietOrganicGluten-freePlant-BasedKetoPaleoNon-GMOCategoriesProduceDeli & Prepared FoodsBakeryBulkDairyMeat & SeafoodGrocery
						AislesFrozenVitamins &
						Body CareBeer & WineDiscover MoreCateringBuy
					It AgainSprouts BrandsNew ItemsExclusivesPrepared Foods",,,,,816-222-0202,Sprouts,,,,,,,,,,,
Kansas City,,"ExploreRecipesArticles & ResourcesLocal StoriesCommunitySaveWeekly AdDeals of the MonthMember-only EventsDigital CouponsShopDietOrganicGluten-freePlant-BasedKetoPaleoNon-GMOCategoriesProduceDeli & Prepared FoodsBakeryBulkDairyMeat & SeafoodGrocery
						AislesFrozenVitamins &
						Body CareBeer & WineDiscover MoreCateringBuy
					It AgainSprouts BrandsNew ItemsExclusivesPrepared Foods",,,,,816-303-6503,Sprouts,,,,,,,,,,,
Lee’s Summit,,"ExploreRecipesArticles & ResourcesLocal StoriesCommunitySaveWeekly AdDeals of the MonthMember-only EventsDigital CouponsShopDietOrganicGluten-freePlant-BasedKetoPaleoNon-GMOCategoriesProduceDeli & Prepared FoodsBakeryBulkDairyMeat & SeafoodGrocery
						AislesFrozenVitamins &
						Body CareBeer & WineDiscover MoreCateringBuy
					It AgainSprouts BrandsNew ItemsExclusivesPrepared Foods",,,,,816-272-7038,Sprouts,,,,,,,,,,,
Ballantyne,,"ExploreRecipesArticles & ResourcesLocal StoriesCommunitySaveWeekly AdDeals of the MonthMember-only EventsDigital CouponsShopDietOrganicGluten-freePlant-BasedKetoPaleoNon-GMOCategoriesProduceDeli & Prepared FoodsBakeryBulkDairyMeat & SeafoodGrocery
						AislesFrozenVitamins &
						Body CareBeer & WineDiscover MoreCateringBuy
					It AgainSprouts BrandsNew ItemsExclusivesPrepared Foods",,,,,704-778-3010,Sprouts,,,,,,,,,,,
Charlotte-NoDa,,"ExploreRecipesArticles & ResourcesLocal StoriesCommunitySaveWeekly AdDeals of the MonthMember-only EventsDigital CouponsShopDietOrganicGluten-freePlant-BasedKetoPaleoNon-GMOCategoriesProduceDeli & Prepared FoodsBakeryBulkDairyMeat & SeafoodGrocery
						AislesFrozenVitamins &
						Body CareBeer & WineDiscover MoreCateringBuy
					It AgainSprouts BrandsNew ItemsExclusivesPrepared Foods",,,,,704-520-7652,Sprouts,,,,,,,,,,,
Charlotte-Steele Creek,,"ExploreRecipesArticles & ResourcesLocal StoriesCommunitySaveWeekly AdDeals of the MonthMember-only EventsDigital CouponsShopDietOrganicGluten-freePlant-BasedKetoPaleoNon-GMOCategoriesProduceDeli & Prepared FoodsBakeryBulkDairyMeat & SeafoodGrocery
						AislesFrozenVitamins &
						Body CareBeer & WineDiscover MoreCateringBuy
					It AgainSprouts BrandsNew ItemsExclusivesPrepared Foods",,,,,,Sprouts,,,,,,,,,,,
Durham,,"ExploreRecipesArticles & ResourcesLocal StoriesCommunitySaveWeekly AdDeals of the MonthMember-only EventsDigital CouponsShopDietOrganicGluten-freePlant-BasedKetoPaleoNon-GMOCategoriesProduceDeli & Prepared FoodsBakeryBulkDairyMeat & SeafoodGrocery
						AislesFrozenVitamins &
						Body CareBeer & WineDiscover MoreCateringBuy
					It AgainSprouts BrandsNew ItemsExclusivesPrepared Foods",,,,,919-768-4055,Sprouts,,,,,,,,,,,
Fayetteville,,"ExploreRecipesArticles & ResourcesLocal StoriesCommunitySaveWeekly AdDeals of the MonthMember-only EventsDigital CouponsShopDietOrganicGluten-freePlant-BasedKetoPaleoNon-GMOCategoriesProduceDeli & Prepared FoodsBakeryBulkDairyMeat & SeafoodGrocery
						AislesFrozenVitamins &
						Body CareBeer & WineDiscover MoreCateringBuy
					It AgainSprouts BrandsNew ItemsExclusivesPrepared Foods",,,,,910-748-5985,Sprouts,,,,,,,,,,,
Greensboro,,"ExploreRecipesArticles & ResourcesLocal StoriesCommunitySaveWeekly AdDeals of the MonthMember-only EventsDigital CouponsShopDietOrganicGluten-freePlant-BasedKetoPaleoNon-GMOCategoriesProduceDeli & Prepared FoodsBakeryBulkDairyMeat & SeafoodGrocery
						AislesFrozenVitamins &
						Body CareBeer & WineDiscover MoreCateringBuy
					It AgainSprouts BrandsNew ItemsExclusivesPrepared Foods",,,,,336-252-5250,Sprouts,,,,,,,,,,,
Raleigh – Falls of Neuse,,"ExploreRecipesArticles & ResourcesLocal StoriesCommunitySaveWeekly AdDeals of the MonthMember-only EventsDigital CouponsShopDietOrganicGluten-freePlant-BasedKetoPaleoNon-GMOCategoriesProduceDeli & Prepared FoodsBakeryBulkDairyMeat & SeafoodGrocery
						AislesFrozenVitamins &
						Body CareBeer & WineDiscover MoreCateringBuy
					It AgainSprouts BrandsNew ItemsExclusivesPrepared Foods",,,,,919-326-2530,Sprouts,,,,,,,,,,,
Woodbridge,,"ExploreRecipesArticles & ResourcesLocal StoriesCommunitySaveWeekly AdDeals of the MonthMember-only EventsDigital CouponsShopDietOrganicGluten-freePlant-BasedKetoPaleoNon-GMOCategoriesProduceDeli & Prepared FoodsBakeryBulkDairyMeat & SeafoodGrocery
						AislesFrozenVitamins &
						Body CareBeer & WineDiscover MoreCateringBuy
					It AgainSprouts BrandsNew ItemsExclusivesPrepared Foods",,,,,848-343-9871,Sprouts,,,,,,,,,,,
Aberdeen,,"ExploreRecipesArticles & ResourcesLocal StoriesCommunitySaveWeekly AdDeals of the MonthMember-only EventsDigital CouponsShopDietOrganicGluten-freePlant-BasedKetoPaleoNon-GMOCategoriesProduceDeli & Prepared FoodsBakeryBulkDairyMeat & SeafoodGrocery
						AislesFrozenVitamins &
						Body CareBeer & WineDiscover MoreCateringBuy
					It AgainSprouts BrandsNew ItemsExclusivesPrepared Foods",,,,,732-554-2076,Sprouts,,,,,,,,,,,
Haddon Township,,"ExploreRecipesArticles & ResourcesLocal StoriesCommunitySaveWeekly AdDeals of the MonthMember-only EventsDigital CouponsShopDietOrganicGluten-freePlant-BasedKetoPaleoNon-GMOCategoriesProduceDeli & Prepared FoodsBakeryBulkDairyMeat & SeafoodGrocery
						AislesFrozenVitamins &
						Body CareBeer & WineDiscover MoreCateringBuy
					It AgainSprouts BrandsNew ItemsExclusivesPrepared Foods",,,,,856-873-9052,Sprouts,,,,,,,,,,,
Marlton,,"ExploreRecipesArticles & ResourcesLocal StoriesCommunitySaveWeekly AdDeals of the MonthMember-only EventsDigital CouponsShopDietOrganicGluten-freePlant-BasedKetoPaleoNon-GMOCategoriesProduceDeli & Prepared FoodsBakeryBulkDairyMeat & SeafoodGrocery
						AislesFrozenVitamins &
						Body CareBeer & WineDiscover MoreCateringBuy
					It AgainSprouts BrandsNew ItemsExclusivesPrepared Foods",,,,,856-355-8228,Sprouts,,,,,,,,,,,
Woodbury,,"ExploreRecipesArticles & ResourcesLocal StoriesCommunitySaveWeekly AdDeals of the MonthMember-only EventsDigital CouponsShopDietOrganicGluten-freePlant-BasedKetoPaleoNon-GMOCategoriesProduceDeli & Prepared FoodsBakeryBulkDairyMeat & SeafoodGrocery
						AislesFrozenVitamins &
						Body CareBeer & WineDiscover MoreCateringBuy
					It AgainSprouts BrandsNew ItemsExclusivesPrepared Foods",,,,,856-387-0471,Sprouts,,,,,,,,,,,
Albuquerque-Coors Blvd.,,"ExploreRecipesArticles & ResourcesLocal StoriesCommunitySaveWeekly AdDeals of the MonthMember-only EventsDigital CouponsShopDietOrganicGluten-freePlant-BasedKetoPaleoNon-GMOCategoriesProduceDeli & Prepared FoodsBakeryBulkDairyMeat & SeafoodGrocery
						AislesFrozenVitamins &
						Body CareBeer & WineDiscover MoreCateringBuy
					It AgainSprouts BrandsNew ItemsExclusivesPrepared Foods",,,,,505-355-3850,Sprouts,,,,,,,,,,,
Albuquerque – Corrales Rd.,,"ExploreRecipesArticles & ResourcesLocal StoriesCommunitySaveWeekly AdDeals of the MonthMember-only EventsDigital CouponsShopDietOrganicGluten-freePlant-BasedKetoPaleoNon-GMOCategoriesProduceDeli & Prepared FoodsBakeryBulkDairyMeat & SeafoodGrocery
						AislesFrozenVitamins &
						Body CareBeer & WineDiscover MoreCateringBuy
					It AgainSprouts BrandsNew ItemsExclusivesPrepared Foods",,,,,505-890-7900,Sprouts,,,,,,,,,,,
Albuquerque – Four Hills,,"ExploreRecipesArticles & ResourcesLocal StoriesCommunitySaveWeekly AdDeals of the MonthMember-only EventsDigital CouponsShopDietOrganicGluten-freePlant-BasedKetoPaleoNon-GMOCategoriesProduceDeli & Prepared FoodsBakeryBulkDairyMeat & SeafoodGrocery
						AislesFrozenVitamins &
						Body CareBeer & WineDiscover MoreCateringBuy
					It AgainSprouts BrandsNew ItemsExclusivesPrepared Foods",,,,,505-998-1025,Sprouts,,,,,,,,,,,
Albuquerque – Lomas Blvd.,,"ExploreRecipesArticles & ResourcesLocal StoriesCommunitySaveWeekly AdDeals of the MonthMember-only EventsDigital CouponsShopDietOrganicGluten-freePlant-BasedKetoPaleoNon-GMOCategoriesProduceDeli & Prepared FoodsBakeryBulkDairyMeat & SeafoodGrocery
						AislesFrozenVitamins &
						Body CareBeer & WineDiscover MoreCateringBuy
					It AgainSprouts BrandsNew ItemsExclusivesPrepared Foods",,,,,505-268-5127,Sprouts,,,,,,,,,,,
Albuquerque – Montgomery Blvd.,,"ExploreRecipesArticles & ResourcesLocal StoriesCommunitySaveWeekly AdDeals of the MonthMember-only EventsDigital CouponsShopDietOrganicGluten-freePlant-BasedKetoPaleoNon-GMOCategoriesProduceDeli & Prepared FoodsBakeryBulkDairyMeat & SeafoodGrocery
						AislesFrozenVitamins &
						Body CareBeer & WineDiscover MoreCateringBuy
					It AgainSprouts BrandsNew ItemsExclusivesPrepared Foods",,,,,505-298-2447,Sprouts,,,,,,,,,,,
Albuquerque – San Mateo Blvd.,,"ExploreRecipesArticles & ResourcesLocal StoriesCommunitySaveWeekly AdDeals of the MonthMember-only EventsDigital CouponsShopDietOrganicGluten-freePlant-BasedKetoPaleoNon-GMOCategoriesProduceDeli & Prepared FoodsBakeryBulkDairyMeat & SeafoodGrocery
						AislesFrozenVitamins &
						Body CareBeer & WineDiscover MoreCateringBuy
					It AgainSprouts BrandsNew ItemsExclusivesPrepared Foods",,,,,505-821-7000,Sprouts,,,,,,,,,,,
Las Cruces,,"ExploreRecipesArticles & ResourcesLocal StoriesCommunitySaveWeekly AdDeals of the MonthMember-only EventsDigital CouponsShopDietOrganicGluten-freePlant-BasedKetoPaleoNon-GMOCategoriesProduceDeli & Prepared FoodsBakeryBulkDairyMeat & SeafoodGrocery
						AislesFrozenVitamins &
						Body CareBeer & WineDiscover MoreCateringBuy
					It AgainSprouts BrandsNew ItemsExclusivesPrepared Foods",,,,,575-680-3680,Sprouts,,,,,,,,,,,
Rio Rancho,,"ExploreRecipesArticles & ResourcesLocal StoriesCommunitySaveWeekly AdDeals of the MonthMember-only EventsDigital CouponsShopDietOrganicGluten-freePlant-BasedKetoPaleoNon-GMOCategoriesProduceDeli & Prepared FoodsBakeryBulkDairyMeat & SeafoodGrocery
						AislesFrozenVitamins &
						Body CareBeer & WineDiscover MoreCateringBuy
					It AgainSprouts BrandsNew ItemsExclusivesPrepared Foods",,,,,505-552-3341,Sprouts,,,,,,,,,,,
Santa Fe – Paseo de Peralta,,"ExploreRecipesArticles & ResourcesLocal StoriesCommunitySaveWeekly AdDeals of the MonthMember-only EventsDigital CouponsShopDietOrganicGluten-freePlant-BasedKetoPaleoNon-GMOCategoriesProduceDeli & Prepared FoodsBakeryBulkDairyMeat & SeafoodGrocery
						AislesFrozenVitamins &
						Body CareBeer & WineDiscover MoreCateringBuy
					It AgainSprouts BrandsNew ItemsExclusivesPrepared Foods",,,,,505-988-1140,Sprouts,,,,,,,,,,,
Santa Fe – Zafarano Dr.,,"ExploreRecipesArticles & ResourcesLocal StoriesCommunitySaveWeekly AdDeals of the MonthMember-only EventsDigital CouponsShopDietOrganicGluten-freePlant-BasedKetoPaleoNon-GMOCategoriesProduceDeli & Prepared FoodsBakeryBulkDairyMeat & SeafoodGrocery
						AislesFrozenVitamins &
						Body CareBeer & WineDiscover MoreCateringBuy
					It AgainSprouts BrandsNew ItemsExclusivesPrepared Foods",,,,,505-424-1900,Sprouts,,,,,,,,,,,
Carson City-North Carson Crossing,,"ExploreRecipesArticles & ResourcesLocal StoriesCommunitySaveWeekly AdDeals of the MonthMember-only EventsDigital CouponsShopDietOrganicGluten-freePlant-BasedKetoPaleoNon-GMOCategoriesProduceDeli & Prepared FoodsBakeryBulkDairyMeat & SeafoodGrocery
						AislesFrozenVitamins &
						Body CareBeer & WineDiscover MoreCateringBuy
					It AgainSprouts BrandsNew ItemsExclusivesPrepared Foods",,,,,775-245-0277,Sprouts,,,,,,,,,,,
Henderson – Green Valley,,"ExploreRecipesArticles & ResourcesLocal StoriesCommunitySaveWeekly AdDeals of the MonthMember-only EventsDigital CouponsShopDietOrganicGluten-freePlant-BasedKetoPaleoNon-GMOCategoriesProduceDeli & Prepared FoodsBakeryBulkDairyMeat & SeafoodGrocery
						AislesFrozenVitamins &
						Body CareBeer & WineDiscover MoreCateringBuy
					It AgainSprouts BrandsNew ItemsExclusivesPrepared Foods",,,,,702-322-2229,Sprouts,,,,,,,,,,,
Henderson – Stephanie St.,,"ExploreRecipesArticles & ResourcesLocal StoriesCommunitySaveWeekly AdDeals of the MonthMember-only EventsDigital CouponsShopDietOrganicGluten-freePlant-BasedKetoPaleoNon-GMOCategoriesProduceDeli & Prepared FoodsBakeryBulkDairyMeat & SeafoodGrocery
						AislesFrozenVitamins &
						Body CareBeer & WineDiscover MoreCateringBuy
					It AgainSprouts BrandsNew ItemsExclusivesPrepared Foods",,,,,702-777-7095,Sprouts,,,,,,,,,,,
Henderson-Lake Mead Pkwy.,,"ExploreRecipesArticles & ResourcesLocal StoriesCommunitySaveWeekly AdDeals of the MonthMember-only EventsDigital CouponsShopDietOrganicGluten-freePlant-BasedKetoPaleoNon-GMOCategoriesProduceDeli & Prepared FoodsBakeryBulkDairyMeat & SeafoodGrocery
						AislesFrozenVitamins &
						Body CareBeer & WineDiscover MoreCateringBuy
					It AgainSprouts BrandsNew ItemsExclusivesPrepared Foods",,,,,,Sprouts,,,,,,,,,,,
Las Vegas – Alta,,"ExploreRecipesArticles & ResourcesLocal StoriesCommunitySaveWeekly AdDeals of the MonthMember-only EventsDigital CouponsShopDietOrganicGluten-freePlant-BasedKetoPaleoNon-GMOCategoriesProduceDeli & Prepared FoodsBakeryBulkDairyMeat & SeafoodGrocery
						AislesFrozenVitamins &
						Body CareBeer & WineDiscover MoreCateringBuy
					It AgainSprouts BrandsNew ItemsExclusivesPrepared Foods",,,,,702-984-4330,Sprouts,,,,,,,,,,,
Las Vegas – Centennial,,"ExploreRecipesArticles & ResourcesLocal StoriesCommunitySaveWeekly AdDeals of the MonthMember-only EventsDigital CouponsShopDietOrganicGluten-freePlant-BasedKetoPaleoNon-GMOCategoriesProduceDeli & Prepared FoodsBakeryBulkDairyMeat & SeafoodGrocery
						AislesFrozenVitamins &
						Body CareBeer & WineDiscover MoreCateringBuy
					It AgainSprouts BrandsNew ItemsExclusivesPrepared Foods",,,,,702-583-3830,Sprouts,,,,,,,,,,,
Las Vegas – Decatur,,"ExploreRecipesArticles & ResourcesLocal StoriesCommunitySaveWeekly AdDeals of the MonthMember-only EventsDigital CouponsShopDietOrganicGluten-freePlant-BasedKetoPaleoNon-GMOCategoriesProduceDeli & Prepared FoodsBakeryBulkDairyMeat & SeafoodGrocery
						AislesFrozenVitamins &
						Body CareBeer & WineDiscover MoreCateringBuy
					It AgainSprouts BrandsNew ItemsExclusivesPrepared Foods",,,,,702-273-3490,Sprouts,,,,,,,,,,,
Las Vegas – Lake Mead,,"ExploreRecipesArticles & ResourcesLocal StoriesCommunitySaveWeekly AdDeals of the MonthMember-only EventsDigital CouponsShopDietOrganicGluten-freePlant-BasedKetoPaleoNon-GMOCategoriesProduceDeli & Prepared FoodsBakeryBulkDairyMeat & SeafoodGrocery
						AislesFrozenVitamins &
						Body CareBeer & WineDiscover MoreCateringBuy
					It AgainSprouts BrandsNew ItemsExclusivesPrepared Foods",,,,,702-216-3556,Sprouts,,,,,,,,,,,
Las Vegas – Flamingo Rd.,,"ExploreRecipesArticles & ResourcesLocal StoriesCommunitySaveWeekly AdDeals of the MonthMember-only EventsDigital CouponsShopDietOrganicGluten-freePlant-BasedKetoPaleoNon-GMOCategoriesProduceDeli & Prepared FoodsBakeryBulkDairyMeat & SeafoodGrocery
						AislesFrozenVitamins &
						Body CareBeer & WineDiscover MoreCateringBuy
					It AgainSprouts BrandsNew ItemsExclusivesPrepared Foods",,,,,702-876-4888,Sprouts,,,,,,,,,,,
Las Vegas – Warm Springs Rd.,,"ExploreRecipesArticles & ResourcesLocal StoriesCommunitySaveWeekly AdDeals of the MonthMember-only EventsDigital CouponsShopDietOrganicGluten-freePlant-BasedKetoPaleoNon-GMOCategoriesProduceDeli & Prepared FoodsBakeryBulkDairyMeat & SeafoodGrocery
						AislesFrozenVitamins &
						Body CareBeer & WineDiscover MoreCateringBuy
					It AgainSprouts BrandsNew ItemsExclusivesPrepared Foods",,,,,702-670-4450,Sprouts,,,,,,,,,,,
Las Vegas – Sahara Ave.,,"ExploreRecipesArticles & ResourcesLocal StoriesCommunitySaveWeekly AdDeals of the MonthMember-only EventsDigital CouponsShopDietOrganicGluten-freePlant-BasedKetoPaleoNon-GMOCategoriesProduceDeli & Prepared FoodsBakeryBulkDairyMeat & SeafoodGrocery
						AislesFrozenVitamins &
						Body CareBeer & WineDiscover MoreCateringBuy
					It AgainSprouts BrandsNew ItemsExclusivesPrepared Foods",,,,,702-216-5060,Sprouts,,,,,,,,,,,
Las Vegas – Tropicana Ave.,,"ExploreRecipesArticles & ResourcesLocal StoriesCommunitySaveWeekly AdDeals of the MonthMember-only EventsDigital CouponsShopDietOrganicGluten-freePlant-BasedKetoPaleoNon-GMOCategoriesProduceDeli & Prepared FoodsBakeryBulkDairyMeat & SeafoodGrocery
						AislesFrozenVitamins &
						Body CareBeer & WineDiscover MoreCateringBuy
					It AgainSprouts BrandsNew ItemsExclusivesPrepared Foods",,,,,702-777-0650,Sprouts,,,,,,,,,,,
Las Vegas-Silverado Ranch,,"ExploreRecipesArticles & ResourcesLocal StoriesCommunitySaveWeekly AdDeals of the MonthMember-only EventsDigital CouponsShopDietOrganicGluten-freePlant-BasedKetoPaleoNon-GMOCategoriesProduceDeli & Prepared FoodsBakeryBulkDairyMeat & SeafoodGrocery
						AislesFrozenVitamins &
						Body CareBeer & WineDiscover MoreCateringBuy
					It AgainSprouts BrandsNew ItemsExclusivesPrepared Foods",,,,,702-750-3570,Sprouts,,,,,,,,,,,
North Las Vegas,,"ExploreRecipesArticles & ResourcesLocal StoriesCommunitySaveWeekly AdDeals of the MonthMember-only EventsDigital CouponsShopDietOrganicGluten-freePlant-BasedKetoPaleoNon-GMOCategoriesProduceDeli & Prepared FoodsBakeryBulkDairyMeat & SeafoodGrocery
						AislesFrozenVitamins &
						Body CareBeer & WineDiscover MoreCateringBuy
					It AgainSprouts BrandsNew ItemsExclusivesPrepared Foods",,,,,702-857-6362,Sprouts,,,,,,,,,,,
Reno – Plumb Ln.,,"ExploreRecipesArticles & ResourcesLocal StoriesCommunitySaveWeekly AdDeals of the MonthMember-only EventsDigital CouponsShopDietOrganicGluten-freePlant-BasedKetoPaleoNon-GMOCategoriesProduceDeli & Prepared FoodsBakeryBulkDairyMeat & SeafoodGrocery
						AislesFrozenVitamins &
						Body CareBeer & WineDiscover MoreCateringBuy
					It AgainSprouts BrandsNew ItemsExclusivesPrepared Foods",,,,,775-446-3979,Sprouts,,,,,,,,,,,
Reno,,"ExploreRecipesArticles & ResourcesLocal StoriesCommunitySaveWeekly AdDeals of the MonthMember-only EventsDigital CouponsShopDietOrganicGluten-freePlant-BasedKetoPaleoNon-GMOCategoriesProduceDeli & Prepared FoodsBakeryBulkDairyMeat & SeafoodGrocery
						AislesFrozenVitamins &
						Body CareBeer & WineDiscover MoreCateringBuy
					It AgainSprouts BrandsNew ItemsExclusivesPrepared Foods",,,,,775-335-1055,Sprouts,,,,,,,,,,,
Sparks,,"ExploreRecipesArticles & ResourcesLocal StoriesCommunitySaveWeekly AdDeals of the MonthMember-only EventsDigital CouponsShopDietOrganicGluten-freePlant-BasedKetoPaleoNon-GMOCategoriesProduceDeli & Prepared FoodsBakeryBulkDairyMeat & SeafoodGrocery
						AislesFrozenVitamins &
						Body CareBeer & WineDiscover MoreCateringBuy
					It AgainSprouts BrandsNew ItemsExclusivesPrepared Foods",,,,,775-834-0210,Sprouts,,,,,,,,,,,
Centereach,,"ExploreRecipesArticles & ResourcesLocal StoriesCommunitySaveWeekly AdDeals of the MonthMember-only EventsDigital CouponsShopDietOrganicGluten-freePlant-BasedKetoPaleoNon-GMOCategoriesProduceDeli & Prepared FoodsBakeryBulkDairyMeat & SeafoodGrocery
						AislesFrozenVitamins &
						Body CareBeer & WineDiscover MoreCateringBuy
					It AgainSprouts BrandsNew ItemsExclusivesPrepared Foods",,,,,,Sprouts,,,,,,,,,,,
Broken Arrow,,"ExploreRecipesArticles & ResourcesLocal StoriesCommunitySaveWeekly AdDeals of the MonthMember-only EventsDigital CouponsShopDietOrganicGluten-freePlant-BasedKetoPaleoNon-GMOCategoriesProduceDeli & Prepared FoodsBakeryBulkDairyMeat & SeafoodGrocery
						AislesFrozenVitamins &
						Body CareBeer & WineDiscover MoreCateringBuy
					It AgainSprouts BrandsNew ItemsExclusivesPrepared Foods",,,,,918-806-0810,Sprouts,,,,,,,,,,,
Edmond,,"ExploreRecipesArticles & ResourcesLocal StoriesCommunitySaveWeekly AdDeals of the MonthMember-only EventsDigital CouponsShopDietOrganicGluten-freePlant-BasedKetoPaleoNon-GMOCategoriesProduceDeli & Prepared FoodsBakeryBulkDairyMeat & SeafoodGrocery
						AislesFrozenVitamins &
						Body CareBeer & WineDiscover MoreCateringBuy
					It AgainSprouts BrandsNew ItemsExclusivesPrepared Foods",,,,,405-341-5727,Sprouts,,,,,,,,,,,
Moore,,"ExploreRecipesArticles & ResourcesLocal StoriesCommunitySaveWeekly AdDeals of the MonthMember-only EventsDigital CouponsShopDietOrganicGluten-freePlant-BasedKetoPaleoNon-GMOCategoriesProduceDeli & Prepared FoodsBakeryBulkDairyMeat & SeafoodGrocery
						AislesFrozenVitamins &
						Body CareBeer & WineDiscover MoreCateringBuy
					It AgainSprouts BrandsNew ItemsExclusivesPrepared Foods",,,,,405-416-7650,Sprouts,,,,,,,,,,,
Norman,,"ExploreRecipesArticles & ResourcesLocal StoriesCommunitySaveWeekly AdDeals of the MonthMember-only EventsDigital CouponsShopDietOrganicGluten-freePlant-BasedKetoPaleoNon-GMOCategoriesProduceDeli & Prepared FoodsBakeryBulkDairyMeat & SeafoodGrocery
						AislesFrozenVitamins &
						Body CareBeer & WineDiscover MoreCateringBuy
					It AgainSprouts BrandsNew ItemsExclusivesPrepared Foods",,,,,405-217-4601,Sprouts,,,,,,,,,,,
NW Oklahoma City,,"ExploreRecipesArticles & ResourcesLocal StoriesCommunitySaveWeekly AdDeals of the MonthMember-only EventsDigital CouponsShopDietOrganicGluten-freePlant-BasedKetoPaleoNon-GMOCategoriesProduceDeli & Prepared FoodsBakeryBulkDairyMeat & SeafoodGrocery
						AislesFrozenVitamins &
						Body CareBeer & WineDiscover MoreCateringBuy
					It AgainSprouts BrandsNew ItemsExclusivesPrepared Foods",,,,,405-384-7577,Sprouts,,,,,,,,,,,
Oklahoma City,,"ExploreRecipesArticles & ResourcesLocal StoriesCommunitySaveWeekly AdDeals of the MonthMember-only EventsDigital CouponsShopDietOrganicGluten-freePlant-BasedKetoPaleoNon-GMOCategoriesProduceDeli & Prepared FoodsBakeryBulkDairyMeat & SeafoodGrocery
						AislesFrozenVitamins &
						Body CareBeer & WineDiscover MoreCateringBuy
					It AgainSprouts BrandsNew ItemsExclusivesPrepared Foods",,,,,405-879-9989,Sprouts,,,,,,,,,,,
Owasso,,"ExploreRecipesArticles & ResourcesLocal StoriesCommunitySaveWeekly AdDeals of the MonthMember-only EventsDigital CouponsShopDietOrganicGluten-freePlant-BasedKetoPaleoNon-GMOCategoriesProduceDeli & Prepared FoodsBakeryBulkDairyMeat & SeafoodGrocery
						AislesFrozenVitamins &
						Body CareBeer & WineDiscover MoreCateringBuy
					It AgainSprouts BrandsNew ItemsExclusivesPrepared Foods",,,,,918-516-6656,Sprouts,,,,,,,,,,,
Stillwater,,"ExploreRecipesArticles & ResourcesLocal StoriesCommunitySaveWeekly AdDeals of the MonthMember-only EventsDigital CouponsShopDietOrganicGluten-freePlant-BasedKetoPaleoNon-GMOCategoriesProduceDeli & Prepared FoodsBakeryBulkDairyMeat & SeafoodGrocery
						AislesFrozenVitamins &
						Body CareBeer & WineDiscover MoreCateringBuy
					It AgainSprouts BrandsNew ItemsExclusivesPrepared Foods",,,,,405-571-3153,Sprouts,,,,,,,,,,,
Bixby,,"ExploreRecipesArticles & ResourcesLocal StoriesCommunitySaveWeekly AdDeals of the MonthMember-only EventsDigital CouponsShopDietOrganicGluten-freePlant-BasedKetoPaleoNon-GMOCategoriesProduceDeli & Prepared FoodsBakeryBulkDairyMeat & SeafoodGrocery
						AislesFrozenVitamins &
						Body CareBeer & WineDiscover MoreCateringBuy
					It AgainSprouts BrandsNew ItemsExclusivesPrepared Foods",,,,,918-364-7272,Sprouts,,,,,,,,,,,
Tulsa,,"ExploreRecipesArticles & ResourcesLocal StoriesCommunitySaveWeekly AdDeals of the MonthMember-only EventsDigital CouponsShopDietOrganicGluten-freePlant-BasedKetoPaleoNon-GMOCategoriesProduceDeli & Prepared FoodsBakeryBulkDairyMeat & SeafoodGrocery
						AislesFrozenVitamins &
						Body CareBeer & WineDiscover MoreCateringBuy
					It AgainSprouts BrandsNew ItemsExclusivesPrepared Foods",,,,,918-858-8850,Sprouts,,,,,,,,,,,
Yukon,,"ExploreRecipesArticles & ResourcesLocal StoriesCommunitySaveWeekly AdDeals of the MonthMember-only EventsDigital CouponsShopDietOrganicGluten-freePlant-BasedKetoPaleoNon-GMOCategoriesProduceDeli & Prepared FoodsBakeryBulkDairyMeat & SeafoodGrocery
						AislesFrozenVitamins &
						Body CareBeer & WineDiscover MoreCateringBuy
					It AgainSprouts BrandsNew ItemsExclusivesPrepared Foods",,,,,405-494-3054,Sprouts,,,,,,,,,,,
Upper Dublin,,"ExploreRecipesArticles & ResourcesLocal StoriesCommunitySaveWeekly AdDeals of the MonthMember-only EventsDigital CouponsShopDietOrganicGluten-freePlant-BasedKetoPaleoNon-GMOCategoriesProduceDeli & Prepared FoodsBakeryBulkDairyMeat & SeafoodGrocery
						AislesFrozenVitamins &
						Body CareBeer & WineDiscover MoreCateringBuy
					It AgainSprouts BrandsNew ItemsExclusivesPrepared Foods",,,,,267-715-0602,Sprouts,,,,,,,,,,,
Montgomeryville,,"ExploreRecipesArticles & ResourcesLocal StoriesCommunitySaveWeekly AdDeals of the MonthMember-only EventsDigital CouponsShopDietOrganicGluten-freePlant-BasedKetoPaleoNon-GMOCategoriesProduceDeli & Prepared FoodsBakeryBulkDairyMeat & SeafoodGrocery
						AislesFrozenVitamins &
						Body CareBeer & WineDiscover MoreCateringBuy
					It AgainSprouts BrandsNew ItemsExclusivesPrepared Foods",,,,,267-903-8382,Sprouts,,,,,,,,,,,
Philadelphia-Roosevelt Mall,,"ExploreRecipesArticles & ResourcesLocal StoriesCommunitySaveWeekly AdDeals of the MonthMember-only EventsDigital CouponsShopDietOrganicGluten-freePlant-BasedKetoPaleoNon-GMOCategoriesProduceDeli & Prepared FoodsBakeryBulkDairyMeat & SeafoodGrocery
						AislesFrozenVitamins &
						Body CareBeer & WineDiscover MoreCateringBuy
					It AgainSprouts BrandsNew ItemsExclusivesPrepared Foods",,,,,267-691-0076,Sprouts,,,,,,,,,,,
Philadelphia-Oregon Ave.,,"ExploreRecipesArticles & ResourcesLocal StoriesCommunitySaveWeekly AdDeals of the MonthMember-only EventsDigital CouponsShopDietOrganicGluten-freePlant-BasedKetoPaleoNon-GMOCategoriesProduceDeli & Prepared FoodsBakeryBulkDairyMeat & SeafoodGrocery
						AislesFrozenVitamins &
						Body CareBeer & WineDiscover MoreCateringBuy
					It AgainSprouts BrandsNew ItemsExclusivesPrepared Foods",,,,,267-539-9365,Sprouts,,,,,,,,,,,
Philadelphia,,"ExploreRecipesArticles & ResourcesLocal StoriesCommunitySaveWeekly AdDeals of the MonthMember-only EventsDigital CouponsShopDietOrganicGluten-freePlant-BasedKetoPaleoNon-GMOCategoriesProduceDeli & Prepared FoodsBakeryBulkDairyMeat & SeafoodGrocery
						AislesFrozenVitamins &
						Body CareBeer & WineDiscover MoreCateringBuy
					It AgainSprouts BrandsNew ItemsExclusivesPrepared Foods",,,,,215-606-2400,Sprouts,,,,,,,,,,,
Rivermark Northern Liberties,,"ExploreRecipesArticles & ResourcesLocal StoriesCommunitySaveWeekly AdDeals of the MonthMember-only EventsDigital CouponsShopDietOrganicGluten-freePlant-BasedKetoPaleoNon-GMOCategoriesProduceDeli & Prepared FoodsBakeryBulkDairyMeat & SeafoodGrocery
						AislesFrozenVitamins &
						Body CareBeer & WineDiscover MoreCateringBuy
					It AgainSprouts BrandsNew ItemsExclusivesPrepared Foods",,,,,445-308-5839,Sprouts,,,,,,,,,,,
York,,"ExploreRecipesArticles & ResourcesLocal StoriesCommunitySaveWeekly AdDeals of the MonthMember-only EventsDigital CouponsShopDietOrganicGluten-freePlant-BasedKetoPaleoNon-GMOCategoriesProduceDeli & Prepared FoodsBakeryBulkDairyMeat & SeafoodGrocery
						AislesFrozenVitamins &
						Body CareBeer & WineDiscover MoreCateringBuy
					It AgainSprouts BrandsNew ItemsExclusivesPrepared Foods",,,,,717-415-3871,Sprouts,,,,,,,,,,,
Greenville,,"ExploreRecipesArticles & ResourcesLocal StoriesCommunitySaveWeekly AdDeals of the MonthMember-only EventsDigital CouponsShopDietOrganicGluten-freePlant-BasedKetoPaleoNon-GMOCategoriesProduceDeli & Prepared FoodsBakeryBulkDairyMeat & SeafoodGrocery
						AislesFrozenVitamins &
						Body CareBeer & WineDiscover MoreCateringBuy
					It AgainSprouts BrandsNew ItemsExclusivesPrepared Foods",,,,,864-914-3148,Sprouts,,,,,,,,,,,
Simpsonville,,"ExploreRecipesArticles & ResourcesLocal StoriesCommunitySaveWeekly AdDeals of the MonthMember-only EventsDigital CouponsShopDietOrganicGluten-freePlant-BasedKetoPaleoNon-GMOCategoriesProduceDeli & Prepared FoodsBakeryBulkDairyMeat & SeafoodGrocery
						AislesFrozenVitamins &
						Body CareBeer & WineDiscover MoreCateringBuy
					It AgainSprouts BrandsNew ItemsExclusivesPrepared Foods",,,,,864-757-3240,Sprouts,,,,,,,,,,,
Franklin,,"ExploreRecipesArticles & ResourcesLocal StoriesCommunitySaveWeekly AdDeals of the MonthMember-only EventsDigital CouponsShopDietOrganicGluten-freePlant-BasedKetoPaleoNon-GMOCategoriesProduceDeli & Prepared FoodsBakeryBulkDairyMeat & SeafoodGrocery
						AislesFrozenVitamins &
						Body CareBeer & WineDiscover MoreCateringBuy
					It AgainSprouts BrandsNew ItemsExclusivesPrepared Foods",,,,,615-567-0191,Sprouts,,,,,,,,,,,
Germantown,,"ExploreRecipesArticles & ResourcesLocal StoriesCommunitySaveWeekly AdDeals of the MonthMember-only EventsDigital CouponsShopDietOrganicGluten-freePlant-BasedKetoPaleoNon-GMOCategoriesProduceDeli & Prepared FoodsBakeryBulkDairyMeat & SeafoodGrocery
						AislesFrozenVitamins &
						Body CareBeer & WineDiscover MoreCateringBuy
					It AgainSprouts BrandsNew ItemsExclusivesPrepared Foods",,,,,901-259-7020,Sprouts,,,,,,,,,,,
Knoxville,,"ExploreRecipesArticles & ResourcesLocal StoriesCommunitySaveWeekly AdDeals of the MonthMember-only EventsDigital CouponsShopDietOrganicGluten-freePlant-BasedKetoPaleoNon-GMOCategoriesProduceDeli & Prepared FoodsBakeryBulkDairyMeat & SeafoodGrocery
						AislesFrozenVitamins &
						Body CareBeer & WineDiscover MoreCateringBuy
					It AgainSprouts BrandsNew ItemsExclusivesPrepared Foods",,,,,865-489-0144,Sprouts,,,,,,,,,,,
Lakeland,,"ExploreRecipesArticles & ResourcesLocal StoriesCommunitySaveWeekly AdDeals of the MonthMember-only EventsDigital CouponsShopDietOrganicGluten-freePlant-BasedKetoPaleoNon-GMOCategoriesProduceDeli & Prepared FoodsBakeryBulkDairyMeat & SeafoodGrocery
						AislesFrozenVitamins &
						Body CareBeer & WineDiscover MoreCateringBuy
					It AgainSprouts BrandsNew ItemsExclusivesPrepared Foods",,,,,901-259-3450,Sprouts,,,,,,,,,,,
Madison,,"ExploreRecipesArticles & ResourcesLocal StoriesCommunitySaveWeekly AdDeals of the MonthMember-only EventsDigital CouponsShopDietOrganicGluten-freePlant-BasedKetoPaleoNon-GMOCategoriesProduceDeli & Prepared FoodsBakeryBulkDairyMeat & SeafoodGrocery
						AislesFrozenVitamins &
						Body CareBeer & WineDiscover MoreCateringBuy
					It AgainSprouts BrandsNew ItemsExclusivesPrepared Foods",,,,,615-559-1941,Sprouts,,,,,,,,,,,
East Memphis,,"ExploreRecipesArticles & ResourcesLocal StoriesCommunitySaveWeekly AdDeals of the MonthMember-only EventsDigital CouponsShopDietOrganicGluten-freePlant-BasedKetoPaleoNon-GMOCategoriesProduceDeli & Prepared FoodsBakeryBulkDairyMeat & SeafoodGrocery
						AislesFrozenVitamins &
						Body CareBeer & WineDiscover MoreCateringBuy
					It AgainSprouts BrandsNew ItemsExclusivesPrepared Foods",,,,,901-620-4405,Sprouts,,,,,,,,,,,
Mt. Juliet,,"ExploreRecipesArticles & ResourcesLocal StoriesCommunitySaveWeekly AdDeals of the MonthMember-only EventsDigital CouponsShopDietOrganicGluten-freePlant-BasedKetoPaleoNon-GMOCategoriesProduceDeli & Prepared FoodsBakeryBulkDairyMeat & SeafoodGrocery
						AislesFrozenVitamins &
						Body CareBeer & WineDiscover MoreCateringBuy
					It AgainSprouts BrandsNew ItemsExclusivesPrepared Foods",,,,,,Sprouts,,,,,,,,,,,
Murfreesboro,,"ExploreRecipesArticles & ResourcesLocal StoriesCommunitySaveWeekly AdDeals of the MonthMember-only EventsDigital CouponsShopDietOrganicGluten-freePlant-BasedKetoPaleoNon-GMOCategoriesProduceDeli & Prepared FoodsBakeryBulkDairyMeat & SeafoodGrocery
						AislesFrozenVitamins &
						Body CareBeer & WineDiscover MoreCateringBuy
					It AgainSprouts BrandsNew ItemsExclusivesPrepared Foods",,,,,615-486-6081,Sprouts,,,,,,,,,,,
Nashville-Nolensville,,"ExploreRecipesArticles & ResourcesLocal StoriesCommunitySaveWeekly AdDeals of the MonthMember-only EventsDigital CouponsShopDietOrganicGluten-freePlant-BasedKetoPaleoNon-GMOCategoriesProduceDeli & Prepared FoodsBakeryBulkDairyMeat & SeafoodGrocery
						AislesFrozenVitamins &
						Body CareBeer & WineDiscover MoreCateringBuy
					It AgainSprouts BrandsNew ItemsExclusivesPrepared Foods",,,,,629-736-3268,Sprouts,,,,,,,,,,,
Bellevue,,"ExploreRecipesArticles & ResourcesLocal StoriesCommunitySaveWeekly AdDeals of the MonthMember-only EventsDigital CouponsShopDietOrganicGluten-freePlant-BasedKetoPaleoNon-GMOCategoriesProduceDeli & Prepared FoodsBakeryBulkDairyMeat & SeafoodGrocery
						AislesFrozenVitamins &
						Body CareBeer & WineDiscover MoreCateringBuy
					It AgainSprouts BrandsNew ItemsExclusivesPrepared Foods",,,,,615-209-7940,Sprouts,,,,,,,,,,,
Allen,,"ExploreRecipesArticles & ResourcesLocal StoriesCommunitySaveWeekly AdDeals of the MonthMember-only EventsDigital CouponsShopDietOrganicGluten-freePlant-BasedKetoPaleoNon-GMOCategoriesProduceDeli & Prepared FoodsBakeryBulkDairyMeat & SeafoodGrocery
						AislesFrozenVitamins &
						Body CareBeer & WineDiscover MoreCateringBuy
					It AgainSprouts BrandsNew ItemsExclusivesPrepared Foods",,,,,972-521-0057,Sprouts,,,,,,,,,,,
Arlington,,"ExploreRecipesArticles & ResourcesLocal StoriesCommunitySaveWeekly AdDeals of the MonthMember-only EventsDigital CouponsShopDietOrganicGluten-freePlant-BasedKetoPaleoNon-GMOCategoriesProduceDeli & Prepared FoodsBakeryBulkDairyMeat & SeafoodGrocery
						AislesFrozenVitamins &
						Body CareBeer & WineDiscover MoreCateringBuy
					It AgainSprouts BrandsNew ItemsExclusivesPrepared Foods",,,,,682-587-0086,Sprouts,,,,,,,,,,,
Austin – Great Hills,,"ExploreRecipesArticles & ResourcesLocal StoriesCommunitySaveWeekly AdDeals of the MonthMember-only EventsDigital CouponsShopDietOrganicGluten-freePlant-BasedKetoPaleoNon-GMOCategoriesProduceDeli & Prepared FoodsBakeryBulkDairyMeat & SeafoodGrocery
						AislesFrozenVitamins &
						Body CareBeer & WineDiscover MoreCateringBuy
					It AgainSprouts BrandsNew ItemsExclusivesPrepared Foods",,,,,512-225-9101,Sprouts,,,,,,,,,,,
Austin – Manchaca Rd.,,"ExploreRecipesArticles & ResourcesLocal StoriesCommunitySaveWeekly AdDeals of the MonthMember-only EventsDigital CouponsShopDietOrganicGluten-freePlant-BasedKetoPaleoNon-GMOCategoriesProduceDeli & Prepared FoodsBakeryBulkDairyMeat & SeafoodGrocery
						AislesFrozenVitamins &
						Body CareBeer & WineDiscover MoreCateringBuy
					It AgainSprouts BrandsNew ItemsExclusivesPrepared Foods",,,,,512-687-2204,Sprouts,,,,,,,,,,,
Austin – South Lamar Blvd.,,"ExploreRecipesArticles & ResourcesLocal StoriesCommunitySaveWeekly AdDeals of the MonthMember-only EventsDigital CouponsShopDietOrganicGluten-freePlant-BasedKetoPaleoNon-GMOCategoriesProduceDeli & Prepared FoodsBakeryBulkDairyMeat & SeafoodGrocery
						AislesFrozenVitamins &
						Body CareBeer & WineDiscover MoreCateringBuy
					It AgainSprouts BrandsNew ItemsExclusivesPrepared Foods",,,,,512-444-3079,Sprouts,,,,,,,,,,,
Bastrop,,"ExploreRecipesArticles & ResourcesLocal StoriesCommunitySaveWeekly AdDeals of the MonthMember-only EventsDigital CouponsShopDietOrganicGluten-freePlant-BasedKetoPaleoNon-GMOCategoriesProduceDeli & Prepared FoodsBakeryBulkDairyMeat & SeafoodGrocery
						AislesFrozenVitamins &
						Body CareBeer & WineDiscover MoreCateringBuy
					It AgainSprouts BrandsNew ItemsExclusivesPrepared Foods",,,,,737-355-8344,Sprouts,,,,,,,,,,,
Burleson,,"ExploreRecipesArticles & ResourcesLocal StoriesCommunitySaveWeekly AdDeals of the MonthMember-only EventsDigital CouponsShopDietOrganicGluten-freePlant-BasedKetoPaleoNon-GMOCategoriesProduceDeli & Prepared FoodsBakeryBulkDairyMeat & SeafoodGrocery
						AislesFrozenVitamins &
						Body CareBeer & WineDiscover MoreCateringBuy
					It AgainSprouts BrandsNew ItemsExclusivesPrepared Foods",,,,,817-971-0024,Sprouts,,,,,,,,,,,
Carrollton,,"ExploreRecipesArticles & ResourcesLocal StoriesCommunitySaveWeekly AdDeals of the MonthMember-only EventsDigital CouponsShopDietOrganicGluten-freePlant-BasedKetoPaleoNon-GMOCategoriesProduceDeli & Prepared FoodsBakeryBulkDairyMeat & SeafoodGrocery
						AislesFrozenVitamins &
						Body CareBeer & WineDiscover MoreCateringBuy
					It AgainSprouts BrandsNew ItemsExclusivesPrepared Foods",,,,,972-428-5785,Sprouts,,,,,,,,,,,
Cedar Hill,,"ExploreRecipesArticles & ResourcesLocal StoriesCommunitySaveWeekly AdDeals of the MonthMember-only EventsDigital CouponsShopDietOrganicGluten-freePlant-BasedKetoPaleoNon-GMOCategoriesProduceDeli & Prepared FoodsBakeryBulkDairyMeat & SeafoodGrocery
						AislesFrozenVitamins &
						Body CareBeer & WineDiscover MoreCateringBuy
					It AgainSprouts BrandsNew ItemsExclusivesPrepared Foods",,,,,972-637-5108,Sprouts,,,,,,,,,,,
Cedar Park,,"ExploreRecipesArticles & ResourcesLocal StoriesCommunitySaveWeekly AdDeals of the MonthMember-only EventsDigital CouponsShopDietOrganicGluten-freePlant-BasedKetoPaleoNon-GMOCategoriesProduceDeli & Prepared FoodsBakeryBulkDairyMeat & SeafoodGrocery
						AislesFrozenVitamins &
						Body CareBeer & WineDiscover MoreCateringBuy
					It AgainSprouts BrandsNew ItemsExclusivesPrepared Foods",,,,,512-279-8312,Sprouts,,,,,,,,,,,
Coppell,,"ExploreRecipesArticles & ResourcesLocal StoriesCommunitySaveWeekly AdDeals of the MonthMember-only EventsDigital CouponsShopDietOrganicGluten-freePlant-BasedKetoPaleoNon-GMOCategoriesProduceDeli & Prepared FoodsBakeryBulkDairyMeat & SeafoodGrocery
						AislesFrozenVitamins &
						Body CareBeer & WineDiscover MoreCateringBuy
					It AgainSprouts BrandsNew ItemsExclusivesPrepared Foods",,,,,972-350-8051,Sprouts,,,,,,,,,,,
Corpus Christi,,"ExploreRecipesArticles & ResourcesLocal StoriesCommunitySaveWeekly AdDeals of the MonthMember-only EventsDigital CouponsShopDietOrganicGluten-freePlant-BasedKetoPaleoNon-GMOCategoriesProduceDeli & Prepared FoodsBakeryBulkDairyMeat & SeafoodGrocery
						AislesFrozenVitamins &
						Body CareBeer & WineDiscover MoreCateringBuy
					It AgainSprouts BrandsNew ItemsExclusivesPrepared Foods",,,,,361-357-0862,Sprouts,,,,,,,,,,,
Dallas-Hillside,,"ExploreRecipesArticles & ResourcesLocal StoriesCommunitySaveWeekly AdDeals of the MonthMember-only EventsDigital CouponsShopDietOrganicGluten-freePlant-BasedKetoPaleoNon-GMOCategoriesProduceDeli & Prepared FoodsBakeryBulkDairyMeat & SeafoodGrocery
						AislesFrozenVitamins &
						Body CareBeer & WineDiscover MoreCateringBuy
					It AgainSprouts BrandsNew ItemsExclusivesPrepared Foods",,,,,945-219-3141,Sprouts,,,,,,,,,,,
Dallas – Henderson Ave.,,"ExploreRecipesArticles & ResourcesLocal StoriesCommunitySaveWeekly AdDeals of the MonthMember-only EventsDigital CouponsShopDietOrganicGluten-freePlant-BasedKetoPaleoNon-GMOCategoriesProduceDeli & Prepared FoodsBakeryBulkDairyMeat & SeafoodGrocery
						AislesFrozenVitamins &
						Body CareBeer & WineDiscover MoreCateringBuy
					It AgainSprouts BrandsNew ItemsExclusivesPrepared Foods",,,,,214-826-2937,Sprouts,,,,,,,,,,,
Dallas – Marsh Ln.,,"ExploreRecipesArticles & ResourcesLocal StoriesCommunitySaveWeekly AdDeals of the MonthMember-only EventsDigital CouponsShopDietOrganicGluten-freePlant-BasedKetoPaleoNon-GMOCategoriesProduceDeli & Prepared FoodsBakeryBulkDairyMeat & SeafoodGrocery
						AislesFrozenVitamins &
						Body CareBeer & WineDiscover MoreCateringBuy
					It AgainSprouts BrandsNew ItemsExclusivesPrepared Foods",,,,,214-350-0574,Sprouts,,,,,,,,,,,
Lake Highlands,,"ExploreRecipesArticles & ResourcesLocal StoriesCommunitySaveWeekly AdDeals of the MonthMember-only EventsDigital CouponsShopDietOrganicGluten-freePlant-BasedKetoPaleoNon-GMOCategoriesProduceDeli & Prepared FoodsBakeryBulkDairyMeat & SeafoodGrocery
						AislesFrozenVitamins &
						Body CareBeer & WineDiscover MoreCateringBuy
					It AgainSprouts BrandsNew ItemsExclusivesPrepared Foods",,,,,469-210-8166,Sprouts,,,,,,,,,,,
Kessler Park,,"ExploreRecipesArticles & ResourcesLocal StoriesCommunitySaveWeekly AdDeals of the MonthMember-only EventsDigital CouponsShopDietOrganicGluten-freePlant-BasedKetoPaleoNon-GMOCategoriesProduceDeli & Prepared FoodsBakeryBulkDairyMeat & SeafoodGrocery
						AislesFrozenVitamins &
						Body CareBeer & WineDiscover MoreCateringBuy
					It AgainSprouts BrandsNew ItemsExclusivesPrepared Foods",,,,,214-884-6490,Sprouts,,,,,,,,,,,
Trinity Mills,,"ExploreRecipesArticles & ResourcesLocal StoriesCommunitySaveWeekly AdDeals of the MonthMember-only EventsDigital CouponsShopDietOrganicGluten-freePlant-BasedKetoPaleoNon-GMOCategoriesProduceDeli & Prepared FoodsBakeryBulkDairyMeat & SeafoodGrocery
						AislesFrozenVitamins &
						Body CareBeer & WineDiscover MoreCateringBuy
					It AgainSprouts BrandsNew ItemsExclusivesPrepared Foods",,,,,469-865-1876,Sprouts,,,,,,,,,,,
Denton,,"ExploreRecipesArticles & ResourcesLocal StoriesCommunitySaveWeekly AdDeals of the MonthMember-only EventsDigital CouponsShopDietOrganicGluten-freePlant-BasedKetoPaleoNon-GMOCategoriesProduceDeli & Prepared FoodsBakeryBulkDairyMeat & SeafoodGrocery
						AislesFrozenVitamins &
						Body CareBeer & WineDiscover MoreCateringBuy
					It AgainSprouts BrandsNew ItemsExclusivesPrepared Foods",,,,,940-999-2263,Sprouts,,,,,,,,,,,
El Paso – Gateway,,"ExploreRecipesArticles & ResourcesLocal StoriesCommunitySaveWeekly AdDeals of the MonthMember-only EventsDigital CouponsShopDietOrganicGluten-freePlant-BasedKetoPaleoNon-GMOCategoriesProduceDeli & Prepared FoodsBakeryBulkDairyMeat & SeafoodGrocery
						AislesFrozenVitamins &
						Body CareBeer & WineDiscover MoreCateringBuy
					It AgainSprouts BrandsNew ItemsExclusivesPrepared Foods",,,,,915-444-3585,Sprouts,,,,,,,,,,,
El Paso – Zaragoza Rd.,,"ExploreRecipesArticles & ResourcesLocal StoriesCommunitySaveWeekly AdDeals of the MonthMember-only EventsDigital CouponsShopDietOrganicGluten-freePlant-BasedKetoPaleoNon-GMOCategoriesProduceDeli & Prepared FoodsBakeryBulkDairyMeat & SeafoodGrocery
						AislesFrozenVitamins &
						Body CareBeer & WineDiscover MoreCateringBuy
					It AgainSprouts BrandsNew ItemsExclusivesPrepared Foods",,,,,915-218-2954,Sprouts,,,,,,,,,,,
El Paso,,"ExploreRecipesArticles & ResourcesLocal StoriesCommunitySaveWeekly AdDeals of the MonthMember-only EventsDigital CouponsShopDietOrganicGluten-freePlant-BasedKetoPaleoNon-GMOCategoriesProduceDeli & Prepared FoodsBakeryBulkDairyMeat & SeafoodGrocery
						AislesFrozenVitamins &
						Body CareBeer & WineDiscover MoreCateringBuy
					It AgainSprouts BrandsNew ItemsExclusivesPrepared Foods",,,,,915-833-3380,Sprouts,,,,,,,,,,,
Flower Mound,,"ExploreRecipesArticles & ResourcesLocal StoriesCommunitySaveWeekly AdDeals of the MonthMember-only EventsDigital CouponsShopDietOrganicGluten-freePlant-BasedKetoPaleoNon-GMOCategoriesProduceDeli & Prepared FoodsBakeryBulkDairyMeat & SeafoodGrocery
						AislesFrozenVitamins &
						Body CareBeer & WineDiscover MoreCateringBuy
					It AgainSprouts BrandsNew ItemsExclusivesPrepared Foods",,,,,972-874-7380,Sprouts,,,,,,,,,,,
North Fort Worth-W. Bailey Boswell Rd.,,"ExploreRecipesArticles & ResourcesLocal StoriesCommunitySaveWeekly AdDeals of the MonthMember-only EventsDigital CouponsShopDietOrganicGluten-freePlant-BasedKetoPaleoNon-GMOCategoriesProduceDeli & Prepared FoodsBakeryBulkDairyMeat & SeafoodGrocery
						AislesFrozenVitamins &
						Body CareBeer & WineDiscover MoreCateringBuy
					It AgainSprouts BrandsNew ItemsExclusivesPrepared Foods",,,,,682-432-7579,Sprouts,,,,,,,,,,,
Fort Worth – Camp Bowie,,"ExploreRecipesArticles & ResourcesLocal StoriesCommunitySaveWeekly AdDeals of the MonthMember-only EventsDigital CouponsShopDietOrganicGluten-freePlant-BasedKetoPaleoNon-GMOCategoriesProduceDeli & Prepared FoodsBakeryBulkDairyMeat & SeafoodGrocery
						AislesFrozenVitamins &
						Body CareBeer & WineDiscover MoreCateringBuy
					It AgainSprouts BrandsNew ItemsExclusivesPrepared Foods",,,,,682-747-5456,Sprouts,,,,,,,,,,,
Fort Worth,,"ExploreRecipesArticles & ResourcesLocal StoriesCommunitySaveWeekly AdDeals of the MonthMember-only EventsDigital CouponsShopDietOrganicGluten-freePlant-BasedKetoPaleoNon-GMOCategoriesProduceDeli & Prepared FoodsBakeryBulkDairyMeat & SeafoodGrocery
						AislesFrozenVitamins &
						Body CareBeer & WineDiscover MoreCateringBuy
					It AgainSprouts BrandsNew ItemsExclusivesPrepared Foods",,,,,682-747-5790,Sprouts,,,,,,,,,,,
Frisco – Eldorado Pkwy.,,"ExploreRecipesArticles & ResourcesLocal StoriesCommunitySaveWeekly AdDeals of the MonthMember-only EventsDigital CouponsShopDietOrganicGluten-freePlant-BasedKetoPaleoNon-GMOCategoriesProduceDeli & Prepared FoodsBakeryBulkDairyMeat & SeafoodGrocery
						AislesFrozenVitamins &
						Body CareBeer & WineDiscover MoreCateringBuy
					It AgainSprouts BrandsNew ItemsExclusivesPrepared Foods",,,,,469-731-7261,Sprouts,,,,,,,,,,,
Frisco,,"ExploreRecipesArticles & ResourcesLocal StoriesCommunitySaveWeekly AdDeals of the MonthMember-only EventsDigital CouponsShopDietOrganicGluten-freePlant-BasedKetoPaleoNon-GMOCategoriesProduceDeli & Prepared FoodsBakeryBulkDairyMeat & SeafoodGrocery
						AislesFrozenVitamins &
						Body CareBeer & WineDiscover MoreCateringBuy
					It AgainSprouts BrandsNew ItemsExclusivesPrepared Foods",,,,,972-464-5776,Sprouts,,,,,,,,,,,
Georgetown-Wildwood Dr.,,"ExploreRecipesArticles & ResourcesLocal StoriesCommunitySaveWeekly AdDeals of the MonthMember-only EventsDigital CouponsShopDietOrganicGluten-freePlant-BasedKetoPaleoNon-GMOCategoriesProduceDeli & Prepared FoodsBakeryBulkDairyMeat & SeafoodGrocery
						AislesFrozenVitamins &
						Body CareBeer & WineDiscover MoreCateringBuy
					It AgainSprouts BrandsNew ItemsExclusivesPrepared Foods",,,,,512-882-7493,Sprouts,,,,,,,,,,,
Grand Prairie,,"ExploreRecipesArticles & ResourcesLocal StoriesCommunitySaveWeekly AdDeals of the MonthMember-only EventsDigital CouponsShopDietOrganicGluten-freePlant-BasedKetoPaleoNon-GMOCategoriesProduceDeli & Prepared FoodsBakeryBulkDairyMeat & SeafoodGrocery
						AislesFrozenVitamins &
						Body CareBeer & WineDiscover MoreCateringBuy
					It AgainSprouts BrandsNew ItemsExclusivesPrepared Foods",,,,,469-870-7863,Sprouts,,,,,,,,,,,
Copperfield,,"ExploreRecipesArticles & ResourcesLocal StoriesCommunitySaveWeekly AdDeals of the MonthMember-only EventsDigital CouponsShopDietOrganicGluten-freePlant-BasedKetoPaleoNon-GMOCategoriesProduceDeli & Prepared FoodsBakeryBulkDairyMeat & SeafoodGrocery
						AislesFrozenVitamins &
						Body CareBeer & WineDiscover MoreCateringBuy
					It AgainSprouts BrandsNew ItemsExclusivesPrepared Foods",,,,,832-575-2201,Sprouts,,,,,,,,,,,
Spring Cypress Village,,"ExploreRecipesArticles & ResourcesLocal StoriesCommunitySaveWeekly AdDeals of the MonthMember-only EventsDigital CouponsShopDietOrganicGluten-freePlant-BasedKetoPaleoNon-GMOCategoriesProduceDeli & Prepared FoodsBakeryBulkDairyMeat & SeafoodGrocery
						AislesFrozenVitamins &
						Body CareBeer & WineDiscover MoreCateringBuy
					It AgainSprouts BrandsNew ItemsExclusivesPrepared Foods",,,,,832-698-0004,Sprouts,,,,,,,,,,,
The Heights,,"ExploreRecipesArticles & ResourcesLocal StoriesCommunitySaveWeekly AdDeals of the MonthMember-only EventsDigital CouponsShopDietOrganicGluten-freePlant-BasedKetoPaleoNon-GMOCategoriesProduceDeli & Prepared FoodsBakeryBulkDairyMeat & SeafoodGrocery
						AislesFrozenVitamins &
						Body CareBeer & WineDiscover MoreCateringBuy
					It AgainSprouts BrandsNew ItemsExclusivesPrepared Foods",,,,,713-395-4590,Sprouts,,,,,,,,,,,
Hurst,,"ExploreRecipesArticles & ResourcesLocal StoriesCommunitySaveWeekly AdDeals of the MonthMember-only EventsDigital CouponsShopDietOrganicGluten-freePlant-BasedKetoPaleoNon-GMOCategoriesProduceDeli & Prepared FoodsBakeryBulkDairyMeat & SeafoodGrocery
						AislesFrozenVitamins &
						Body CareBeer & WineDiscover MoreCateringBuy
					It AgainSprouts BrandsNew ItemsExclusivesPrepared Foods",,,,,682-325-5977,Sprouts,,,,,,,,,,,
Las Colinas,,"ExploreRecipesArticles & ResourcesLocal StoriesCommunitySaveWeekly AdDeals of the MonthMember-only EventsDigital CouponsShopDietOrganicGluten-freePlant-BasedKetoPaleoNon-GMOCategoriesProduceDeli & Prepared FoodsBakeryBulkDairyMeat & SeafoodGrocery
						AislesFrozenVitamins &
						Body CareBeer & WineDiscover MoreCateringBuy
					It AgainSprouts BrandsNew ItemsExclusivesPrepared Foods",,,,,972-232-7926,Sprouts,,,,,,,,,,,
Katy,,"ExploreRecipesArticles & ResourcesLocal StoriesCommunitySaveWeekly AdDeals of the MonthMember-only EventsDigital CouponsShopDietOrganicGluten-freePlant-BasedKetoPaleoNon-GMOCategoriesProduceDeli & Prepared FoodsBakeryBulkDairyMeat & SeafoodGrocery
						AislesFrozenVitamins &
						Body CareBeer & WineDiscover MoreCateringBuy
					It AgainSprouts BrandsNew ItemsExclusivesPrepared Foods",,,,,281-769-0444,Sprouts,,,,,,,,,,,
Keller,,"ExploreRecipesArticles & ResourcesLocal StoriesCommunitySaveWeekly AdDeals of the MonthMember-only EventsDigital CouponsShopDietOrganicGluten-freePlant-BasedKetoPaleoNon-GMOCategoriesProduceDeli & Prepared FoodsBakeryBulkDairyMeat & SeafoodGrocery
						AislesFrozenVitamins &
						Body CareBeer & WineDiscover MoreCateringBuy
					It AgainSprouts BrandsNew ItemsExclusivesPrepared Foods",,,,,817-380-7024,Sprouts,,,,,,,,,,,
Kingwood,,"ExploreRecipesArticles & ResourcesLocal StoriesCommunitySaveWeekly AdDeals of the MonthMember-only EventsDigital CouponsShopDietOrganicGluten-freePlant-BasedKetoPaleoNon-GMOCategoriesProduceDeli & Prepared FoodsBakeryBulkDairyMeat & SeafoodGrocery
						AislesFrozenVitamins &
						Body CareBeer & WineDiscover MoreCateringBuy
					It AgainSprouts BrandsNew ItemsExclusivesPrepared Foods",,,,,,Sprouts,,,,,,,,,,,
Kyle,,"ExploreRecipesArticles & ResourcesLocal StoriesCommunitySaveWeekly AdDeals of the MonthMember-only EventsDigital CouponsShopDietOrganicGluten-freePlant-BasedKetoPaleoNon-GMOCategoriesProduceDeli & Prepared FoodsBakeryBulkDairyMeat & SeafoodGrocery
						AislesFrozenVitamins &
						Body CareBeer & WineDiscover MoreCateringBuy
					It AgainSprouts BrandsNew ItemsExclusivesPrepared Foods",,,,,,Sprouts,,,,,,,,,,,
Longview,,"ExploreRecipesArticles & ResourcesLocal StoriesCommunitySaveWeekly AdDeals of the MonthMember-only EventsDigital CouponsShopDietOrganicGluten-freePlant-BasedKetoPaleoNon-GMOCategoriesProduceDeli & Prepared FoodsBakeryBulkDairyMeat & SeafoodGrocery
						AislesFrozenVitamins &
						Body CareBeer & WineDiscover MoreCateringBuy
					It AgainSprouts BrandsNew ItemsExclusivesPrepared Foods",,,,,,Sprouts,,,,,,,,,,,
Lubbock,,"ExploreRecipesArticles & ResourcesLocal StoriesCommunitySaveWeekly AdDeals of the MonthMember-only EventsDigital CouponsShopDietOrganicGluten-freePlant-BasedKetoPaleoNon-GMOCategoriesProduceDeli & Prepared FoodsBakeryBulkDairyMeat & SeafoodGrocery
						AislesFrozenVitamins &
						Body CareBeer & WineDiscover MoreCateringBuy
					It AgainSprouts BrandsNew ItemsExclusivesPrepared Foods",,,,,806-794-4900,Sprouts,,,,,,,,,,,
Mansfield,,"ExploreRecipesArticles & ResourcesLocal StoriesCommunitySaveWeekly AdDeals of the MonthMember-only EventsDigital CouponsShopDietOrganicGluten-freePlant-BasedKetoPaleoNon-GMOCategoriesProduceDeli & Prepared FoodsBakeryBulkDairyMeat & SeafoodGrocery
						AislesFrozenVitamins &
						Body CareBeer & WineDiscover MoreCateringBuy
					It AgainSprouts BrandsNew ItemsExclusivesPrepared Foods",,,,,682-422-0061,Sprouts,,,,,,,,,,,
McAllen,,"ExploreRecipesArticles & ResourcesLocal StoriesCommunitySaveWeekly AdDeals of the MonthMember-only EventsDigital CouponsShopDietOrganicGluten-freePlant-BasedKetoPaleoNon-GMOCategoriesProduceDeli & Prepared FoodsBakeryBulkDairyMeat & SeafoodGrocery
						AislesFrozenVitamins &
						Body CareBeer & WineDiscover MoreCateringBuy
					It AgainSprouts BrandsNew ItemsExclusivesPrepared Foods",,,,,956-331-2123,Sprouts,,,,,,,,,,,
McKinney-Virginia Pkwy & Custer Rd.,,"ExploreRecipesArticles & ResourcesLocal StoriesCommunitySaveWeekly AdDeals of the MonthMember-only EventsDigital CouponsShopDietOrganicGluten-freePlant-BasedKetoPaleoNon-GMOCategoriesProduceDeli & Prepared FoodsBakeryBulkDairyMeat & SeafoodGrocery
						AislesFrozenVitamins &
						Body CareBeer & WineDiscover MoreCateringBuy
					It AgainSprouts BrandsNew ItemsExclusivesPrepared Foods",,,,,469-481-5000,Sprouts,,,,,,,,,,,
Mckinney-Virginia Pkwy. & Central Expy.,,"ExploreRecipesArticles & ResourcesLocal StoriesCommunitySaveWeekly AdDeals of the MonthMember-only EventsDigital CouponsShopDietOrganicGluten-freePlant-BasedKetoPaleoNon-GMOCategoriesProduceDeli & Prepared FoodsBakeryBulkDairyMeat & SeafoodGrocery
						AislesFrozenVitamins &
						Body CareBeer & WineDiscover MoreCateringBuy
					It AgainSprouts BrandsNew ItemsExclusivesPrepared Foods",,,,,430-262-6085,Sprouts,,,,,,,,,,,
Mesquite,,"ExploreRecipesArticles & ResourcesLocal StoriesCommunitySaveWeekly AdDeals of the MonthMember-only EventsDigital CouponsShopDietOrganicGluten-freePlant-BasedKetoPaleoNon-GMOCategoriesProduceDeli & Prepared FoodsBakeryBulkDairyMeat & SeafoodGrocery
						AislesFrozenVitamins &
						Body CareBeer & WineDiscover MoreCateringBuy
					It AgainSprouts BrandsNew ItemsExclusivesPrepared Foods",,,,,469-983-2045,Sprouts,,,,,,,,,,,
Austin-Mueller,,"ExploreRecipesArticles & ResourcesLocal StoriesCommunitySaveWeekly AdDeals of the MonthMember-only EventsDigital CouponsShopDietOrganicGluten-freePlant-BasedKetoPaleoNon-GMOCategoriesProduceDeli & Prepared FoodsBakeryBulkDairyMeat & SeafoodGrocery
						AislesFrozenVitamins &
						Body CareBeer & WineDiscover MoreCateringBuy
					It AgainSprouts BrandsNew ItemsExclusivesPrepared Foods",,,,,737-301-5648,Sprouts,,,,,,,,,,,
Murphy,,"ExploreRecipesArticles & ResourcesLocal StoriesCommunitySaveWeekly AdDeals of the MonthMember-only EventsDigital CouponsShopDietOrganicGluten-freePlant-BasedKetoPaleoNon-GMOCategoriesProduceDeli & Prepared FoodsBakeryBulkDairyMeat & SeafoodGrocery
						AislesFrozenVitamins &
						Body CareBeer & WineDiscover MoreCateringBuy
					It AgainSprouts BrandsNew ItemsExclusivesPrepared Foods",,,,,972-265-4770,Sprouts,,,,,,,,,,,
New Braunfels,,"ExploreRecipesArticles & ResourcesLocal StoriesCommunitySaveWeekly AdDeals of the MonthMember-only EventsDigital CouponsShopDietOrganicGluten-freePlant-BasedKetoPaleoNon-GMOCategoriesProduceDeli & Prepared FoodsBakeryBulkDairyMeat & SeafoodGrocery
						AislesFrozenVitamins &
						Body CareBeer & WineDiscover MoreCateringBuy
					It AgainSprouts BrandsNew ItemsExclusivesPrepared Foods",,,,,830-360-9242,Sprouts,,,,,,,,,,,
Pearland,,"ExploreRecipesArticles & ResourcesLocal StoriesCommunitySaveWeekly AdDeals of the MonthMember-only EventsDigital CouponsShopDietOrganicGluten-freePlant-BasedKetoPaleoNon-GMOCategoriesProduceDeli & Prepared FoodsBakeryBulkDairyMeat & SeafoodGrocery
						AislesFrozenVitamins &
						Body CareBeer & WineDiscover MoreCateringBuy
					It AgainSprouts BrandsNew ItemsExclusivesPrepared Foods",,,,,713-482-3987,Sprouts,,,,,,,,,,,
Plano,,"ExploreRecipesArticles & ResourcesLocal StoriesCommunitySaveWeekly AdDeals of the MonthMember-only EventsDigital CouponsShopDietOrganicGluten-freePlant-BasedKetoPaleoNon-GMOCategoriesProduceDeli & Prepared FoodsBakeryBulkDairyMeat & SeafoodGrocery
						AislesFrozenVitamins &
						Body CareBeer & WineDiscover MoreCateringBuy
					It AgainSprouts BrandsNew ItemsExclusivesPrepared Foods",,,,,972-618-8902,Sprouts,,,,,,,,,,,
Providence Village,,"ExploreRecipesArticles & ResourcesLocal StoriesCommunitySaveWeekly AdDeals of the MonthMember-only EventsDigital CouponsShopDietOrganicGluten-freePlant-BasedKetoPaleoNon-GMOCategoriesProduceDeli & Prepared FoodsBakeryBulkDairyMeat & SeafoodGrocery
						AislesFrozenVitamins &
						Body CareBeer & WineDiscover MoreCateringBuy
					It AgainSprouts BrandsNew ItemsExclusivesPrepared Foods",,,,,940-650-0071,Sprouts,,,,,,,,,,,
Richardson,,"ExploreRecipesArticles & ResourcesLocal StoriesCommunitySaveWeekly AdDeals of the MonthMember-only EventsDigital CouponsShopDietOrganicGluten-freePlant-BasedKetoPaleoNon-GMOCategoriesProduceDeli & Prepared FoodsBakeryBulkDairyMeat & SeafoodGrocery
						AislesFrozenVitamins &
						Body CareBeer & WineDiscover MoreCateringBuy
					It AgainSprouts BrandsNew ItemsExclusivesPrepared Foods",,,,,214-442-5961,Sprouts,,,,,,,,,,,
Richmond,,"ExploreRecipesArticles & ResourcesLocal StoriesCommunitySaveWeekly AdDeals of the MonthMember-only EventsDigital CouponsShopDietOrganicGluten-freePlant-BasedKetoPaleoNon-GMOCategoriesProduceDeli & Prepared FoodsBakeryBulkDairyMeat & SeafoodGrocery
						AislesFrozenVitamins &
						Body CareBeer & WineDiscover MoreCateringBuy
					It AgainSprouts BrandsNew ItemsExclusivesPrepared Foods",,,,,346-658-4382,Sprouts,,,,,,,,,,,
Rockwall,,"ExploreRecipesArticles & ResourcesLocal StoriesCommunitySaveWeekly AdDeals of the MonthMember-only EventsDigital CouponsShopDietOrganicGluten-freePlant-BasedKetoPaleoNon-GMOCategoriesProduceDeli & Prepared FoodsBakeryBulkDairyMeat & SeafoodGrocery
						AislesFrozenVitamins &
						Body CareBeer & WineDiscover MoreCateringBuy
					It AgainSprouts BrandsNew ItemsExclusivesPrepared Foods",,,,,254-269-4011,Sprouts,,,,,,,,,,,
Round Rock,,"ExploreRecipesArticles & ResourcesLocal StoriesCommunitySaveWeekly AdDeals of the MonthMember-only EventsDigital CouponsShopDietOrganicGluten-freePlant-BasedKetoPaleoNon-GMOCategoriesProduceDeli & Prepared FoodsBakeryBulkDairyMeat & SeafoodGrocery
						AislesFrozenVitamins &
						Body CareBeer & WineDiscover MoreCateringBuy
					It AgainSprouts BrandsNew ItemsExclusivesPrepared Foods",,,,,512-334-4684,Sprouts,,,,,,,,,,,
Rowlett,,"ExploreRecipesArticles & ResourcesLocal StoriesCommunitySaveWeekly AdDeals of the MonthMember-only EventsDigital CouponsShopDietOrganicGluten-freePlant-BasedKetoPaleoNon-GMOCategoriesProduceDeli & Prepared FoodsBakeryBulkDairyMeat & SeafoodGrocery
						AislesFrozenVitamins &
						Body CareBeer & WineDiscover MoreCateringBuy
					It AgainSprouts BrandsNew ItemsExclusivesPrepared Foods",,,,,972-265-0386,Sprouts,,,,,,,,,,,
San Antonio – Hwy 151,,"ExploreRecipesArticles & ResourcesLocal StoriesCommunitySaveWeekly AdDeals of the MonthMember-only EventsDigital CouponsShopDietOrganicGluten-freePlant-BasedKetoPaleoNon-GMOCategoriesProduceDeli & Prepared FoodsBakeryBulkDairyMeat & SeafoodGrocery
						AislesFrozenVitamins &
						Body CareBeer & WineDiscover MoreCateringBuy
					It AgainSprouts BrandsNew ItemsExclusivesPrepared Foods",,,,,726-227-8068,Sprouts,,,,,,,,,,,
San Antonio – Bulverde Rd.,,"ExploreRecipesArticles & ResourcesLocal StoriesCommunitySaveWeekly AdDeals of the MonthMember-only EventsDigital CouponsShopDietOrganicGluten-freePlant-BasedKetoPaleoNon-GMOCategoriesProduceDeli & Prepared FoodsBakeryBulkDairyMeat & SeafoodGrocery
						AislesFrozenVitamins &
						Body CareBeer & WineDiscover MoreCateringBuy
					It AgainSprouts BrandsNew ItemsExclusivesPrepared Foods",,,,,210-350-3985,Sprouts,,,,,,,,,,,
San Antonio – Callaghan Rd.,,"ExploreRecipesArticles & ResourcesLocal StoriesCommunitySaveWeekly AdDeals of the MonthMember-only EventsDigital CouponsShopDietOrganicGluten-freePlant-BasedKetoPaleoNon-GMOCategoriesProduceDeli & Prepared FoodsBakeryBulkDairyMeat & SeafoodGrocery
						AislesFrozenVitamins &
						Body CareBeer & WineDiscover MoreCateringBuy
					It AgainSprouts BrandsNew ItemsExclusivesPrepared Foods",,,,,210-979-8121,Sprouts,,,,,,,,,,,
Southlake,,"ExploreRecipesArticles & ResourcesLocal StoriesCommunitySaveWeekly AdDeals of the MonthMember-only EventsDigital CouponsShopDietOrganicGluten-freePlant-BasedKetoPaleoNon-GMOCategoriesProduceDeli & Prepared FoodsBakeryBulkDairyMeat & SeafoodGrocery
						AislesFrozenVitamins &
						Body CareBeer & WineDiscover MoreCateringBuy
					It AgainSprouts BrandsNew ItemsExclusivesPrepared Foods",,,,,682-223-5805,Sprouts,,,,,,,,,,,
Spring,,"ExploreRecipesArticles & ResourcesLocal StoriesCommunitySaveWeekly AdDeals of the MonthMember-only EventsDigital CouponsShopDietOrganicGluten-freePlant-BasedKetoPaleoNon-GMOCategoriesProduceDeli & Prepared FoodsBakeryBulkDairyMeat & SeafoodGrocery
						AislesFrozenVitamins &
						Body CareBeer & WineDiscover MoreCateringBuy
					It AgainSprouts BrandsNew ItemsExclusivesPrepared Foods",,,,,832-764-5424,Sprouts,,,,,,,,,,,
Tyler,,"ExploreRecipesArticles & ResourcesLocal StoriesCommunitySaveWeekly AdDeals of the MonthMember-only EventsDigital CouponsShopDietOrganicGluten-freePlant-BasedKetoPaleoNon-GMOCategoriesProduceDeli & Prepared FoodsBakeryBulkDairyMeat & SeafoodGrocery
						AislesFrozenVitamins &
						Body CareBeer & WineDiscover MoreCateringBuy
					It AgainSprouts BrandsNew ItemsExclusivesPrepared Foods",,,,,903-747-1118,Sprouts,,,,,,,,,,,
Webster-Baybrook,,"ExploreRecipesArticles & ResourcesLocal StoriesCommunitySaveWeekly AdDeals of the MonthMember-only EventsDigital CouponsShopDietOrganicGluten-freePlant-BasedKetoPaleoNon-GMOCategoriesProduceDeli & Prepared FoodsBakeryBulkDairyMeat & SeafoodGrocery
						AislesFrozenVitamins &
						Body CareBeer & WineDiscover MoreCateringBuy
					It AgainSprouts BrandsNew ItemsExclusivesPrepared Foods",,,,,,Sprouts,,,,,,,,,,,
Bountiful,,"ExploreRecipesArticles & ResourcesLocal StoriesCommunitySaveWeekly AdDeals of the MonthMember-only EventsDigital CouponsShopDietOrganicGluten-freePlant-BasedKetoPaleoNon-GMOCategoriesProduceDeli & Prepared FoodsBakeryBulkDairyMeat & SeafoodGrocery
						AislesFrozenVitamins &
						Body CareBeer & WineDiscover MoreCateringBuy
					It AgainSprouts BrandsNew ItemsExclusivesPrepared Foods",,,,,385-243-3247,Sprouts,,,,,,,,,,,
Holladay,,"ExploreRecipesArticles & ResourcesLocal StoriesCommunitySaveWeekly AdDeals of the MonthMember-only EventsDigital CouponsShopDietOrganicGluten-freePlant-BasedKetoPaleoNon-GMOCategoriesProduceDeli & Prepared FoodsBakeryBulkDairyMeat & SeafoodGrocery
						AislesFrozenVitamins &
						Body CareBeer & WineDiscover MoreCateringBuy
					It AgainSprouts BrandsNew ItemsExclusivesPrepared Foods",,,,,385-695-6817,Sprouts,,,,,,,,,,,
Murray,,"ExploreRecipesArticles & ResourcesLocal StoriesCommunitySaveWeekly AdDeals of the MonthMember-only EventsDigital CouponsShopDietOrganicGluten-freePlant-BasedKetoPaleoNon-GMOCategoriesProduceDeli & Prepared FoodsBakeryBulkDairyMeat & SeafoodGrocery
						AislesFrozenVitamins &
						Body CareBeer & WineDiscover MoreCateringBuy
					It AgainSprouts BrandsNew ItemsExclusivesPrepared Foods",,,,,801-266-3566,Sprouts,,,,,,,,,,,
Orem,,"ExploreRecipesArticles & ResourcesLocal StoriesCommunitySaveWeekly AdDeals of the MonthMember-only EventsDigital CouponsShopDietOrganicGluten-freePlant-BasedKetoPaleoNon-GMOCategoriesProduceDeli & Prepared FoodsBakeryBulkDairyMeat & SeafoodGrocery
						AislesFrozenVitamins &
						Body CareBeer & WineDiscover MoreCateringBuy
					It AgainSprouts BrandsNew ItemsExclusivesPrepared Foods",,,,,801-434-1501,Sprouts,,,,,,,,,,,
Salt Lake City,,"ExploreRecipesArticles & ResourcesLocal StoriesCommunitySaveWeekly AdDeals of the MonthMember-only EventsDigital CouponsShopDietOrganicGluten-freePlant-BasedKetoPaleoNon-GMOCategoriesProduceDeli & Prepared FoodsBakeryBulkDairyMeat & SeafoodGrocery
						AislesFrozenVitamins &
						Body CareBeer & WineDiscover MoreCateringBuy
					It AgainSprouts BrandsNew ItemsExclusivesPrepared Foods",,,,,801-364-1602,Sprouts,,,,,,,,,,,
South Jordan,,"ExploreRecipesArticles & ResourcesLocal StoriesCommunitySaveWeekly AdDeals of the MonthMember-only EventsDigital CouponsShopDietOrganicGluten-freePlant-BasedKetoPaleoNon-GMOCategoriesProduceDeli & Prepared FoodsBakeryBulkDairyMeat & SeafoodGrocery
						AislesFrozenVitamins &
						Body CareBeer & WineDiscover MoreCateringBuy
					It AgainSprouts BrandsNew ItemsExclusivesPrepared Foods",,,,,385-695-6809,Sprouts,,,,,,,,,,,
St. George,,"ExploreRecipesArticles & ResourcesLocal StoriesCommunitySaveWeekly AdDeals of the MonthMember-only EventsDigital CouponsShopDietOrganicGluten-freePlant-BasedKetoPaleoNon-GMOCategoriesProduceDeli & Prepared FoodsBakeryBulkDairyMeat & SeafoodGrocery
						AislesFrozenVitamins &
						Body CareBeer & WineDiscover MoreCateringBuy
					It AgainSprouts BrandsNew ItemsExclusivesPrepared Foods",,,,,435-301-0739,Sprouts,,,,,,,,,,,
Haymarket,,"ExploreRecipesArticles & ResourcesLocal StoriesCommunitySaveWeekly AdDeals of the MonthMember-only EventsDigital CouponsShopDietOrganicGluten-freePlant-BasedKetoPaleoNon-GMOCategoriesProduceDeli & Prepared FoodsBakeryBulkDairyMeat & SeafoodGrocery
						AislesFrozenVitamins &
						Body CareBeer & WineDiscover MoreCateringBuy
					It AgainSprouts BrandsNew ItemsExclusivesPrepared Foods",,,,,540-690-6410,Sprouts,,,,,,,,,,,
Herndon,,"ExploreRecipesArticles & ResourcesLocal StoriesCommunitySaveWeekly AdDeals of the MonthMember-only EventsDigital CouponsShopDietOrganicGluten-freePlant-BasedKetoPaleoNon-GMOCategoriesProduceDeli & Prepared FoodsBakeryBulkDairyMeat & SeafoodGrocery
						AislesFrozenVitamins &
						Body CareBeer & WineDiscover MoreCateringBuy
					It AgainSprouts BrandsNew ItemsExclusivesPrepared Foods",,,,,703-480-7930,Sprouts,,,,,,,,,,,
Leesburg,,"ExploreRecipesArticles & ResourcesLocal StoriesCommunitySaveWeekly AdDeals of the MonthMember-only EventsDigital CouponsShopDietOrganicGluten-freePlant-BasedKetoPaleoNon-GMOCategoriesProduceDeli & Prepared FoodsBakeryBulkDairyMeat & SeafoodGrocery
						AislesFrozenVitamins &
						Body CareBeer & WineDiscover MoreCateringBuy
					It AgainSprouts BrandsNew ItemsExclusivesPrepared Foods",,,,,571-617-7904,Sprouts,,,,,,,,,,,
Manassas,,"ExploreRecipesArticles & ResourcesLocal StoriesCommunitySaveWeekly AdDeals of the MonthMember-only EventsDigital CouponsShopDietOrganicGluten-freePlant-BasedKetoPaleoNon-GMOCategoriesProduceDeli & Prepared FoodsBakeryBulkDairyMeat & SeafoodGrocery
						AislesFrozenVitamins &
						Body CareBeer & WineDiscover MoreCateringBuy
					It AgainSprouts BrandsNew ItemsExclusivesPrepared Foods",,,,,571-579-3257,Sprouts,,,,,,,,,,,
Mill Creek,,"ExploreRecipesArticles & ResourcesLocal StoriesCommunitySaveWeekly AdDeals of the MonthMember-only EventsDigital CouponsShopDietOrganicGluten-freePlant-BasedKetoPaleoNon-GMOCategoriesProduceDeli & Prepared FoodsBakeryBulkDairyMeat & SeafoodGrocery
						AislesFrozenVitamins &
						Body CareBeer & WineDiscover MoreCateringBuy
					It AgainSprouts BrandsNew ItemsExclusivesPrepared Foods",,,,,425-332-6670,Sprouts,,,,,,,,,,,
Seattle,,"ExploreRecipesArticles & ResourcesLocal StoriesCommunitySaveWeekly AdDeals of the MonthMember-only EventsDigital CouponsShopDietOrganicGluten-freePlant-BasedKetoPaleoNon-GMOCategoriesProduceDeli & Prepared FoodsBakeryBulkDairyMeat & SeafoodGrocery
						AislesFrozenVitamins &
						Body CareBeer & WineDiscover MoreCateringBuy
					It AgainSprouts BrandsNew ItemsExclusivesPrepared Foods",,,,,206-337-4625,Sprouts,,,,,,,,,,,
Silverdale,,"ExploreRecipesArticles & ResourcesLocal StoriesCommunitySaveWeekly AdDeals of the MonthMember-only EventsDigital CouponsShopDietOrganicGluten-freePlant-BasedKetoPaleoNon-GMOCategoriesProduceDeli & Prepared FoodsBakeryBulkDairyMeat & SeafoodGrocery
						AislesFrozenVitamins &
						Body CareBeer & WineDiscover MoreCateringBuy
					It AgainSprouts BrandsNew ItemsExclusivesPrepared Foods",,,,,360-900-4125,Sprouts,,,,,,,,,,,
Cheyenne,,"ExploreRecipesArticles & ResourcesLocal StoriesCommunitySaveWeekly AdDeals of the MonthMember-only EventsDigital CouponsShopDietOrganicGluten-freePlant-BasedKetoPaleoNon-GMOCategoriesProduceDeli & Prepared FoodsBakeryBulkDairyMeat & SeafoodGrocery
						AislesFrozenVitamins &
						Body CareBeer & WineDiscover MoreCateringBuy
					It AgainSprouts BrandsNew ItemsExclusivesPrepared Foods",,,,,307-317-7820,Sprouts,,,,,,,,,,,
Traderjoes,737,Shopping List,"205 Summit Blvd, Suite 100",Birmingham,AL,35243.0,205-969-7801,Trader Joes,35243,ZCTA5 35243,102163.0,18575.0,39.7,13631.0,5394.0,2370.0,549.0,8313.0,61.0
Traderjoes,838,Shopping List,1769 Montgomery Hwy,Hoover,AL,35244.0,205-202-7715,Trader Joes,35244,ZCTA5 35244,106338.0,36783.0,38.3,25354.0,8245.0,4737.0,705.0,13687.0,54.0
Traderjoes,785,Shopping List,1100 Mid City Dr NW,Huntsville,AL,35806.0,256-890-7156,Trader Joes,35806,ZCTA5 35806,75637.0,27549.0,32.0,18143.0,6170.0,3852.0,332.0,10354.0,57.1
Traderjoes,756,Shopping List,11500 Financial Centre Pky,Little Rock,AR,72211.0,501-954-7659,Trader Joes,72211,ZCTA5 72211,76503.0,23832.0,35.2,16639.0,5125.0,2286.0,845.0,8256.0,49.6
Traderjoes,287,Shopping List,3961 S Arizona Ave,Chandler,AZ,85248.0,520-453-3452,Trader Joes,85248,ZCTA5 85248,87881.0,36305.0,58.8,29407.0,9099.0,4692.0,632.0,14423.0,49.0
Traderjoes,285,Shopping List,1779 E. Williams Field Rd.,Gilbert,AZ,85295.0,480-857-9878,Trader Joes,85295,ZCTA5 85295,113168.0,54556.0,32.2,32082.0,10842.0,3934.0,463.0,15239.0,47.5
Traderjoes,85,Shopping List,8078 W Bell Rd,Glendale,AZ,85308.0,928-397-9921,Trader Joes,85308,ZCTA5 85308,91968.0,63789.0,41.4,45990.0,10434.0,4777.0,706.0,15917.0,34.6
Traderjoes,289,Shopping List,N Bullard Ave & McDowell Rd,Goodyear,AZ,85395.0,480-712-6645,Trader Joes,85395,ZCTA5 85395,105717.0,37313.0,45.4,28036.0,6461.0,3107.0,461.0,10029.0,35.8
Traderjoes,89,Shopping List,2050 E Baseline Rd,Mesa,AZ,85204.0,480-632-0951,Trader Joes,85204,ZCTA5 85204,65836.0,66851.0,33.3,43071.0,6007.0,1925.0,135.0,8067.0,18.7
Traderjoes,96,Shopping List,7912 N Oracle,Oro Valley,AZ,85704.0,520-797-4207,Trader Joes,85704,ZCTA5 85704,73268.0,34590.0,45.3,25587.0,6799.0,3572.0,1111.0,11482.0,44.9
Traderjoes,177,Shopping List,"4025 E Chandler Blvd, Ste 38",Phoenix,AZ,85048.0,480-759-2293,Trader Joes,85048,ZCTA5 85048,115101.0,34008.0,41.5,24111.0,8759.0,4027.0,627.0,13413.0,55.6
Traderjoes,282,Shopping List,4726 East Shea Blvd,Phoenix,AZ,85028.0,602-485-7788,Trader Joes,85028,ZCTA5 85028,112865.0,18174.0,49.9,14001.0,4484.0,2443.0,350.0,7277.0,52.0
Traderjoes,90,Shopping List,4821 N 20th St,Phoenix,AZ,85016.0,602-912-9022,Trader Joes,85016,ZCTA5 85016,80315.0,37025.0,36.8,28268.0,7910.0,3634.0,536.0,12080.0,42.7
Traderjoes,283,Shopping List,252 N Lee Blvd,Prescott,AZ,86303.0,928-443-9075,Trader Joes,86303,ZCTA5 86303,61811.0,19319.0,59.2,15791.0,3483.0,1569.0,416.0,5468.0,34.6
Traderjoes,286,Shopping List,21186 S. Ellsworth Loop Rd,Queen Creek,AZ,85142.0,480-877-7213,Trader Joes,85142,ZCTA5 85142,116587.0,82360.0,35.6,50407.0,12743.0,4573.0,489.0,17805.0,35.3
Traderjoes,87,Shopping List,7555 E Frank Lloyd Wright,Scottsdale,AZ,85260.0,480-367-8920,Trader Joes,85260,ZCTA5 85260,101112.0,38627.0,44.9,29525.0,10671.0,4511.0,1173.0,16355.0,55.4
Traderjoes,94,Shopping List,6202 N Scottsdale Rd,Scottsdale,AZ,85253.0,480-948-9886,Trader Joes,85253,ZCTA5 85253,172857.0,17149.0,53.9,13479.0,4950.0,2041.0,635.0,7626.0,56.6
Traderjoes,92,Shopping List,14095 W Grand Ave,Surprise,AZ,85374.0,623-546-1640,Trader Joes,85374,ZCTA5 85374,76770.0,41814.0,57.9,33167.0,6351.0,2828.0,367.0,9546.0,28.8
Traderjoes,91,Shopping List,940 E. University Drive,Tempe,AZ,85281.0,480-303-9974,Trader Joes,85281,ZCTA5 85281,55572.0,68623.0,25.3,35100.0,10062.0,5157.0,902.0,16121.0,45.9
Traderjoes,93,Shopping List,6460 S McClintock Dr,Tempe,AZ,85283.0,480-838-4142,Trader Joes,85283,ZCTA5 85283,76645.0,45739.0,34.6,31575.0,7934.0,3819.0,1041.0,12794.0,40.5
Traderjoes,191,Shopping List,4209 N Campbell Ave,Tucson,AZ,85719.0,520-325-0069,Trader Joes,85719,ZCTA5 85719,39144.0,48947.0,23.2,21179.0,5140.0,3188.0,939.0,9267.0,43.8
Traderjoes,288,Shopping List,2150 E Broadway Blvd,Tucson,AZ,85719.0,,Trader Joes,85719,ZCTA5 85719,39144.0,48947.0,23.2,21179.0,5140.0,3188.0,939.0,9267.0,43.8
Traderjoes,88,Shopping List,4766 E Grant Rd,Tucson,AZ,85712.0,520-323-4500,Trader Joes,85712,ZCTA5 85712,45254.0,30975.0,42.2,23082.0,4513.0,2390.0,727.0,7630.0,33.1
Traderjoes,95,Shopping List,"1101 N Wilmot Rd, Ste 147",Tucson,AZ,85712.0,520-733-1313,Trader Joes,85712,ZCTA5 85712,45254.0,30975.0,42.2,23082.0,4513.0,2390.0,727.0,7630.0,33.1
Traderjoes,247,Shopping List,28941 Canwood St,Agoura Hills,CA,91301.0,818-865-8217,Trader Joes,91301,ZCTA5 91301,157582.0,25244.0,44.4,17501.0,6939.0,2958.0,671.0,10568.0,60.4
Traderjoes,109,Shopping List,2217 South Shore Ctr,Alameda,CA,94501.0,510-769-5450,Trader Joes,94501,ZCTA5 94501,116596.0,63340.0,40.2,46219.0,15690.0,7670.0,1438.0,24798.0,53.7
Traderjoes,195,Shopping List,26541 Aliso Creek Rd,Aliso Viejo,CA,92656.0,949-643-5531,Trader Joes,92656,ZCTA5 92656,130854.0,53143.0,38.2,36071.0,12959.0,5487.0,815.0,19261.0,53.4
Traderjoes,295,Shopping List,6336 E Santa Ana Canyon Rd,Anaheim Hills,CA,92807.0,,Trader Joes,92807,ZCTA5 92807,133894.0,36117.0,42.6,25831.0,6972.0,3075.0,654.0,10701.0,41.4
Traderjoes,117,Shopping List,955 Rancho Pkwy,Arroyo Grande,CA,93420.0,805-474-6114,Trader Joes,93420,ZCTA5 93420,104314.0,32126.0,45.8,22776.0,6467.0,2039.0,255.0,8761.0,38.5
Traderjoes,14,Shopping List,"8200 Stockdale Hwy, #C21",Bakersfield,CA,93311.0,661-837-8863,Trader Joes,93311,ZCTA5 93311,113616.0,50535.0,32.6,31253.0,7671.0,3276.0,358.0,11305.0,36.2
Traderjoes,186,Shopping List,1885 University Ave,Berkeley,CA,94703.0,510-204-9074,Trader Joes,94703,ZCTA5 94703,99901.0,20404.0,35.4,15127.0,4572.0,3617.0,1333.0,9522.0,62.9
Traderjoes,11,Shopping List,2500 E Imperial Hwy,Brea,CA,92821.0,714-257-1180,Trader Joes,92821,ZCTA5 92821,114444.0,41604.0,39.8,29190.0,8288.0,3855.0,593.0,12736.0,43.6
Traderjoes,201,Shopping List,5451 Lone Tree Way,Brentwood,CA,94513.0,925-516-3044,Trader Joes,94513,ZCTA5 94513,133930.0,67580.0,41.0,44298.0,11479.0,3818.0,533.0,15830.0,35.7
Traderjoes,124,Shopping List,214 E Alameda Ave,Burbank,CA,91502.0,818-848-4299,Trader Joes,91502,ZCTA5 91502,59711.0,12312.0,34.7,9142.0,2380.0,957.0,0.0,3337.0,36.5
Traderjoes,254,Shopping List,23741 Calabasas Rd.,Calabasas,CA,91302.0,818-591-6758,Trader Joes,91302,ZCTA5 91302,172651.0,26318.0,43.7,18245.0,6683.0,2857.0,1010.0,10550.0,57.8
Traderjoes,114,Shopping List,363 Carmen Dr,Camarillo,CA,93010.0,805-388-1925,Trader Joes,93010,ZCTA5 93010,104847.0,47656.0,38.0,32853.0,7957.0,3535.0,816.0,12308.0,37.5
Traderjoes,73,Shopping List,1875 Bascom Ave,Campbell,CA,95008.0,408-369-7823,Trader Joes,95008,ZCTA5 95008,139688.0,48746.0,39.5,35192.0,12195.0,6428.0,1374.0,19997.0,56.8
Traderjoes,64,Shopping List,"3555 Clares St, #D",Capitola,CA,95010.0,831-464-0115,Trader Joes,95010,ZCTA5 95010,91771.0,9243.0,49.7,7300.0,2263.0,932.0,94.0,3289.0,45.1
Traderjoes,220,Shopping List,2629 Gateway Rd,Carlsbad,CA,92009.0,760-603-8473,Trader Joes,92009,ZCTA5 92009,163402.0,46334.0,41.8,31721.0,11748.0,5830.0,998.0,18576.0,58.6
Traderjoes,84,Shopping List,22224 Redwood Road,Castro Valley,CA,94546.0,510-538-2738,Trader Joes,94546,ZCTA5 94546,117808.0,45761.0,42.3,33510.0,8645.0,3733.0,467.0,12845.0,38.3
Traderjoes,118,Shopping List,67720 E Palm Canyon Dr,Cathedral City,CA,92234.0,760-202-0090,Trader Joes,92234,ZCTA5 92234,63209.0,51964.0,40.5,36697.0,5684.0,2391.0,354.0,8429.0,23.0
Traderjoes,104,Shopping List,12861 Towne Center Dr,Cerritos,CA,90703.0,562-402-5148,Trader Joes,90703,ZCTA5 90703,124240.0,49334.0,46.6,36499.0,12759.0,5031.0,912.0,18702.0,51.2
Traderjoes,184,Shopping List,10330 Mason Ave,Chatsworth,CA,91311.0,818-341-3010,Trader Joes,91311,ZCTA5 91311,112172.0,40196.0,42.8,29590.0,8311.0,3011.0,557.0,11879.0,40.1
Traderjoes,199,Shopping List,"801 East Ave, Ste 110",Chico,CA,95926.0,530-343-9920,Trader Joes,95926,ZCTA5 95926,60932.0,42362.0,27.1,22879.0,6116.0,2448.0,763.0,9327.0,40.8
Traderjoes,216,Shopping List,13911 Peyton Drive,Chino Hills,CA,91709.0,909-627-1404,Trader Joes,91709,ZCTA5 91709,117603.0,78341.0,39.4,53904.0,17297.0,6996.0,1118.0,25411.0,47.1
Traderjoes,120,Shopping List,"878 Eastlake Pkwy, Ste 810",Chula Vista,CA,91914.0,619-656-5370,Trader Joes,91914,ZCTA5 91914,162889.0,17373.0,37.5,11573.0,3306.0,1618.0,162.0,5086.0,43.9
Traderjoes,214,Shopping List,475 W Foothill Blvd,Claremont,CA,91711.0,909-625-8784,Trader Joes,91711,ZCTA5 91711,115079.0,37542.0,41.4,25144.0,6948.0,4507.0,1900.0,13355.0,53.1
Traderjoes,180,Shopping List,1077 N Willow Ave,Clovis,CA,93611.0,559-325-3120,Trader Joes,93611,ZCTA5 93611,113672.0,46620.0,38.2,30688.0,7506.0,2671.0,426.0,10603.0,34.6
Traderjoes,60,Shopping List,1150 Concord Ave,Concord,CA,94520.0,925-689-2990,Trader Joes,94520,ZCTA5 94520,77927.0,36699.0,34.7,25495.0,5626.0,1675.0,262.0,7563.0,29.7
Traderjoes,83,Shopping List,785 Oak Grove Rd,Concord,CA,94518.0,925-521-1134,Trader Joes,94518,ZCTA5 94518,111186.0,28287.0,40.2,20628.0,5696.0,2034.0,408.0,8138.0,39.5
Traderjoes,213,Shopping List,2790 Cabot Dr,Corona,CA,92883.0,951-603-0299,Trader Joes,92883,ZCTA5 92883,125423.0,37211.0,39.0,24458.0,5144.0,2318.0,201.0,7663.0,31.3
Traderjoes,290,Shopping List,"2170 Harbor Blvd, Ste 100",Costa Mesa,CA,92627.0,949-208-7420,Trader Joes,92627,ZCTA5 92627,105647.0,62181.0,35.8,43463.0,12513.0,3919.0,456.0,16888.0,38.9
Traderjoes,35,Shopping List,640 W 17th St,Costa Mesa,CA,92627.0,949-642-5134,Trader Joes,92627,ZCTA5 92627,105647.0,62181.0,35.8,43463.0,12513.0,3919.0,456.0,16888.0,38.9
Traderjoes,251,Shopping List,6150 Slauson Ave,Culver City,CA,90230.0,310-313-0441,Trader Joes,90230,ZCTA5 90230,107870.0,32005.0,40.8,23798.0,7402.0,4097.0,955.0,12454.0,52.3
Traderjoes,36,Shopping List,9290 Culver Blvd,Culver City,CA,90232.0,310-202-1108,Trader Joes,90232,ZCTA5 90232,113278.0,16352.0,37.3,12222.0,4297.0,2288.0,430.0,7015.0,57.4
Traderjoes,242,Shopping List,5245 Katella Ave.,Cypress,CA,90720.0,714-220-4930,Trader Joes,90720,ZCTA5 90720,131660.0,23673.0,43.2,16174.0,5212.0,2141.0,412.0,7765.0,48.0
Traderjoes,74,Shopping List,417 Westlake Center,Daly City,CA,94015.0,650-755-3825,Trader Joes,94015,ZCTA5 94015,117289.0,65125.0,40.7,48295.0,15209.0,3045.0,460.0,18714.0,38.7
Traderjoes,65,Shopping List,85 Railroad Ave,Danville,CA,94526.0,925-838-5757,Trader Joes,94526,ZCTA5 94526,202697.0,33396.0,46.2,22657.0,9653.0,4183.0,921.0,14757.0,65.1
Traderjoes,182,Shopping List,885 Russell Blvd,Davis,CA,95616.0,530-757-2693,Trader Joes,95616,ZCTA5 95616,69204.0,52090.0,23.3,22870.0,7073.0,5322.0,3012.0,15407.0,67.4
Traderjoes,55,Shopping List,1566 Colorado Blvd,Eagle Rock,CA,90041.0,323-257-6422,Trader Joes,90041,ZCTA5 90041,111938.0,28321.0,40.4,20405.0,6862.0,2139.0,445.0,9446.0,46.3
Traderjoes,108,Shopping List,225 El Cerrito Plaza,El Cerrito,CA,94530.0,510-524-7609,Trader Joes,94530,ZCTA5 94530,119761.0,26483.0,41.6,20082.0,6626.0,4087.0,1342.0,12055.0,60.0
Traderjoes,190,Shopping List,9670 Bruceville Road,Elk Grove,CA,95757.0,916-686-9980,Trader Joes,95757,ZCTA5 95757,128216.0,53232.0,37.7,34048.0,9513.0,2640.0,712.0,12865.0,37.8
Traderjoes,72,Shopping List,5700 Christie Ave,Emeryville,CA,94608.0,510-658-8091,Trader Joes,94608,ZCTA5 94608,114286.0,34083.0,35.4,27405.0,10181.0,5146.0,1155.0,16482.0,60.1
Traderjoes,25,Shopping List,"115 N El Camino Real, Ste A",Encinitas,CA,92024.0,760-634-2114,Trader Joes,92024,ZCTA5 92024,141329.0,50222.0,43.7,37296.0,14126.0,5834.0,1630.0,21590.0,57.9
Traderjoes,56,Shopping List,17640 Burbank Blvd,Encino,CA,91316.0,818-990-7751,Trader Joes,91316,ZCTA5 91316,85354.0,28497.0,45.0,21692.0,6333.0,2766.0,761.0,9860.0,45.5
Traderjoes,105,Shopping List,1885 S Centre City Pkwy,Escondido,CA,92025.0,760-233-4020,Trader Joes,92025,ZCTA5 92025,66894.0,50270.0,36.4,33593.0,6520.0,2051.0,457.0,9028.0,26.9
Traderjoes,71,Shopping List,5309 Sunrise Blvd,Fair Oaks,CA,95628.0,916-863-1744,Trader Joes,95628,ZCTA5 95628,110012.0,44256.0,43.0,32531.0,9220.0,3636.0,573.0,13429.0,41.3
Traderjoes,101,Shopping List,"1350 Gateway Blvd, Ste A1-A7",Fairfield,CA,94533.0,707-434-0144,Trader Joes,94533,ZCTA5 94533,84907.0,78129.0,34.7,51847.0,7648.0,2534.0,202.0,10384.0,20.0
Traderjoes,172,Shopping List,850 East Bidwell,Folsom,CA,95630.0,916-817-8820,Trader Joes,95630,ZCTA5 95630,134844.0,76599.0,40.0,52112.0,17617.0,9577.0,1203.0,28397.0,54.5
Traderjoes,77,Shopping List,39324 Argonaut Way,Fremont,CA,94538.0,510-794-1386,Trader Joes,94538,ZCTA5 94538,143146.0,66215.0,36.3,47927.0,14108.0,9950.0,964.0,25022.0,52.2
Traderjoes,8,Shopping List,8478 N. Friant Road,Fresno,CA,93720.0,559-433-6478,Trader Joes,93720,ZCTA5 93720,104428.0,48597.0,38.1,33636.0,10195.0,3506.0,855.0,14556.0,43.3
Traderjoes,53,Shopping List,103 E Glenoaks Blvd,Glendale,CA,91207.0,818-507-8192,Trader Joes,91207,ZCTA5 91207,106984.0,11091.0,43.3,8275.0,2190.0,1184.0,138.0,3512.0,42.4
Traderjoes,110,Shopping List,5767 Calle Real,Goleta,CA,93117.0,805-692-2234,Trader Joes,93117,ZCTA5 93117,79553.0,53345.0,23.0,23990.0,6818.0,3185.0,1828.0,11831.0,49.3
Traderjoes,44,Shopping List,11114 Balboa Blvd,Granada Hills,CA,91344.0,818-368-6461,Trader Joes,91344,ZCTA5 91344,111897.0,53862.0,42.4,39123.0,9800.0,3382.0,655.0,13837.0,35.4
Traderjoes,235,Shopping List,2052 Redwood Hwy,Greenbrae,CA,94904.0,415-945-7955,Trader Joes,94904,ZCTA5 94904,158338.0,13132.0,50.5,9757.0,3695.0,1873.0,467.0,6035.0,61.9
Traderjoes,248,Shopping List,1100 Pacific Coast Hwy,Hermosa Beach,CA,90254.0,310-318-1767,Trader Joes,90254,ZCTA5 90254,149500.0,19551.0,40.2,15004.0,7195.0,3370.0,352.0,10917.0,72.8
Traderjoes,241,Shopping List,21431 Brookhurst St,Huntington Beach,CA,92646.0,714-968-4070,Trader Joes,92646,ZCTA5 92646,123899.0,56033.0,46.7,41842.0,13050.0,5482.0,749.0,19281.0,46.1
Traderjoes,244,Shopping List,16821 Algonquin St,Huntington Beach,CA,92649.0,714-846-7307,Trader Joes,92649,ZCTA5 92649,116055.0,35206.0,45.8,26634.0,7949.0,3702.0,720.0,12371.0,46.4
Traderjoes,47,Shopping List,18681 Main St,Huntington Beach,CA,92648.0,714-848-9640,Trader Joes,92648,ZCTA5 92648,116189.0,45667.0,44.2,34470.0,10498.0,4235.0,586.0,15319.0,44.4
Traderjoes,111,Shopping List,4225 Campus Dr,Irvine,CA,92612.0,949-509-6138,Trader Joes,92612,ZCTA5 92612,88929.0,34868.0,30.1,21853.0,9046.0,3702.0,821.0,13569.0,62.1
Traderjoes,210,Shopping List,6222 Irvine Blvd,Irvine,CA,92620.0,949-551-6402,Trader Joes,92620,ZCTA5 92620,135494.0,61110.0,37.2,40636.0,15474.0,9714.0,1821.0,27009.0,66.5
Traderjoes,37,Shopping List,14443 Culver Dr,Irvine,CA,92604.0,949-857-8108,Trader Joes,92604,ZCTA5 92604,120460.0,29080.0,42.7,20223.0,7487.0,3949.0,601.0,12037.0,59.5
Traderjoes,42,Shopping List,475 Foothill Blvd,La Canada,CA,91011.0,818-790-6373,Trader Joes,91011,ZCTA5 91011,210532.0,20389.0,45.1,13596.0,5163.0,2655.0,559.0,8377.0,61.6
Traderjoes,5,Shopping List,"2101 W. Imperial Hwy, Suite A",La Habra,CA,90631.0,562-266-1428,Trader Joes,90631,ZCTA5 90631,98009.0,69064.0,38.6,47804.0,9409.0,3746.0,653.0,13808.0,28.9
Traderjoes,20,Shopping List,8657 Villa la Jolla Dr,La Jolla,CA,92037.0,858-546-8629,Trader Joes,92037,ZCTA5 92037,136601.0,37665.0,46.3,27760.0,9370.0,6017.0,2519.0,17906.0,64.5
Traderjoes,24,Shopping List,5495 Grossmont Center Dr,La Mesa,CA,91942.0,619-466-0105,Trader Joes,91942,ZCTA5 91942,80996.0,40995.0,36.4,29139.0,7179.0,2707.0,547.0,10433.0,35.8
Traderjoes,189,Shopping List,46400 Washington St,La Quinta,CA,92253.0,760-777-1553,Trader Joes,92253,ZCTA5 92253,92744.0,37898.0,51.0,28239.0,6856.0,2594.0,356.0,9806.0,34.7
Traderjoes,277,Shopping List,2330 Foothill Blvd,La Verne,CA,91750.0,909-901-4568,Trader Joes,91750,ZCTA5 91750,103774.0,33436.0,45.1,23930.0,6186.0,2555.0,527.0,9268.0,38.7
Traderjoes,257,Shopping List,27542 Antonio Pkwy,Ladera Ranch,CA,92694.0,949-239-6429,Trader Joes,92694,ZCTA5 92694,187701.0,35074.0,35.9,21026.0,8397.0,4018.0,360.0,12775.0,60.8
Traderjoes,115,Shopping List,3649 Mt Diablo Blvd,Lafayette,CA,94549.0,925-299-9344,Trader Joes,94549,ZCTA5 94549,221148.0,28456.0,45.9,20016.0,7698.0,4209.0,1038.0,12945.0,64.7
Traderjoes,39,Shopping List,"24231 Avenida De La Carlota, Suite 100",Laguna Hills,CA,92653.0,949-461-0927,Trader Joes,92653,ZCTA5 92653,123490.0,29923.0,43.3,22056.0,7767.0,2743.0,393.0,10903.0,49.4
Traderjoes,103,Shopping List,32351 Street of the Golden Lantern,Laguna Niguel,CA,92677.0,949-493-8599,Trader Joes,92677,ZCTA5 92677,135822.0,64259.0,47.2,47819.0,15588.0,7391.0,1132.0,24111.0,50.4
Traderjoes,208,Shopping List,1122 A East Stanley Blvd,Livermore,CA,94550.0,925-243-1947,Trader Joes,94550,ZCTA5 94550,171388.0,49463.0,42.9,35646.0,11538.0,4869.0,1662.0,18069.0,50.7
Traderjoes,116,Shopping List,4210 Long Beach Blvd,Long Beach,CA,90807.0,562-422-1020,Trader Joes,90807,ZCTA5 90807,89319.0,33153.0,41.6,23887.0,6270.0,3101.0,589.0,9960.0,41.7
Traderjoes,194,Shopping List,2222 North Bellflower Blvd,Long Beach,CA,90815.0,562-596-2514,Trader Joes,90815,ZCTA5 90815,110565.0,42759.0,36.9,28423.0,9128.0,4065.0,807.0,14000.0,49.3
Traderjoes,43,Shopping List,6451 E Pacific Coast  Hwy,Long Beach,CA,90803.0,562-596-4388,Trader Joes,90803,ZCTA5 90803,107889.0,31659.0,46.6,26466.0,8907.0,4437.0,849.0,14193.0,53.6
Traderjoes,127,Shopping List,2310 Homestead Rd,Los Altos,CA,94024.0,408-245-1917,Trader Joes,94024,ZCTA5 94024,250001.0,24041.0,47.4,16557.0,4770.0,5677.0,1680.0,12127.0,73.2
Traderjoes,119,Shopping List,3456 S Sepulveda Blvd,Los Angeles,CA,90034.0,310-836-2458,Trader Joes,90034,ZCTA5 90034,97511.0,55061.0,34.7,42903.0,16099.0,6931.0,1799.0,24829.0,57.9
Traderjoes,17,Shopping List,2738 Hyperion Ave,Los Angeles,CA,90027.0,323-665-6774,Trader Joes,90027,ZCTA5 90027,86826.0,45764.0,38.1,37847.0,14522.0,4668.0,860.0,20050.0,53.0
Traderjoes,192,Shopping List,8000 W Sunset Blvd,Los Angeles,CA,90046.0,323-822-7663,Trader Joes,90046,ZCTA5 90046,87339.0,48170.0,39.2,42309.0,17768.0,5282.0,1292.0,24342.0,57.5
Traderjoes,206,Shopping List,1600 N Vine St,Los Angeles,CA,90028.0,323-856-0689,Trader Joes,90028,ZCTA5 90028,57258.0,30982.0,36.5,25950.0,9392.0,2345.0,209.0,11946.0,46.0
Traderjoes,215,Shopping List,11755 Olympic Blvd,Los Angeles,CA,90064.0,310-477-5949,Trader Joes,90064,ZCTA5 90064,123929.0,25956.0,40.1,19824.0,7417.0,3534.0,986.0,11937.0,60.2
Traderjoes,234,Shopping List,1000 Glendon Ave,Los Angeles,CA,90024.0,310-824-1495,Trader Joes,90024,ZCTA5 90024,74852.0,50392.0,22.9,22359.0,8211.0,4187.0,1677.0,14075.0,63.0
Traderjoes,237,Shopping List,8500 Burton Way,Los Angeles,CA,90048.0,310-248-2984,Trader Joes,90048,ZCTA5 90048,102244.0,20411.0,39.3,17591.0,7690.0,2377.0,567.0,10634.0,60.5
Traderjoes,240,Shopping List,175 South Fairfax Ave,Los Angeles,CA,90036.0,323-931-4012,Trader Joes,90036,ZCTA5 90036,97583.0,37713.0,36.5,29484.0,13003.0,5010.0,477.0,18490.0,62.7
Traderjoes,250,Shopping List,"3131 S Hoover Street, Suite 1920",Los Angeles,CA,90089.0,213-749-1497,Trader Joes,90089,ZCTA5 90089,,4164.0,19.6,133.0,61.0,30.0,5.0,96.0,72.2
Traderjoes,31,Shopping List,263 S La Brea Ave,Los Angeles,CA,90036.0,323-965-1989,Trader Joes,90036,ZCTA5 90036,97583.0,37713.0,36.5,29484.0,13003.0,5010.0,477.0,18490.0,62.7
Traderjoes,7,Shopping List,10850 National Blvd,Los Angeles,CA,90064.0,310-470-1917,Trader Joes,90064,ZCTA5 90064,123929.0,25956.0,40.1,19824.0,7417.0,3534.0,986.0,11937.0,60.2
Traderjoes,181,Shopping List,15466 Los Gatos Blvd,Los Gatos,CA,95032.0,408-356-2324,Trader Joes,95032,ZCTA5 95032,185822.0,27678.0,44.6,19562.0,7436.0,5052.0,1032.0,13520.0,69.1
Traderjoes,106,Shopping List,1800 Rosecrans Blvd,Manhattan Beach,CA,90266.0,310-725-9800,Trader Joes,90266,ZCTA5 90266,187217.0,35123.0,43.4,24208.0,10122.0,5270.0,1005.0,16397.0,67.7
Traderjoes,34,Shopping List,1821 Manhattan Beach Blvd,Manhattan Beach,CA,90266.0,310-372-1274,Trader Joes,90266,ZCTA5 90266,187217.0,35123.0,43.4,24208.0,10122.0,5270.0,1005.0,16397.0,67.7
Traderjoes,205,Shopping List,4675 Admiralty Way,Marina Del Rey,CA,90292.0,310-301-4461,Trader Joes,90292,ZCTA5 90292,136854.0,24481.0,39.2,19987.0,8906.0,3278.0,735.0,12919.0,64.6
Traderjoes,261,Shopping List,150 10th St,Marina,CA,93933.0,831-281-7247,Trader Joes,93933,ZCTA5 93933,89507.0,27197.0,35.3,17435.0,3847.0,2249.0,453.0,6549.0,37.6
Traderjoes,69,Shopping List,720 Menlo Ave,Menlo Park,CA,94025.0,650-323-2134,Trader Joes,94025,ZCTA5 94025,207656.0,41017.0,38.6,28074.0,7950.0,7320.0,3262.0,18532.0,66.0
Traderjoes,170,Shopping List,765 Broadway,Millbrae,CA,94030.0,650-259-9142,Trader Joes,94030,ZCTA5 94030,146649.0,22825.0,45.7,16950.0,5230.0,2062.0,606.0,7898.0,46.6
Traderjoes,229,Shopping List,1306 Great Mall Pkwy,Milpitas,CA,95035.0,408-942-6957,Trader Joes,95035,ZCTA5 95035,166931.0,79393.0,36.1,57442.0,18676.0,11524.0,1323.0,31523.0,54.9
Traderjoes,126,Shopping List,25410 Marguerite Pkwy,Mission Viejo,CA,92692.0,949-581-5638,Trader Joes,92692,ZCTA5 92692,136906.0,45977.0,47.1,33839.0,11691.0,4946.0,793.0,17430.0,51.5
Traderjoes,9,Shopping List,3250 Dale Road,Modesto,CA,95356.0,209-491-0445,Trader Joes,95356,ZCTA5 95356,91034.0,33033.0,39.7,22604.0,4085.0,1375.0,232.0,5692.0,25.2
Traderjoes,112,Shopping List,604 W Huntington Dr,Monrovia,CA,91016.0,626-358-8884,Trader Joes,91016,ZCTA5 91016,95606.0,41822.0,38.5,29405.0,7873.0,3518.0,594.0,11985.0,40.8
Traderjoes,204,Shopping List,"570 Munras Ave, Ste 20",Monterey,CA,93940.0,831-372-2010,Trader Joes,93940,ZCTA5 93940,103946.0,31513.0,42.0,24621.0,6857.0,4649.0,888.0,12394.0,50.3
Traderjoes,52,Shopping List,2462 Honolulu Ave,Montrose,CA,91020.0,818-957-3613,Trader Joes,91020,ZCTA5 91020,61771.0,7509.0,41.5,5405.0,1547.0,828.0,171.0,2546.0,47.1
Traderjoes,202,Shopping List,17035 Laurel Rd,Morgan Hill,CA,95037.0,408-778-6409,Trader Joes,95037,ZCTA5 95037,153091.0,51867.0,38.8,34775.0,10195.0,3933.0,575.0,14703.0,42.3
Traderjoes,81,Shopping List,590 Showers Dr,Mountain View,CA,94040.0,650-917-1013,Trader Joes,94040,ZCTA5 94040,175147.0,35667.0,35.4,25450.0,7736.0,7797.0,2520.0,18053.0,70.9
Traderjoes,258,Shopping List,40388 Murrieta Hot Springs Rd,Murrieta,CA,92563.0,951-528-5115,Trader Joes,92563,ZCTA5 92563,112347.0,78139.0,34.7,48696.0,10368.0,3636.0,523.0,14527.0,29.8
Traderjoes,128,Shopping List,3654 Bel Aire Plaza,Napa,CA,94558.0,707-256-0806,Trader Joes,94558,ZCTA5 94558,110397.0,65084.0,44.3,47409.0,11517.0,4011.0,685.0,16213.0,34.2
Traderjoes,125,Shopping List,8086 E Pacific Coast Hwy,Newport Beach,CA,92657.0,949-494-7404,Trader Joes,92657,ZCTA5 92657,194881.0,9169.0,47.2,6667.0,2460.0,1625.0,394.0,4479.0,67.2
Traderjoes,252,Shopping List,"6130 Laurel Canyon Bl, Suite 100",North Hollywood,CA,91606.0,818-762-2963,Trader Joes,91606,ZCTA5 91606,64976.0,43552.0,37.4,31374.0,5927.0,1398.0,196.0,7521.0,24.0
Traderjoes,312,Shopping List,9224 Reseda Blvd,Northridge,CA,91325.0,747-245-4766,Trader Joes,91325,ZCTA5 91325,83853.0,35537.0,39.2,25010.0,7198.0,2049.0,456.0,9703.0,38.8
Traderjoes,198,Shopping List,7514 Redwood Blvd,Novato,CA,94945.0,415-898-9359,Trader Joes,94945,ZCTA5 94945,115000.0,17309.0,51.8,13220.0,4546.0,1187.0,404.0,6137.0,46.4
Traderjoes,203,Shopping List,3250 Lakeshore Ave,Oakland,CA,94610.0,510-238-9076,Trader Joes,94610,ZCTA5 94610,128304.0,32404.0,38.8,26130.0,10152.0,6145.0,1317.0,17614.0,67.4
Traderjoes,231,Shopping List,5727 College Ave,Oakland,CA,94618.0,510-923-9428,Trader Joes,94618,ZCTA5 94618,202297.0,17285.0,43.4,13222.0,4899.0,3650.0,1195.0,9744.0,73.7
Traderjoes,22,Shopping List,2570 Vista Way,Oceanside,CA,92054.0,760-433-9994,Trader Joes,92054,ZCTA5 92054,68713.0,37050.0,37.5,27392.0,6585.0,2449.0,330.0,9364.0,34.2
Traderjoes,46,Shopping List,2114 N Tustin St,Orange,CA,92865.0,714-283-5697,Trader Joes,92865,ZCTA5 92865,120365.0,21140.0,37.4,14915.0,4149.0,1343.0,164.0,5656.0,37.9
Traderjoes,79,Shopping List,1170 Forest Ave,Pacific Grove,CA,93950.0,831-656-0180,Trader Joes,93950,ZCTA5 93950,102553.0,15098.0,49.2,11823.0,3417.0,1972.0,592.0,5981.0,50.6
Traderjoes,3,Shopping List,44250 Town Center Way,Palm Desert,CA,92260.0,760-340-2291,Trader Joes,92260,ZCTA5 92260,68750.0,31039.0,57.0,24584.0,6333.0,2342.0,385.0,9060.0,36.9
Traderjoes,185,Shopping List,39507 10th St W,Palmdale,CA,93551.0,661-947-2890,Trader Joes,93551,ZCTA5 93551,107133.0,54478.0,38.0,35855.0,6494.0,3207.0,415.0,10116.0,28.2
Traderjoes,207,Shopping List,855 El Camino Real,Palo Alto,CA,94301.0,650-327-7018,Trader Joes,94301,ZCTA5 94301,217611.0,17259.0,45.9,12829.0,3755.0,3772.0,1704.0,9231.0,72.0
Traderjoes,171,Shopping List,467 N Rosemead Blvd,Pasadena,CA,91107.0,626-351-3399,Trader Joes,91107,ZCTA5 91107,120822.0,32581.0,42.8,24950.0,7623.0,4244.0,1001.0,12868.0,51.6
Traderjoes,179,Shopping List,345 S Lake Ave,Pasadena,CA,91101.0,626-395-9553,Trader Joes,91101,ZCTA5 91101,86631.0,19737.0,37.0,16310.0,5291.0,3324.0,919.0,9534.0,58.5
Traderjoes,32,Shopping List,3035 E Huntington Dr,Pasadena,CA,91107.0,626-356-2963,Trader Joes,91107,ZCTA5 91107,120822.0,32581.0,42.8,24950.0,7623.0,4244.0,1001.0,12868.0,51.6
Traderjoes,51,Shopping List,610 S Arroyo Pkwy,Pasadena,CA,91105.0,626-568-9254,Trader Joes,91105,ZCTA5 91105,163253.0,12692.0,47.0,10182.0,3693.0,2445.0,394.0,6532.0,64.2
Traderjoes,291,Shopping List,2457 Golden Hill Rd,Paso Robles,CA,93446.0,,Trader Joes,93446,ZCTA5 93446,89889.0,45720.0,41.0,31951.0,6381.0,2164.0,237.0,8782.0,27.5
Traderjoes,107,Shopping List,169 N McDowell Blvd,Petaluma,CA,94954.0,707-769-2782,Trader Joes,94954,ZCTA5 94954,108630.0,38201.0,43.6,27860.0,6732.0,2580.0,288.0,9600.0,34.5
Traderjoes,230,Shopping List,2742 Pinole Valley Rd,Pinole,CA,94564.0,510-222-3501,Trader Joes,94564,ZCTA5 94564,113630.0,18946.0,42.6,14449.0,3809.0,1276.0,172.0,5257.0,36.4
Traderjoes,66,Shopping List,3903 Santa Rita Road,Pleasanton,CA,94588.0,925-468-0763,Trader Joes,94588,ZCTA5 94588,177016.0,35162.0,39.3,24729.0,8968.0,5787.0,1072.0,15827.0,64.0
Traderjoes,265,Shopping List,13644 Poway Rd,Poway,CA,92064.0,858-294-6131,Trader Joes,92064,ZCTA5 92064,135943.0,48783.0,41.7,34635.0,10948.0,5372.0,948.0,17268.0,49.9
Traderjoes,217,Shopping List,6401 Haven Ave,Rancho Cucamonga,CA,91737.0,909-476-1410,Trader Joes,91737,ZCTA5 91737,112857.0,23108.0,43.5,16315.0,4142.0,1813.0,278.0,6233.0,38.2
Traderjoes,233,Shopping List,31176 Hawthorne Blvd,Rancho Palos Verdes,CA,90275.0,310-544-1727,Trader Joes,90275,ZCTA5 90275,166602.0,41941.0,49.8,30343.0,11105.0,5872.0,1542.0,18519.0,61.0
Traderjoes,57,Shopping List,28901 S Western Ave,Rancho Palos Verdes,CA,90275.0,310-832-1241,Trader Joes,90275,ZCTA5 90275,166602.0,41941.0,49.8,30343.0,11105.0,5872.0,1542.0,18519.0,61.0
Traderjoes,27,Shopping List,30652 Santa Margarita Pkwy,Rancho Santa Margarita,CA,92688.0,949-888-3640,Trader Joes,92688,ZCTA5 92688,141089.0,44444.0,38.5,30139.0,10096.0,3447.0,425.0,13968.0,46.3
Traderjoes,219,Shopping List,845 Browning St,Redding,CA,96003.0,530-223-4875,Trader Joes,96003,ZCTA5 96003,67440.0,43945.0,40.9,31464.0,6067.0,2057.0,189.0,8313.0,26.4
Traderjoes,99,Shopping List,552 Orange St,Redlands,CA,92374.0,909-798-3888,Trader Joes,92374,ZCTA5 92374,92821.0,44976.0,32.7,28310.0,4852.0,3725.0,672.0,9249.0,32.7
Traderjoes,38,Shopping List,1761 S Elena Ave,Redondo Bch.,CA,90277.0,310-316-1745,Trader Joes,90277,ZCTA5 90277,120008.0,36339.0,44.5,27780.0,10914.0,5431.0,860.0,17205.0,61.9
Traderjoes,15,Shopping List,6225 Riverside Plaza,Riverside,CA,92506.0,951-781-2378,Trader Joes,92506,ZCTA5 92506,115246.0,44344.0,37.8,29857.0,6473.0,3200.0,1007.0,10680.0,35.8
Traderjoes,228,Shopping List,"5116 Commons Dr., #103",Rocklin,CA,95677.0,916-660-9820,Trader Joes,95677,ZCTA5 95677,102549.0,28591.0,37.7,19331.0,5425.0,1737.0,336.0,7498.0,38.8
Traderjoes,266,Shopping List,10261 Fairway Dr,Roseville,CA,95678.0,279-217-4579,Trader Joes,95678,ZCTA5 95678,96178.0,45210.0,37.2,31686.0,9123.0,2323.0,174.0,11620.0,36.7
Traderjoes,80,Shopping List,1117 Roseville Square,Roseville,CA,95678.0,916-784-9084,Trader Joes,95678,ZCTA5 95678,96178.0,45210.0,37.2,31686.0,9123.0,2323.0,174.0,11620.0,36.7
Traderjoes,18,Shopping List,613 Mission St,S. Pasadena,CA,91030.0,626-441-6263,Trader Joes,91030,ZCTA5 91030,127882.0,26583.0,40.6,19159.0,6749.0,4158.0,1117.0,12024.0,62.8
Traderjoes,175,Shopping List,5000 Folsom Blvd,Sacramento,CA,95819.0,916-456-1853,Trader Joes,95819,ZCTA5 95819,124916.0,19806.0,37.5,13425.0,5096.0,2237.0,363.0,7696.0,57.3
Traderjoes,70,Shopping List,2625 Marconi Ave,Sacramento,CA,95821.0,916-481-8797,Trader Joes,95821,ZCTA5 95821,56019.0,37436.0,38.6,26742.0,4716.0,1781.0,210.0,6707.0,25.1
Traderjoes,174,Shopping List,1482 El Camino Real,San Carlos,CA,94070.0,650-594-2138,Trader Joes,94070,ZCTA5 94070,220323.0,31312.0,41.8,22363.0,6799.0,4979.0,1821.0,13599.0,60.8
Traderjoes,16,Shopping List,638 Camino de Los Mares,San Clemente,CA,92673.0,949-240-9996,Trader Joes,92673,ZCTA5 92673,172056.0,30633.0,42.1,20069.0,6334.0,3559.0,475.0,10368.0,51.7
Traderjoes,188,Shopping List,2401 Truxtun Rd,San Diego,CA,92106.0,619-758-9272,Trader Joes,92106,ZCTA5 92106,119782.0,20483.0,38.5,13671.0,4116.0,2452.0,553.0,7121.0,52.1
Traderjoes,21,Shopping List,1640 Garnet Ave,San Diego,CA,92109.0,858-581-9101,Trader Joes,92109,ZCTA5 92109,106399.0,44009.0,33.5,35658.0,15785.0,5792.0,1282.0,22859.0,64.1
Traderjoes,221,Shopping List,9850 Hibert St,San Diego,CA,92131.0,858-549-9185,Trader Joes,92131,ZCTA5 92131,169448.0,35227.0,42.4,24079.0,8992.0,5248.0,1287.0,15527.0,64.5
Traderjoes,222,Shopping List,1072 Camino Del Rio North,San Diego,CA,92108.0,619-297-0749,Trader Joes,92108,ZCTA5 92108,97705.0,24201.0,33.4,18379.0,6767.0,2447.0,419.0,9633.0,52.4
Traderjoes,223,Shopping List,13480 Highlands Place,San Diego,CA,92130.0,858-755-7130,Trader Joes,92130,ZCTA5 92130,186000.0,57363.0,39.5,38572.0,13432.0,9234.0,4933.0,27599.0,71.6
Traderjoes,224,Shopping List,"5140 College Ave, Ste 119",San Diego,CA,92115.0,619-229-9092,Trader Joes,92115,ZCTA5 92115,68420.0,61456.0,29.3,35445.0,8178.0,3873.0,500.0,12551.0,35.4
Traderjoes,23,Shopping List,11955 Carmel Mountain Rd,San Diego,CA,92128.0,858-673-0526,Trader Joes,92128,ZCTA5 92128,125609.0,49273.0,43.8,37236.0,12530.0,7662.0,1821.0,22013.0,59.1
Traderjoes,26,Shopping List,"1090 University Avenue, Ste G100-107",San Diego,CA,92103.0,619-296-3122,Trader Joes,92103,ZCTA5 92103,94210.0,34296.0,42.1,29686.0,10327.0,5172.0,1391.0,16890.0,56.9
Traderjoes,28,Shopping List,856 W Arrow Hwy,San Dimas,CA,91773.0,909-305-4757,Trader Joes,91773,ZCTA5 91773,101466.0,34066.0,42.7,24730.0,5653.0,2984.0,283.0,8920.0,36.1
Traderjoes,100,Shopping List,3 Masonic Ave,San Francisco,CA,94118.0,415-346-9964,Trader Joes,94118,ZCTA5 94118,157143.0,40108.0,38.4,30574.0,12814.0,6163.0,954.0,19931.0,65.2
Traderjoes,19,Shopping List,401 Bay St,San Francisco,CA,94133.0,415-351-1013,Trader Joes,94133,ZCTA5 94133,77652.0,25460.0,45.1,21203.0,6552.0,2746.0,629.0,9927.0,46.8
Traderjoes,200,Shopping List,1095 Hyde St,San Francisco,CA,94109.0,415-292-7665,Trader Joes,94109,ZCTA5 94109,108691.0,56333.0,37.4,49217.0,19183.0,9161.0,1642.0,29986.0,60.9
Traderjoes,225,Shopping List,10 4th Street,San Francisco,CA,94103.0,415-536-7801,Trader Joes,94103,ZCTA5 94103,111028.0,32400.0,36.8,27208.0,9737.0,3797.0,623.0,14157.0,52.0
Traderjoes,226,Shopping List,788 Laguna St,San Francisco,CA,94102.0,415-718-0175,Trader Joes,94102,ZCTA5 94102,62388.0,34077.0,39.6,28544.0,7690.0,3454.0,650.0,11794.0,41.3
Traderjoes,236,Shopping List,265 Winston Dr,San Francisco,CA,94132.0,415-665-1835,Trader Joes,94132,ZCTA5 94132,104537.0,27641.0,38.9,19400.0,7157.0,2427.0,746.0,10330.0,53.2
Traderjoes,78,Shopping List,555 9th St,San Francisco,CA,94103.0,415-863-1292,Trader Joes,94103,ZCTA5 94103,111028.0,32400.0,36.8,27208.0,9737.0,3797.0,623.0,14157.0,52.0
Traderjoes,212,Shopping List,635 Coleman Ave,San Jose,CA,95110.0,408-298-9731,Trader Joes,95110,ZCTA5 95110,129265.0,20314.0,33.5,14355.0,3522.0,1634.0,293.0,5449.0,38.0
Traderjoes,232,Shopping List,7250 Bollinger Rd,San Jose,CA,95129.0,408-873-7384,Trader Joes,95129,ZCTA5 95129,178818.0,39797.0,41.9,27900.0,8698.0,8920.0,1959.0,19577.0,70.2
Traderjoes,62,Shopping List,5269 Prospect,San Jose,CA,95129.0,408-446-5055,Trader Joes,95129,ZCTA5 95129,178818.0,39797.0,41.9,27900.0,8698.0,8920.0,1959.0,19577.0,70.2
Traderjoes,63,Shopping List,5353 Almaden Expressway #J-38,San Jose,CA,95118.0,408-264-8120,Trader Joes,95118,ZCTA5 95118,142563.0,32827.0,39.3,22447.0,6790.0,3707.0,695.0,11192.0,49.9
Traderjoes,249,Shopping List,32151 Camino Capistrano,San Juan Capistrano,CA,92675.0,949-496-4150,Trader Joes,92675,ZCTA5 92675,123474.0,35099.0,42.4,24344.0,5833.0,2477.0,733.0,9043.0,37.1
Traderjoes,41,Shopping List,3977 Higuera Street,San Luis Obispo,CA,93401.0,805-783-2780,Trader Joes,93401,ZCTA5 93401,89962.0,28773.0,35.5,19134.0,6247.0,2499.0,750.0,9496.0,49.6
Traderjoes,245,Shopping List,45 W Hillsdale Blvd,San Mateo,CA,94403.0,650-286-1509,Trader Joes,94403,ZCTA5 94403,171213.0,43858.0,38.5,32567.0,11187.0,5905.0,1416.0,18508.0,56.8
Traderjoes,67,Shopping List,1820-22 S Grant Street,San Mateo,CA,94402.0,650-570-6140,Trader Joes,94402,ZCTA5 94402,184453.0,26150.0,41.5,18733.0,5959.0,4788.0,976.0,11723.0,62.6
Traderjoes,61,Shopping List,337 3rd St,San Rafael,CA,94901.0,415-454-9530,Trader Joes,94901,ZCTA5 94901,113294.0,40927.0,42.3,29151.0,8456.0,3773.0,735.0,12964.0,44.5
Traderjoes,246,Shopping List,300 Market Place,San Ramon,CA,94583.0,925-275-8140,Trader Joes,94583,ZCTA5 94583,178212.0,39758.0,40.5,26658.0,9605.0,5383.0,963.0,15951.0,59.8
Traderjoes,113,Shopping List,3329 S Bristol St,Santa Ana,CA,92704.0,714-424-9304,Trader Joes,92704,ZCTA5 92704,89654.0,80767.0,34.4,53373.0,7729.0,2486.0,235.0,10450.0,19.6
Traderjoes,183,Shopping List,3025 De La Vina St,Santa Barbara,CA,93105.0,805-563-7383,Trader Joes,93105,ZCTA5 93105,130325.0,26482.0,46.4,20195.0,6989.0,3342.0,815.0,11146.0,55.2
Traderjoes,59,Shopping List,222 North Milpas Street,Santa Barbara,CA,93103.0,805-560-1182,Trader Joes,93103,ZCTA5 93103,104238.0,19653.0,40.1,14174.0,3610.0,1622.0,343.0,5575.0,39.3
Traderjoes,13,Shopping List,26517 Bouquet Canyon Rd,Santa Clarita,CA,91350.0,661-263-3796,Trader Joes,91350,ZCTA5 91350,137626.0,42970.0,36.7,28054.0,7790.0,2983.0,276.0,11049.0,39.4
Traderjoes,263,Shopping List,19037 Golden Valley Rd,Santa Clarita,CA,91387.0,661-276-1430,Trader Joes,91387,ZCTA5 91387,111090.0,46812.0,34.7,29371.0,6932.0,1804.0,421.0,9157.0,31.2
Traderjoes,193,Shopping List,700 Front St,Santa Cruz,CA,95060.0,831-425-0140,Trader Joes,95060,ZCTA5 95060,101962.0,46527.0,35.4,30136.0,8322.0,4703.0,1887.0,14912.0,49.5
Traderjoes,239,Shopping List,1303 S Bradley Rd,Santa Maria,CA,93454.0,805-925-1657,Trader Joes,93454,ZCTA5 93454,80438.0,41110.0,32.1,24326.0,2791.0,898.0,170.0,3859.0,15.9
Traderjoes,253,Shopping List,"2300 Wilshire Blvd, Ste 101",Santa Monica,CA,90403.0,310-264-2223,Trader Joes,90403,ZCTA5 90403,123391.0,24092.0,44.5,20036.0,7869.0,3661.0,1024.0,12554.0,62.7
Traderjoes,256,Shopping List,500 Broadway,Santa Monica,CA,90401.0,310-912-6877,Trader Joes,90401,ZCTA5 90401,89892.0,7480.0,39.8,6619.0,3063.0,1068.0,172.0,4303.0,65.0
Traderjoes,6,Shopping List,3212 Pico Blvd,Santa Monica,CA,90405.0,310-581-0253,Trader Joes,90405,ZCTA5 90405,101713.0,26981.0,41.3,21540.0,8467.0,3650.0,725.0,12842.0,59.6
Traderjoes,178,Shopping List,2100 Santa Rosa Ave,Santa Rosa,CA,95407.0,707-535-0788,Trader Joes,95407,ZCTA5 95407,81484.0,42138.0,34.0,27241.0,3383.0,1141.0,67.0,4591.0,16.9
Traderjoes,75,Shopping List,3225 Cleveland Ave,Santa Rosa,CA,95403.0,707-525-1406,Trader Joes,95403,ZCTA5 95403,93826.0,44677.0,39.1,31128.0,5633.0,1690.0,197.0,7520.0,24.2
Traderjoes,260,Shopping List,9680 Mission Gorge Rd,Santee,CA,92071.0,619-812-3705,Trader Joes,92071,ZCTA5 92071,101906.0,59795.0,39.0,41761.0,9158.0,3196.0,408.0,12762.0,30.6
Traderjoes,267,Shopping List,14140 Riverside Dr,Sherman Oaks,CA,91423.0,747-245-6608,Trader Joes,91423,ZCTA5 91423,104205.0,31787.0,40.1,25098.0,10053.0,3178.0,674.0,13905.0,55.4
Traderjoes,49,Shopping List,14119 Riverside Dr,Sherman Oaks,CA,91423.0,818-789-2771,Trader Joes,91423,ZCTA5 91423,104205.0,31787.0,40.1,25098.0,10053.0,3178.0,674.0,13905.0,55.4
Traderjoes,30,Shopping List,2975-A Cochran St,Simi Valley,CA,93065.0,805-520-3135,Trader Joes,93065,ZCTA5 93065,110537.0,72086.0,40.8,49695.0,12536.0,4810.0,537.0,17883.0,36.0
Traderjoes,4,Shopping List,1129 Fair Oaks Ave,South Pasadena,CA,91030.0,323-784-1840,Trader Joes,91030,ZCTA5 91030,127882.0,26583.0,40.6,19159.0,6749.0,4158.0,1117.0,12024.0,62.8
Traderjoes,187,Shopping List,301 MC Lellan Dr,South San Francisco,CA,94080.0,650-583-6401,Trader Joes,94080,ZCTA5 94080,126916.0,66262.0,42.2,49287.0,13218.0,3687.0,1081.0,17986.0,36.5
Traderjoes,76,Shopping List,6535 Pacific Ave,Stockton,CA,95207.0,209-951-7597,Trader Joes,95207,ZCTA5 95207,66459.0,52877.0,33.2,33463.0,4537.0,1547.0,289.0,6373.0,19.0
Traderjoes,122,Shopping List,11976 Ventura Blvd,Studio City,CA,91604.0,818-509-0168,Trader Joes,91604,ZCTA5 91604,132494.0,32073.0,40.5,24687.0,9735.0,3881.0,711.0,14327.0,58.0
Traderjoes,68,Shopping List,316 West El Camino Real,Sunnyvale,CA,94087.0,408-736-7573,Trader Joes,94087,ZCTA5 94087,196611.0,58913.0,37.9,41463.0,13834.0,12969.0,3177.0,29980.0,72.3
Traderjoes,264,Shopping List,18700 Ventura Blvd,Tarzana,CA,91356.0,747-212-1646,Trader Joes,91356,ZCTA5 91356,105513.0,30599.0,43.1,22444.0,7197.0,3038.0,577.0,10812.0,48.2
Traderjoes,102,Shopping List,40665 Winchester Rd,Temecula,CA,92591.0,951-296-9964,Trader Joes,92591,ZCTA5 92591,101117.0,41047.0,37.1,27709.0,6419.0,2887.0,186.0,9492.0,34.3
Traderjoes,211,Shopping List,1111 Rossi Road,Templeton,CA,93465.0,805-434-9562,Trader Joes,93465,ZCTA5 93465,128684.0,9829.0,47.1,7306.0,2026.0,816.0,101.0,2943.0,40.3
Traderjoes,196,Shopping List,451 Avenida De Los Arboles,Thousand Oaks,CA,91360.0,805-492-7107,Trader Joes,91360,ZCTA5 91360,111095.0,42444.0,43.1,29905.0,7946.0,3391.0,691.0,12028.0,40.2
Traderjoes,243,Shopping List,125 N Reino Road,Thousand Oaks,CA,91320.0,805-375-1984,Trader Joes,91320,ZCTA5 91320,143873.0,44138.0,42.9,29938.0,9117.0,4195.0,1231.0,14543.0,48.6
Traderjoes,54,Shopping List,10130 Riverside Dr,Toluca Lake,CA,91602.0,818-762-2787,Trader Joes,91602,ZCTA5 91602,93210.0,19980.0,39.6,16320.0,6485.0,1862.0,117.0,8464.0,51.9
Traderjoes,121,Shopping List,19720 Hawthorne Blvd,Torrance,CA,90503.0,310-793-8585,Trader Joes,90503,ZCTA5 90503,117364.0,44280.0,41.1,32942.0,11582.0,4986.0,719.0,17287.0,52.5
Traderjoes,29,Shopping List,2545 Pacific Coast Hwy,Torrance,CA,90505.0,310-326-9520,Trader Joes,90505,ZCTA5 90505,108857.0,36214.0,44.0,25705.0,9662.0,3754.0,638.0,14054.0,54.7
Traderjoes,269,Shopping List,2530 Naglee Rd,Tracy,CA,95304.0,209-913-5511,Trader Joes,95304,ZCTA5 95304,103138.0,15235.0,37.1,10256.0,1691.0,437.0,79.0,2207.0,21.5
Traderjoes,197,Shopping List,1198 Irvine Blvd.,Tustin,CA,92780.0,714-505-3289,Trader Joes,92780,ZCTA5 92780,89375.0,54945.0,35.1,36049.0,8068.0,3246.0,367.0,11681.0,32.4
Traderjoes,218,Shopping List,"103 S Mills Rd, Ste 104",Ventura,CA,93003.0,805-658-2664,Trader Joes,93003,ZCTA5 93003,96895.0,53283.0,41.3,38100.0,9703.0,3999.0,779.0,14481.0,38.0
Traderjoes,45,Shopping List,1795 S. Victoria Ave,Ventura,CA,93003.0,805-650-9977,Trader Joes,93003,ZCTA5 93003,96895.0,53283.0,41.3,38100.0,9703.0,3999.0,779.0,14481.0,38.0
Traderjoes,259,Shopping List,1861 University Dr,Vista,CA,92083.0,760-502-9816,Trader Joes,92083,ZCTA5 92083,80160.0,37864.0,34.1,24327.0,3332.0,1097.0,134.0,4563.0,18.8
Traderjoes,123,Shopping List,1372 S California Blvd,Walnut Creek,CA,94596.0,925-945-1674,Trader Joes,94596,ZCTA5 94596,135422.0,23795.0,38.0,17888.0,6681.0,3991.0,753.0,11425.0,63.9
Traderjoes,50,Shopping List,6751 Fallbrook Ave,West Hills,CA,91307.0,818-347-2591,Trader Joes,91307,ZCTA5 91307,130877.0,25368.0,44.7,17730.0,5754.0,2329.0,462.0,8545.0,48.2
Traderjoes,173,Shopping List,8611 Santa Monica Blvd,West Hollywood,CA,90069.0,310-657-0152,Trader Joes,90069,ZCTA5 90069,106133.0,20045.0,44.0,17997.0,7959.0,2882.0,458.0,11299.0,62.8
Traderjoes,40,Shopping List,7310 Santa Monica Blvd,West Hollywood,CA,90046.0,323-969-8048,Trader Joes,90046,ZCTA5 90046,87339.0,48170.0,39.2,42309.0,17768.0,5282.0,1292.0,24342.0,57.5
Traderjoes,33,Shopping List,8645 S Sepulveda,Westchester,CA,90045.0,310-338-9238,Trader Joes,90045,ZCTA5 90045,125692.0,41123.0,36.2,27930.0,10545.0,4484.0,916.0,15945.0,57.1
Traderjoes,58,Shopping List,3835 E Thousand Oaks Blvd,Westlake Village,CA,91362.0,805-494-5040,Trader Joes,91362,ZCTA5 91362,135998.0,36770.0,45.8,26961.0,8193.0,4146.0,722.0,13061.0,48.4
Traderjoes,48,Shopping List,15025 E Whittier Blvd,Whittier,CA,90603.0,562-698-1642,Trader Joes,90603,ZCTA5 90603,117324.0,20883.0,40.9,14759.0,3012.0,1509.0,186.0,4707.0,31.9
Traderjoes,209,Shopping List,21055 Ventura Blvd,Woodland Hills,CA,91364.0,818-712-9475,Trader Joes,91364,ZCTA5 91364,128306.0,28765.0,42.4,21103.0,6887.0,2975.0,573.0,10435.0,49.4
Traderjoes,176,Shopping List,19655 Yorba Linda Blvd,Yorba Linda,CA,92886.0,714-970-0116,Trader Joes,92886,ZCTA5 92886,142900.0,50437.0,43.2,34902.0,11391.0,5520.0,635.0,17546.0,50.3
Traderjoes,268,Shopping List,31545 Yucaipa Boulevard,Yucaipa,CA,92399.0,909-951-6154,Trader Joes,92399,ZCTA5 92399,87457.0,55236.0,37.4,36665.0,5593.0,3303.0,444.0,9340.0,25.5
Traderjoes,301,Shopping List,1906 28th St,Boulder,CO,80301.0,303-443-0160,Trader Joes,80301,ZCTA5 80301,88846.0,24593.0,37.8,18827.0,6978.0,4282.0,1099.0,12359.0,65.6
Traderjoes,305,Shopping List,5342 N Nevada Ave,Colorado Springs,CO,80918.0,719-264-0123,Trader Joes,80918,ZCTA5 80918,82564.0,49218.0,35.3,33495.0,7630.0,3925.0,308.0,11863.0,35.4
Traderjoes,315,Shopping List,5338 N Nevada Avenue,Colorado Springs,CO,80918.0,719-266-6838,Trader Joes,80918,ZCTA5 80918,82564.0,49218.0,35.3,33495.0,7630.0,3925.0,308.0,11863.0,35.4
Traderjoes,300,Shopping List,750 N Colorado Blvd,Denver,CO,80206.0,303-321-1003,Trader Joes,80206,ZCTA5 80206,101069.0,24903.0,37.4,21014.0,8629.0,4555.0,1146.0,14330.0,68.2
Traderjoes,302,Shopping List,661 Logan Street,Denver,CO,80203.0,303-318-7112,Trader Joes,80203,ZCTA5 80203,71584.0,21650.0,33.0,19554.0,8621.0,3404.0,378.0,12403.0,63.4
Traderjoes,310,Shopping List,790 N Colorado Blvd,Denver,CO,80206.0,303-321-3245,Trader Joes,80206,ZCTA5 80206,101069.0,24903.0,37.4,21014.0,8629.0,4555.0,1146.0,14330.0,68.2
Traderjoes,304,Shopping List,"3500 S College Ave, Ste 110",Fort Collins,CO,80525.0,970-223-3560,Trader Joes,80525,ZCTA5 80525,88788.0,55315.0,36.5,38622.0,12729.0,6985.0,1667.0,21381.0,55.4
Traderjoes,303,Shopping List,"5910 S University Blvd, Suite E1",Greenwood Village,CO,80121.0,303-730-3848,Trader Joes,80121,ZCTA5 80121,130815.0,18049.0,48.2,13569.0,4966.0,2445.0,286.0,7697.0,56.7
Traderjoes,306,Shopping List,"8055 West Bowles Ave, Unit 3A",Littleton,CO,80123.0,720-981-4563,Trader Joes,80123,ZCTA5 80123,102722.0,45388.0,41.0,33774.0,11468.0,4566.0,656.0,16690.0,49.4
Traderjoes,309,Shopping List,"18374 Cottonwood Drive, #150",Parker,CO,80138.0,720-851-0549,Trader Joes,80138,ZCTA5 80138,137273.0,36113.0,39.8,23823.0,7410.0,3211.0,215.0,10836.0,45.5
Traderjoes,308,Shopping List,9350 Sheridan Blvd,Westminster,CO,80031.0,720-710-5391,Trader Joes,80031,ZCTA5 80031,102323.0,36274.0,40.3,26938.0,7624.0,3280.0,389.0,11293.0,41.9
Traderjoes,525,Shopping List,113 Mill Plain Rd,Danbury,CT,6811.0,203-739-0098,Trader Joes,,,,,,,,,,,
Traderjoes,522,Shopping List,436 Boston Post Rd,Darien,CT,6820.0,203-656-1414,Trader Joes,,,,,,,,,,,
Traderjoes,523,Shopping List,2258 Black Rock Turnpike,Fairfield,CT,6825.0,203-330-8301,Trader Joes,,,,,,,,,,,
Traderjoes,586,Shopping List,400 Hebron Ave,Glastonbury,CT,6033.0,860-633-9270,Trader Joes,,,,,,,,,,,
Traderjoes,597,Shopping List,46 Skiff St,Hamden,CT,6517.0,475-293-3774,Trader Joes,,,,,,,,,,,
Traderjoes,563,Shopping List,1510 Pleasant Valley Road,Manchester,CT,6042.0,860-644-3182,Trader Joes,,,,,,,,,,,
Traderjoes,524,Shopping List,560 Boston Post Rd,Orange,CT,6477.0,203-795-5505,Trader Joes,,,,,,,,,,,
Traderjoes,587,Shopping List,775 Bridgeport Ave,Shelton,CT,6484.0,475-325-6306,Trader Joes,,,,,,,,,,,
Traderjoes,529,Shopping List,1041 High Ridge Rd,Stamford,CT,6905.0,203-321-8440,Trader Joes,,,,,,,,,,,
Traderjoes,526,Shopping List,1489 New Britain Ave,West Hartford,CT,6110.0,860-561-4771,Trader Joes,,,,,,,,,,,
Traderjoes,521,Shopping List,400 Post Road E,Westport,CT,6880.0,203-226-8966,Trader Joes,,,,,,,,,,,
Traderjoes,620,Shopping List,"2101 Wisconsin Ave NW, Suite A",Washington,DC,20007.0,202-944-8403,Trader Joes,20007,ZCTA5 20007,145048.0,23797.0,38.4,17845.0,5388.0,5762.0,1773.0,12923.0,72.4
Traderjoes,621,Shopping List,350 Florida Ave. NE,Washington,DC,20002.0,202-608-1023,Trader Joes,20002,ZCTA5 20002,107130.0,70043.0,33.5,51825.0,15837.0,12470.0,1823.0,30130.0,58.1
Traderjoes,622,Shopping List,750 Pennsylvania Ave SE,Washington,DC,20003.0,202-698-0190,Trader Joes,20003,ZCTA5 20003,155054.0,34585.0,34.4,28060.0,9533.0,8141.0,1371.0,19045.0,67.9
Traderjoes,653,Shopping List,1101 25th Street NW,Washington,DC,20037.0,202-296-1921,Trader Joes,20037,ZCTA5 20037,94820.0,11833.0,31.1,8207.0,2403.0,2586.0,754.0,5743.0,70.0
Traderjoes,662,Shopping List,1914 14th St NW,Washington,DC,20009.0,202-986-1591,Trader Joes,20009,ZCTA5 20009,132374.0,50247.0,34.0,41533.0,14690.0,11698.0,2688.0,29076.0,70.0
Traderjoes,819,Shopping List,5335 Wisconsin Ave NW,Washington,DC,20015.0,227-229-0636,Trader Joes,20015,ZCTA5 20015,235511.0,15394.0,45.4,11064.0,2754.0,3360.0,748.0,6862.0,62.0
Traderjoes,820,Shopping List,701 Monroe St NE,Washington,DC,20017.0,202-677-7460,Trader Joes,20017,ZCTA5 20017,97507.0,20643.0,36.2,14310.0,3561.0,2973.0,662.0,7196.0,50.3
Traderjoes,759,Shopping List,2500 Fashion Center Blvd.,Newark,DE,19702.0,302-292-6825,Trader Joes,19702,ZCTA5 19702,90281.0,56571.0,35.7,37952.0,8308.0,4734.0,424.0,13466.0,35.5
Traderjoes,636,Shopping List,5605 Concord Pike,Wilmington,DE,19803.0,302-478-8494,Trader Joes,19803,ZCTA5 19803,122853.0,21437.0,47.3,15696.0,5286.0,2684.0,770.0,8740.0,55.7
Traderjoes,773,Shopping List,855 S Federal Hwy,Boca Raton,FL,33432.0,561-338-5031,Trader Joes,33432,ZCTA5 33432,87634.0,21270.0,54.1,17114.0,5851.0,2620.0,344.0,8815.0,51.5
Traderjoes,780,Shopping List,8111 Cooper Creek Blvd,Bradenton,FL,34201.0,941-355-2394,Trader Joes,34201,ZCTA5 34201,123105.0,3912.0,69.1,3483.0,1415.0,649.0,79.0,2143.0,61.5
Traderjoes,781,Shopping List,211 S. Dixie Highway,Coral Gables,FL,33133.0,305-442-5402,Trader Joes,33133,ZCTA5 33133,87924.0,34500.0,40.9,25858.0,8389.0,4000.0,876.0,13265.0,51.3
Traderjoes,782,Shopping List,2796 N. University Drive,Coral Springs,FL,33065.0,954-227-3407,Trader Joes,33065,ZCTA5 33065,65145.0,60600.0,35.2,38739.0,7834.0,3122.0,249.0,11205.0,28.9
Traderjoes,778,Shopping List,2296 S University Dr,Davie,FL,33324.0,954-512-2968,Trader Joes,33324,ZCTA5 33324,80348.0,49994.0,38.3,36039.0,9777.0,3962.0,569.0,14308.0,39.7
Traderjoes,797,Shopping List,1511 Cornerstone Blvd,Daytona Beach,FL,32117.0,386-308-1218,Trader Joes,32117,ZCTA5 32117,49848.0,29720.0,41.4,21733.0,3154.0,786.0,202.0,4142.0,19.1
Traderjoes,771,Shopping List,"1851 S Federal Hwy, Ste 500",Delray Beach,FL,33483.0,561-278-1493,Trader Joes,33483,ZCTA5 33483,112262.0,12639.0,58.2,11078.0,3793.0,1605.0,338.0,5736.0,51.8
Traderjoes,776,Shopping List,1560 N Federal Hwy,Fort Lauderdale,FL,33304.0,954-537-3585,Trader Joes,33304,ZCTA5 33304,81266.0,18923.0,45.9,15636.0,5201.0,1602.0,259.0,7062.0,45.2
Traderjoes,784,Shopping List,4983 S. Cleveland Avenue,Fort Myers,FL,33907.0,239-275-1712,Trader Joes,33907,ZCTA5 33907,51122.0,25828.0,40.7,19366.0,3325.0,1466.0,256.0,5047.0,26.1
Traderjoes,764,Shopping List,3724 SW Archer Rd,Gainesville,FL,32608.0,352-378-9321,Trader Joes,32608,ZCTA5 32608,57249.0,53301.0,29.8,32067.0,8784.0,4971.0,2582.0,16337.0,50.9
Traderjoes,760,Shopping List,4180 S 3rd St,Jacksonville Beach,FL,32250.0,904-241-1770,Trader Joes,32250,ZCTA5 32250,104943.0,28619.0,42.9,21658.0,6754.0,3332.0,490.0,10576.0,48.8
Traderjoes,769,Shopping List,11112 San Jose Blvd,Jacksonville,FL,32223.0,904-880-0582,Trader Joes,32223,ZCTA5 32223,90833.0,25604.0,48.5,19167.0,4773.0,1946.0,523.0,7242.0,37.8
Traderjoes,848,Shopping List,"2221 Town Center Ave, Ste 101",Melbourne,FL,32940.0,321-338-3418,Trader Joes,32940,ZCTA5 32940,100792.0,47030.0,47.5,34806.0,9342.0,6424.0,864.0,16630.0,47.8
Traderjoes,779,Shopping List,1683 West Ave,Miami Beach,FL,33139.0,305-534-4951,Trader Joes,33139,ZCTA5 33139,60971.0,35100.0,41.7,28913.0,8427.0,3777.0,702.0,12906.0,44.6
Traderjoes,770,Shopping List,9205 S Dixie Hwy,Miami,FL,33156.0,305-661-1432,Trader Joes,33156,ZCTA5 33156,133862.0,32582.0,42.1,22045.0,6722.0,3634.0,1381.0,11737.0,53.2
Traderjoes,794,Shopping List,3191 NE 1st Ave,Miami,FL,33137.0,786-422-0606,Trader Joes,33137,ZCTA5 33137,71348.0,25283.0,34.3,19347.0,5472.0,2464.0,495.0,8431.0,43.6
Traderjoes,762,Shopping List,10600 Tamiami Trail N,Naples,FL,34108.0,239-596-5631,Trader Joes,34108,ZCTA5 34108,115182.0,16401.0,67.1,14874.0,5154.0,2271.0,538.0,7963.0,53.5
Traderjoes,768,Shopping List,8323 Sand Lake Rd,Orlando,FL,32819.0,407-345-0611,Trader Joes,32819,ZCTA5 32819,86306.0,27826.0,38.7,20772.0,6534.0,2324.0,482.0,9340.0,45.0
Traderjoes,876,Shopping List,1444 North Alafaya Trail,Orlando,FL,32828.0,,Trader Joes,32828,ZCTA5 32828,95943.0,69778.0,36.2,45378.0,15289.0,6214.0,825.0,22328.0,49.2
Traderjoes,772,Shopping List,2560 PGA Blvd,Palm Beach Gardens,FL,33410.0,561-514-6770,Trader Joes,33410,ZCTA5 33410,93643.0,36277.0,44.9,27576.0,8217.0,3377.0,432.0,12026.0,43.6
Traderjoes,795,Shopping List,33597 US Hwy 19 N,Palm Harbor,FL,34684.0,727-436-4019,Trader Joes,34684,ZCTA5 34684,62541.0,27607.0,55.1,22084.0,4984.0,1820.0,297.0,7101.0,32.2
Traderjoes,775,Shopping List,11960 Pines Blvd,Pembroke Pines,FL,33026.0,954-432-0405,Trader Joes,33026,ZCTA5 33026,84007.0,30868.0,45.1,22930.0,5530.0,2212.0,370.0,8112.0,35.4
Traderjoes,761,Shopping List,4101 S Tamiami Trail,Sarasota,FL,34231.0,941-922-5727,Trader Joes,34231,ZCTA5 34231,67543.0,32413.0,52.6,25671.0,5679.0,2468.0,442.0,8589.0,33.5
Traderjoes,767,Shopping List,2742 4th St N,St. Petersburg,FL,33704.0,727-824-0907,Trader Joes,33704,ZCTA5 33704,96986.0,16275.0,48.0,13144.0,4154.0,2130.0,568.0,6852.0,52.1
Traderjoes,763,Shopping List,"3425 Thomasville Rd, Unit 19",Tallahassee,FL,32309.0,850-894-2538,Trader Joes,32309,ZCTA5 32309,96879.0,33675.0,40.7,22417.0,7700.0,3125.0,1354.0,12179.0,54.3
Traderjoes,766,Shopping List,3808 W Swann Ave,Tampa,FL,33609.0,813-872-6846,Trader Joes,33609,ZCTA5 33609,105761.0,18411.0,39.0,13721.0,4777.0,2538.0,223.0,7538.0,54.9
Traderjoes,774,Shopping List,2877 South State Rd 7,Wellington,FL,33414.0,561-656-1067,Trader Joes,33414,ZCTA5 33414,103525.0,58842.0,39.9,38722.0,10278.0,4621.0,832.0,15731.0,40.6
Traderjoes,796,Shopping List,8111 S Dixie Highway,West Palm Beach,FL,33405.0,,Trader Joes,33405,ZCTA5 33405,77583.0,20377.0,43.0,15061.0,2964.0,1140.0,283.0,4387.0,29.1
Traderjoes,765,Shopping List,131 Orlando Ave.,Winter Park,FL,32789.0,407-622-0874,Trader Joes,32789,ZCTA5 32789,101113.0,26741.0,43.8,19340.0,6679.0,3229.0,634.0,10542.0,54.5
Traderjoes,798,Shopping List,1605 Halcyon Days Trail,Alpharetta,GA,30005.0,470-762-3171,Trader Joes,30005,ZCTA5 30005,162808.0,40260.0,39.4,26949.0,11314.0,7280.0,934.0,19528.0,72.5
Traderjoes,736,Shopping List,"1850 Epps Bridge Pkwy, Ste 331",Athens,GA,30606.0,706-583-8934,Trader Joes,30606,ZCTA5 30606,58727.0,47603.0,33.9,30529.0,7782.0,4445.0,2207.0,14434.0,47.3
Traderjoes,730,Shopping List,931 Monroe Dr,Atlanta,GA,30308.0,404-815-9210,Trader Joes,30308,ZCTA5 30308,78429.0,23377.0,31.4,17505.0,6851.0,3451.0,681.0,10983.0,62.7
Traderjoes,735,Shopping List,3183 Peachtree Rd,Atlanta,GA,30305.0,404-842-0907,Trader Joes,30305,ZCTA5 30305,103982.0,26565.0,38.2,20390.0,8754.0,4528.0,805.0,14087.0,69.1
Traderjoes,806,Shopping List,1000 Medley Blvd,Johns Creek,GA,30097.0,,Trader Joes,30097,ZCTA5 30097,122285.0,45887.0,43.3,31731.0,11839.0,7141.0,1128.0,20108.0,63.4
Traderjoes,732,Shopping List,4250 Roswell Road,Marietta,GA,30062.0,678-560-3585,Trader Joes,30062,ZCTA5 30062,124665.0,62958.0,41.0,43207.0,16297.0,7102.0,1028.0,24427.0,56.5
Traderjoes,734,Shopping List,"5185 Peachtree Pkwy, Ste 101",Norcross,GA,30092.0,678-966-9236,Trader Joes,30092,ZCTA5 30092,72707.0,36674.0,35.3,24791.0,8031.0,3724.0,488.0,12243.0,49.4
Traderjoes,800,Shopping List,258 City Circle,Peachtree City,GA,30269.0,404-907-2283,Trader Joes,30269,ZCTA5 30269,110821.0,39341.0,43.9,26791.0,9972.0,4399.0,680.0,15051.0,56.2
Traderjoes,733,Shopping List,635 W Crossville Rd,Roswell,GA,30075.0,770-645-8505,Trader Joes,30075,ZCTA5 30075,148740.0,57032.0,43.4,39741.0,16492.0,8147.0,1209.0,25848.0,65.0
Traderjoes,731,Shopping List,6277 Roswell Road NE,Sandy Springs,GA,30328.0,404-236-2414,Trader Joes,30328,ZCTA5 30328,101186.0,39026.0,38.9,29269.0,11782.0,6241.0,618.0,18641.0,63.7
Traderjoes,799,Shopping List,4600 Roswell Rd,Sandy Springs,GA,30342.0,770-678-7294,Trader Joes,30342,ZCTA5 30342,115779.0,33154.0,33.3,23130.0,10518.0,4582.0,401.0,15501.0,67.0
Traderjoes,728,Shopping List,920 Ponseti Way,Coralville,IA,52241.0,319-351-7223,Trader Joes,52241,ZCTA5 52241,67691.0,22494.0,32.6,15331.0,4965.0,2034.0,847.0,7846.0,51.2
Traderjoes,721,Shopping List,"6305 Mills Civic Pkwy, Ste 2111",West Des Moines,IA,50266.0,515-225-3820,Trader Joes,50266,ZCTA5 50266,83166.0,35508.0,34.7,25241.0,9680.0,3850.0,524.0,14054.0,55.7
Traderjoes,360,Shopping List,300 S Capitol Blvd,Boise,ID,83702.0,208-336-7282,Trader Joes,83702,ZCTA5 83702,77115.0,23113.0,40.6,17451.0,6126.0,2673.0,644.0,9443.0,54.1
Traderjoes,362,Shopping List,303 E Spokane Ave,Coeur d&#x27;Alene,ID,83814.0,208-214-8293,Trader Joes,83814,ZCTA5 83814,65525.0,26611.0,44.0,20141.0,4062.0,1643.0,359.0,6064.0,30.1
Traderjoes,361,Shopping List,2986 N. Eagle RD.,Meridian,ID,83646.0,208-506-2978,Trader Joes,83646,ZCTA5 83646,94063.0,72804.0,36.7,46140.0,13641.0,4666.0,862.0,19169.0,41.5
Traderjoes,699,Shopping List,1800 S Randall Rd,Algonquin,IL,60102.0,847-854-4886,Trader Joes,60102,ZCTA5 60102,127140.0,32227.0,41.8,22713.0,6067.0,2842.0,372.0,9281.0,40.9
Traderjoes,687,Shopping List,17 W Rand Rd,Arlington Heights,IL,60004.0,847-506-0752,Trader Joes,60004,ZCTA5 60004,117720.0,52189.0,42.1,36915.0,12498.0,7814.0,545.0,20857.0,56.5
Traderjoes,689,Shopping List,1942 W Fabyan Pkwy,Batavia,IL,60510.0,630-879-3234,Trader Joes,60510,ZCTA5 60510,114323.0,28393.0,38.6,19053.0,6073.0,3381.0,567.0,10021.0,52.6
Traderjoes,688,Shopping List,3745 N Lincoln Ave,Chicago,IL,60613.0,773-248-4920,Trader Joes,60613,ZCTA5 60613,92238.0,51961.0,33.7,40507.0,18170.0,9111.0,739.0,28020.0,69.2
Traderjoes,691,Shopping List,1840 N Clybourn Ave,Chicago,IL,60614.0,312-274-9733,Trader Joes,60614,ZCTA5 60614,135364.0,71701.0,31.0,50396.0,23010.0,13074.0,1691.0,37775.0,75.0
Traderjoes,696,Shopping List,44 E Ontario St,Chicago,IL,60611.0,312-951-6369,Trader Joes,60611,ZCTA5 60611,126812.0,35247.0,38.3,29772.0,12205.0,7602.0,1681.0,21488.0,72.2
Traderjoes,701,Shopping List,1147 S Wabash Ave,Chicago,IL,60605.0,312-588-0489,Trader Joes,60605,ZCTA5 60605,116462.0,34314.0,32.9,26511.0,9333.0,6511.0,1612.0,17456.0,65.8
Traderjoes,703,Shopping List,667 W Diversey Pkwy,Chicago,IL,60614.0,773-935-7255,Trader Joes,60614,ZCTA5 60614,135364.0,71701.0,31.0,50396.0,23010.0,13074.0,1691.0,37775.0,75.0
Traderjoes,706,Shopping List,1528 E 55th Street,Chicago,IL,60615.0,773-363-8831,Trader Joes,60615,ZCTA5 60615,56518.0,42780.0,34.7,29999.0,7585.0,6658.0,2667.0,16910.0,56.4
Traderjoes,683,Shopping List,122 Ogden Ave,Downers Grove,IL,60515.0,630-241-1662,Trader Joes,60515,ZCTA5 60515,116601.0,29112.0,43.6,20561.0,7057.0,3808.0,559.0,11424.0,55.6
Traderjoes,702,Shopping List,1211 Chicago Avenue,Evanston,IL,60202.0,847-733-0690,Trader Joes,60202,ZCTA5 60202,96869.0,33868.0,39.8,24314.0,6543.0,6058.0,1604.0,14205.0,58.4
Traderjoes,680,Shopping List,680 Roosevelt Rd,Glen Ellyn,IL,60137.0,630-858-5077,Trader Joes,60137,ZCTA5 60137,127886.0,38945.0,41.0,26226.0,9416.0,5052.0,672.0,15140.0,57.7
Traderjoes,681,Shopping List,1407 Waukegan Rd,Glenview,IL,60025.0,847-657-7821,Trader Joes,60025,ZCTA5 60025,116809.0,40858.0,45.5,28932.0,9923.0,6257.0,1093.0,17273.0,59.7
Traderjoes,685,Shopping List,25 N La Grange Rd,La Grange,IL,60525.0,708-579-0838,Trader Joes,60525,ZCTA5 60525,108941.0,31647.0,43.9,22121.0,6249.0,3690.0,382.0,10321.0,46.7
Traderjoes,684,Shopping List,735 W Route 22,Lake Zurich,IL,60047.0,847-550-7827,Trader Joes,60047,ZCTA5 60047,167358.0,43750.0,42.7,29682.0,10294.0,6966.0,578.0,17838.0,60.1
Traderjoes,704,Shopping List,1600 S Milwaukee Ave,Libertyville,IL,60048.0,847-680-1739,Trader Joes,60048,ZCTA5 60048,166229.0,29452.0,43.2,19909.0,7704.0,4473.0,750.0,12927.0,64.9
Traderjoes,690,Shopping List,44 W Gartner Rd,Naperville,IL,60540.0,630-355-4389,Trader Joes,60540,ZCTA5 60540,143912.0,42756.0,41.0,29247.0,10587.0,7722.0,1157.0,19466.0,66.6
Traderjoes,682,Shopping List,127 Skokie Blvd,Northbrook,IL,60062.0,847-480-9280,Trader Joes,60062,ZCTA5 60062,136120.0,42004.0,49.6,31099.0,10002.0,7241.0,1429.0,18672.0,60.0
Traderjoes,697,Shopping List,483 N Harlem Ave,Oak Park,IL,60301.0,708-386-1169,Trader Joes,60301,ZCTA5 60301,89654.0,3207.0,34.7,2567.0,1041.0,664.0,89.0,1794.0,69.9
Traderjoes,686,Shopping List,14924 S La Grange Rd,Orland Park,IL,60462.0,708-349-9021,Trader Joes,60462,ZCTA5 60462,94689.0,40942.0,44.1,29687.0,7495.0,3993.0,439.0,11927.0,40.2
Traderjoes,861,Shopping List,1930 US-34,Oswego,IL,60543.0,,Trader Joes,60543,ZCTA5 60543,108924.0,40714.0,39.8,26997.0,6433.0,3990.0,514.0,10937.0,40.5
Traderjoes,698,Shopping List,190 N NW Highway,Park Ridge,IL,60068.0,847-292-1108,Trader Joes,60068,ZCTA5 60068,138196.0,39332.0,45.1,27725.0,10343.0,5355.0,590.0,16288.0,58.7
Traderjoes,705,Shopping List,1426 E Golf Rd,Schaumburg,IL,60173.0,847-619-0095,Trader Joes,60173,ZCTA5 60173,105243.0,14067.0,34.2,10335.0,3667.0,2410.0,372.0,6449.0,62.4
Traderjoes,757,Shopping List,"4110 W. Jefferson Blvd., Suite D-2",Fort Wayne,IN,46804.0,260-432-5828,Trader Joes,46804,ZCTA5 46804,83220.0,29045.0,41.6,21090.0,5724.0,2649.0,353.0,8726.0,41.4
Traderjoes,670,Shopping List,2902 W 86th St,Indianapolis,IN,46268.0,317-337-1880,Trader Joes,46268,ZCTA5 46268,57683.0,25140.0,37.0,17392.0,4584.0,1722.0,145.0,6451.0,37.1
Traderjoes,671,Shopping List,5473 E 82nd St,Indianapolis,IN,46250.0,317-595-8950,Trader Joes,46250,ZCTA5 46250,65869.0,17131.0,37.3,12484.0,4384.0,1902.0,200.0,6486.0,52.0
Traderjoes,600,Shopping List,1140 East Howard,South Bend,IN,46617.0,574-472-8744,Trader Joes,46617,ZCTA5 46617,67967.0,10624.0,34.3,6888.0,2310.0,1039.0,490.0,3839.0,55.7
Traderjoes,723,Shopping List,4201 W 119th St,Leawood,KS,66209.0,913-327-7209,Trader Joes,66209,ZCTA5 66209,134173.0,19452.0,49.7,14676.0,5950.0,3391.0,474.0,9815.0,66.9
Traderjoes,821,Shopping List,8700 Shawnee Mission Pkwy,Merriam,KS,66202.0,,Trader Joes,66202,ZCTA5 66202,70543.0,17043.0,34.7,12338.0,3883.0,1728.0,336.0,5947.0,48.2
Traderjoes,729,Shopping List,"1800 N. Rock Road, Suite 120",Wichita,KS,67206.0,316-634-1846,Trader Joes,67206,ZCTA5 67206,83651.0,17601.0,41.0,11996.0,4822.0,1750.0,263.0,6835.0,57.0
Traderjoes,788,Shopping List,2780 Dixie Highway,Crestview Hills,KY,41017.0,859-331-0034,Trader Joes,41017,ZCTA5 41017,96151.0,41040.0,40.0,28479.0,8045.0,3841.0,315.0,12201.0,42.8
Traderjoes,789,Shopping List,2785 Dixie Highway,Crestview Hills,KY,41017.0,859-331-1472,Trader Joes,41017,ZCTA5 41017,96151.0,41040.0,40.0,28479.0,8045.0,3841.0,315.0,12201.0,42.8
Traderjoes,626,Shopping List,2320 Nicholasville Road,Lexington,KY,40503.0,859-277-0144,Trader Joes,40503,ZCTA5 40503,71131.0,28186.0,37.7,19282.0,5558.0,3505.0,955.0,10018.0,52.0
Traderjoes,627,Shopping List,2326 Nicholasville Rd,Lexington,KY,40503.0,859-313-5030,Trader Joes,40503,ZCTA5 40503,71131.0,28186.0,37.7,19282.0,5558.0,3505.0,955.0,10018.0,52.0
Traderjoes,625,Shopping List,"4600 Shelbyville Rd Ste 112, Ste 112",Louisville,KY,40207.0,502-895-7872,Trader Joes,40207,ZCTA5 40207,97754.0,29014.0,42.6,21893.0,7802.0,4262.0,818.0,12882.0,58.8
Traderjoes,628,Shopping List,"4600 Shelbyville Rd, Ste 111",Louisville,KY,40207.0,502-895-1361,Trader Joes,40207,ZCTA5 40207,97754.0,29014.0,42.6,21893.0,7802.0,4262.0,818.0,12882.0,58.8
Traderjoes,754,Shopping List,3535 Perkins Rd,Baton Rouge,LA,70808.0,225-382-0588,Trader Joes,70808,ZCTA5 70808,71002.0,36716.0,31.6,22003.0,7045.0,4562.0,1742.0,13349.0,60.7
Traderjoes,807,Shopping List,1710 Camellia Blvd,Lafayette,LA,70508.0,,Trader Joes,70508,ZCTA5 70508,85006.0,39962.0,37.0,27943.0,8147.0,2960.0,594.0,11701.0,41.9
Traderjoes,863,Shopping List,3377 U.S. Hwy 190,Mandeville,LA,70471.0,,Trader Joes,70471,ZCTA5 70471,96250.0,23425.0,43.8,16052.0,5528.0,2289.0,202.0,8019.0,50.0
Traderjoes,755,Shopping List,2949 Veterans Blvd,Metairie,LA,70002.0,504-831-0253,Trader Joes,70002,ZCTA5 70002,66152.0,19195.0,38.6,13829.0,4681.0,1394.0,392.0,6467.0,46.8
Traderjoes,793,Shopping List,2428 Napoleon Ave,New Orleans,LA,70115.0,,Trader Joes,70115,ZCTA5 70115,91672.0,33069.0,39.6,25172.0,7682.0,4175.0,1043.0,12900.0,51.2
Traderjoes,811,Shopping List,2501 Tulane Ave,New Orleans,LA,70119.0,504-229-9973,Trader Joes,70119,ZCTA5 70119,47507.0,36028.0,37.8,28615.0,7614.0,3347.0,842.0,11803.0,41.2
Traderjoes,511,Shopping List,145 Great Rd,Acton,MA,1720.0,978-266-8908,Trader Joes,,,,,,,,,,,
Traderjoes,561,Shopping List,199 N Harvard St,Allston,MA,2134.0,617-787-1238,Trader Joes,,,,,,,,,,,
Traderjoes,505,Shopping List,1427 Massachusetts Ave,Arlington,MA,2476.0,781-646-9138,Trader Joes,,,,,,,,,,,
Traderjoes,500,Shopping List,500 Boylston St,Boston,MA,2116.0,617-693-6302,Trader Joes,,,,,,,,,,,
Traderjoes,510,Shopping List,899 Boylston St,Boston,MA,2115.0,617-262-6505,Trader Joes,,,,,,,,,,,
Traderjoes,566,Shopping List,44 Thomson Place,Boston,MA,2210.0,617-941-3714,Trader Joes,,,,,,,,,,,
Traderjoes,588,Shopping List,1999 Centre St,Boston,MA,2132.0,617-682-7600,Trader Joes,,,,,,,,,,,
Traderjoes,501,Shopping List,1317 Beacon St,Brookline,MA,2446.0,617-278-9997,Trader Joes,,,,,,,,,,,
Traderjoes,515,Shopping List,51 Middlesex Turnpike,Burlington,MA,1803.0,781-273-2310,Trader Joes,,,,,,,,,,,
Traderjoes,502,Shopping List,748 Memorial Dr,Cambridge,MA,2139.0,617-491-8582,Trader Joes,,,,,,,,,,,
Traderjoes,517,Shopping List,211 Alewife Brook Pkwy,Cambridge,MA,2138.0,617-498-3201,Trader Joes,,,,,,,,,,,
Traderjoes,528,Shopping List,350 Patriot Place,Foxborough,MA,2035.0,508-543-1978,Trader Joes,,,,,,,,,,,
Traderjoes,503,Shopping List,659 Worcester Rd,Framingham,MA,1701.0,508-935-2931,Trader Joes,,,,,,,,,,,
Traderjoes,512,Shopping List,375 Russell St,Hadley,MA,1035.0,413-587-3260,Trader Joes,,,,,,,,,,,
Traderjoes,513,Shopping List,1775 Washington St,Hanover,MA,2339.0,339-298-1530,Trader Joes,,,,,,,,,,,
Traderjoes,530,Shopping List,5 Essington Drive,Hingham,MA,2043.0,781-740-2038,Trader Joes,,,,,,,,,,,
Traderjoes,514,Shopping List,"655 Iyannough Road Rt 132, Unit 4-A",Hyannis,MA,2601.0,508-790-3008,Trader Joes,,,,,,,,,,,
Traderjoes,582,Shopping List,230 Fortune Blvd,Milford,MA,1757.0,508-318-9234,Trader Joes,,,,,,,,,,,
Traderjoes,504,Shopping List,958 Highland Ave,Needham,MA,2494.0,781-449-6993,Trader Joes,,,,,,,,,,,
Traderjoes,583,Shopping List,165 Needham St,Newton,MA,2464.0,617-340-5765,Trader Joes,,,,,,,,,,,
Traderjoes,516,Shopping List,300 Andover St,Peabody,MA,1960.0,978-977-5316,Trader Joes,,,,,,,,,,,
Traderjoes,873,Shopping List,34 Walkers Brook Drive,Reading,MA,1867.0,,Trader Joes,,,,,,,,,,,
Traderjoes,506,Shopping List,358 Broadway,Saugus,MA,1906.0,781-231-0848,Trader Joes,,,,,,,,,,,
Traderjoes,508,Shopping List,77 Boston Turnpike,Shrewsbury,MA,1545.0,508-755-9560,Trader Joes,,,,,,,,,,,
Traderjoes,560,Shopping List,145 Middlesex Ave,Somerville,MA,2145.0,617-591-0124,Trader Joes,,,,,,,,,,,
Traderjoes,509,Shopping List,1121 Washington St,West Newton,MA,2465.0,617-244-1620,Trader Joes,,,,,,,,,,,
Traderjoes,650,Shopping List,"160 F Jennifer Rd, Ste F",Annapolis,MD,21401.0,410-573-0505,Trader Joes,21401,ZCTA5 21401,114699.0,40442.0,44.0,29891.0,8958.0,5791.0,1272.0,16021.0,53.6
Traderjoes,623,Shopping List,7900 Wisconsin Ave,Bethesda,MD,20814.0,301-215-7913,Trader Joes,20814,ZCTA5 20814,149657.0,30234.0,40.4,22219.0,6138.0,6503.0,3039.0,15680.0,70.6
Traderjoes,645,Shopping List,6831 Wisconsin Ave,Bethesda,MD,20815.0,301-907-0982,Trader Joes,20815,ZCTA5 20815,185873.0,31080.0,46.3,22329.0,6189.0,6304.0,2520.0,15013.0,67.2
Traderjoes,758,Shopping List,4429 Calvert Road,College Park,MD,20740.0,301-985-3704,Trader Joes,20740,ZCTA5 20740,79446.0,36583.0,24.5,18062.0,4537.0,3174.0,746.0,8457.0,46.8
Traderjoes,658,Shopping List,6610 Marie Curie Dr,Elkridge,MD,21075.0,410-953-8139,Trader Joes,21075,ZCTA5 21075,126378.0,36176.0,33.9,23207.0,6652.0,4489.0,711.0,11852.0,51.1
Traderjoes,655,Shopping List,1809 Reisterstown Rd,Pikesville,MD,21208.0,410-484-8373,Trader Joes,21208,ZCTA5 21208,89702.0,37319.0,45.4,27160.0,6873.0,4186.0,703.0,11762.0,43.3
Traderjoes,589,Shopping List,225 N Washington St,Rockville,MD,20850.0,240-219-2398,Trader Joes,20850,ZCTA5 20850,125268.0,51072.0,40.2,37047.0,10296.0,8555.0,3638.0,22489.0,60.7
Traderjoes,642,Shopping List,12268-H Rockville Pike,Rockville,MD,20852.0,301-468-6656,Trader Joes,20852,ZCTA5 20852,121550.0,48379.0,38.5,35296.0,10641.0,7982.0,4040.0,22663.0,64.2
Traderjoes,648,Shopping List,10076 Darnestown Rd,Rockville,MD,20850.0,301-762-0782,Trader Joes,20850,ZCTA5 20850,125268.0,51072.0,40.2,37047.0,10296.0,8555.0,3638.0,22489.0,60.7
Traderjoes,652,Shopping List,10741 Columbia Pike,Silver Spring,MD,20901.0,301-681-1675,Trader Joes,20901,ZCTA5 20901,123031.0,37207.0,39.7,26026.0,6681.0,5130.0,1514.0,13325.0,51.2
Traderjoes,649,Shopping List,800 Kenilworth Drive,Towson,MD,21204.0,410-321-0276,Trader Joes,21204,ZCTA5 21204,92734.0,20188.0,34.8,13089.0,4408.0,2750.0,651.0,7809.0,59.7
Traderjoes,519,Shopping List,87 Marginal Way,Portland,ME,4101.0,207-699-3799,Trader Joes,,,,,,,,,,,
Traderjoes,678,Shopping List,2398 East Stadium Blvd,Ann Arbor,MI,48104.0,734-975-2455,Trader Joes,48104,ZCTA5 48104,58224.0,45161.0,22.9,18498.0,5715.0,5125.0,2482.0,13322.0,72.0
Traderjoes,675,Shopping List,6536 Telegraph Rd,Bloomfield Hills,MI,48301.0,248-855-2283,Trader Joes,48301,ZCTA5 48301,159833.0,14806.0,47.7,10414.0,3654.0,2484.0,522.0,6660.0,64.0
Traderjoes,804,Shopping List,2755 E Grand River Ave,East Lansing,MI,48823.0,517-274-8581,Trader Joes,48823,ZCTA5 48823,49302.0,49713.0,24.5,24240.0,7412.0,4264.0,2005.0,13681.0,56.4
Traderjoes,665,Shopping List,17028 Kercheval Ave,Grosse Pointe,MI,48230.0,313-640-7794,Trader Joes,48230,ZCTA5 48230,135865.0,17501.0,43.2,12296.0,4397.0,2905.0,445.0,7747.0,63.0
Traderjoes,708,Shopping List,5099 Century Ave,Kalamazoo,MI,49006.0,269-372-2049,Trader Joes,49006,ZCTA5 49006,46777.0,26730.0,22.9,11133.0,3376.0,1438.0,464.0,5278.0,47.4
Traderjoes,707,Shopping List,3684 28th St SE,Kentwood,MI,49512.0,616-977-1819,Trader Joes,49512,ZCTA5 49512,65640.0,19141.0,32.9,12993.0,3609.0,1025.0,88.0,4722.0,36.3
Traderjoes,667,Shopping List,18771 Traditions Drive,Northville,MI,48167.0,248-349-4909,Trader Joes,48167,ZCTA5 48167,109769.0,22830.0,45.5,17048.0,5111.0,3825.0,343.0,9279.0,54.4
Traderjoes,668,Shopping List,3044 Walton Blvd,Rochester Hills,MI,48309.0,248-375-2190,Trader Joes,48309,ZCTA5 48309,117439.0,30626.0,42.6,20398.0,6922.0,4205.0,555.0,11682.0,57.3
Traderjoes,674,Shopping List,27880 Woodward Ave,Royal Oak,MI,48067.0,248-582-9002,Trader Joes,48067,ZCTA5 48067,102687.0,24285.0,35.3,18796.0,7425.0,3709.0,461.0,11595.0,61.7
Traderjoes,724,Shopping List,4270 W 78th St,Bloomington,MN,55435.0,952-835-8640,Trader Joes,55435,ZCTA5 55435,71664.0,14053.0,49.2,11415.0,4299.0,1764.0,255.0,6318.0,55.3
Traderjoes,717,Shopping List,2065 Cliff Road,Eagan,MN,55122.0,651-362-4841,Trader Joes,55122,ZCTA5 55122,90306.0,31494.0,39.4,22106.0,6821.0,2551.0,428.0,9800.0,44.3
Traderjoes,713,Shopping List,12105 Elm Creek Blvd N,Maple Grove,MN,55369.0,763-315-1739,Trader Joes,55369,ZCTA5 55369,109543.0,37983.0,39.9,27479.0,8722.0,3485.0,604.0,12811.0,46.6
Traderjoes,725,Shopping List,"721 Washington Ave S, Suite 101",Minneapolis,MN,55415.0,612-339-2110,Trader Joes,55415,ZCTA5 55415,128378.0,6120.0,32.3,4592.0,1784.0,787.0,123.0,2694.0,58.7
Traderjoes,714,Shopping List,11220 Wayzata Blvd,Minnetonka,MN,55305.0,952-417-9080,Trader Joes,55305,ZCTA5 55305,104380.0,21256.0,39.5,16207.0,6275.0,2522.0,385.0,9182.0,56.7
Traderjoes,718,Shopping List,1200 16th St SW,Rochester,MN,55902.0,507-281-4411,Trader Joes,55902,ZCTA5 55902,107017.0,26047.0,40.0,18266.0,5080.0,3269.0,1079.0,9428.0,51.6
Traderjoes,727,Shopping List,1041 Red Fox Rd,Shoreview,MN,55126.0,651-765-1398,Trader Joes,55126,ZCTA5 55126,105679.0,27482.0,45.1,19804.0,7183.0,3241.0,1200.0,11624.0,58.7
Traderjoes,710,Shopping List,4500 Excelsior Blvd,St. Louis Park,MN,55416.0,952-285-1053,Trader Joes,55416,ZCTA5 55416,99383.0,34715.0,35.3,26553.0,12185.0,4677.0,844.0,17706.0,66.7
Traderjoes,716,Shopping List,484 Lexington Pkwy S,St. Paul,MN,55105.0,651-698-3119,Trader Joes,55105,ZCTA5 55105,112162.0,27299.0,35.0,17879.0,7297.0,4086.0,1268.0,12651.0,70.8
Traderjoes,715,Shopping List,"8960 Hudson Rd., Ste. 801",Woodbury,MN,55125.0,651-735-0269,Trader Joes,55125,ZCTA5 55125,115704.0,45835.0,38.5,30804.0,11597.0,4881.0,796.0,17274.0,56.1
Traderjoes,692,Shopping List,48 Brentwood Promenade Court,Brentwood,MO,63144.0,314-963-0253,Trader Joes,63144,ZCTA5 63144,95276.0,9027.0,35.5,6554.0,2617.0,1419.0,326.0,4362.0,66.6
Traderjoes,693,Shopping List,1679 Clarkson Rd,Chesterfield,MO,63017.0,636-536-7846,Trader Joes,63017,ZCTA5 63017,130604.0,42686.0,47.7,31377.0,10740.0,6817.0,1548.0,19105.0,60.9
Traderjoes,808,Shopping List,201 N Stadium Blvd,Columbia,MO,65203.0,573-370-7203,Trader Joes,65203,ZCTA5 65203,75543.0,59673.0,36.2,39235.0,12727.0,7225.0,2607.0,22559.0,57.5
Traderjoes,694,Shopping List,11505 Olive Blvd,Creve Coeur,MO,63141.0,314-569-0432,Trader Joes,63141,ZCTA5 63141,120648.0,20781.0,45.2,15091.0,5054.0,2856.0,886.0,8796.0,58.3
Traderjoes,695,Shopping List,13343 Manchester Rd,Des Peres,MO,63131.0,314-984-5051,Trader Joes,63131,ZCTA5 63131,208654.0,18531.0,47.1,12824.0,5237.0,3122.0,627.0,8986.0,70.1
Traderjoes,720,Shopping List,8600 Ward Pkwy,Kansas City,MO,64114.0,816-333-5322,Trader Joes,64114,ZCTA5 64114,75207.0,24931.0,40.9,19798.0,6798.0,2675.0,330.0,9803.0,49.5
Traderjoes,740,Shopping List,120 Merrimon Ave,Asheville,NC,28801.0,828-232-5078,Trader Joes,28801,ZCTA5 28801,46496.0,13498.0,43.9,10861.0,3327.0,1344.0,196.0,4867.0,44.8
Traderjoes,741,Shopping List,1393 Kildaire Farm Rd,Cary,NC,27511.0,919-465-5985,Trader Joes,27511,ZCTA5 27511,98474.0,32880.0,41.9,23772.0,8340.0,3739.0,1020.0,13099.0,55.1
Traderjoes,745,Shopping List,1800 E Franklin St,Chapel Hill,NC,27514.0,919-918-7871,Trader Joes,27514,ZCTA5 27514,97511.0,32149.0,23.8,15426.0,4612.0,3824.0,2405.0,10841.0,70.3
Traderjoes,742,Shopping List,6418 Rea Rd,Charlotte,NC,28277.0,704-543-5249,Trader Joes,28277,ZCTA5 28277,117369.0,71047.0,40.3,48895.0,19647.0,9678.0,1092.0,30417.0,62.2
Traderjoes,743,Shopping List,1820 E Arbors Dr,Charlotte,NC,28262.0,704-688-9578,Trader Joes,28262,ZCTA5 28262,63631.0,45186.0,30.2,29259.0,8932.0,3826.0,374.0,13132.0,44.9
Traderjoes,744,Shopping List,1133 Metropolitan Ave,Charlotte,NC,28204.0,704-334-0737,Trader Joes,28204,ZCTA5 28204,77279.0,9525.0,30.4,7537.0,3293.0,1275.0,162.0,4730.0,62.8
Traderjoes,750,Shopping List,3721 Battleground Ave.,Greensboro,NC,27410.0,336-286-7859,Trader Joes,27410,ZCTA5 27410,80271.0,54951.0,40.7,38591.0,12799.0,6305.0,1361.0,20465.0,53.0
Traderjoes,790,Shopping List,3160 B Evans St,Greenville,NC,27834.0,252-374-8457,Trader Joes,27834,ZCTA5 27834,44515.0,54547.0,32.5,34649.0,5255.0,2373.0,452.0,8080.0,23.3
Traderjoes,791,Shopping List,951 Morrisville Parkway,Morrisville,NC,27560.0,919-460-4449,Trader Joes,27560,ZCTA5 27560,110458.0,38567.0,33.4,26771.0,11238.0,6528.0,912.0,18678.0,69.8
Traderjoes,746,Shopping List,3000 Wake Forest Rd,Raleigh,NC,27609.0,919-981-7422,Trader Joes,27609,ZCTA5 27609,78118.0,35038.0,37.6,25624.0,10256.0,2987.0,502.0,13745.0,53.6
Traderjoes,748,Shopping List,8111 Creedmoor Rd,Raleigh,NC,27613.0,984-252-3344,Trader Joes,27613,ZCTA5 27613,119278.0,44575.0,40.2,31826.0,13303.0,5633.0,1136.0,20072.0,63.1
Traderjoes,747,Shopping List,1437 S College Rd,Wilmington,NC,28403.0,910-507-8870,Trader Joes,28403,ZCTA5 28403,50757.0,39628.0,30.3,23492.0,7379.0,2253.0,542.0,10174.0,43.3
Traderjoes,749,Shopping List,252 South Stratford Road,Winston Salem,NC,27103.0,336-721-1744,Trader Joes,27103,ZCTA5 27103,59073.0,34970.0,37.8,25393.0,5653.0,2757.0,962.0,9372.0,36.9
Traderjoes,722,Shopping List,"3120 Pine Lake Rd, Ste R",Lincoln,NE,68516.0,402-328-0120,Trader Joes,68516,ZCTA5 68516,97394.0,46714.0,37.6,30788.0,10729.0,4333.0,981.0,16043.0,52.1
Traderjoes,719,Shopping List,10305 Pacific St,Omaha,NE,68114.0,402-391-3698,Trader Joes,68114,ZCTA5 68114,71484.0,17786.0,39.7,12471.0,3644.0,1401.0,339.0,5384.0,43.2
Traderjoes,562,Shopping List,2 Market Street,Bedford,NH,3110.0,603-222-3074,Trader Joes,,,,,,,,,,,
Traderjoes,507,Shopping List,262 Daniel Webster HWY,Nashua,NH,3060.0,603-888-5460,Trader Joes,,,,,,,,,,,
Traderjoes,520,Shopping List,45 Gosling Rd,Portsmouth,NH,3801.0,603-431-2654,Trader Joes,,,,,,,,,,,
Traderjoes,615,Shopping List,110 Brick Plaza,Brick,NJ,8723.0,732-477-4781,Trader Joes,,,,,,,,,,,
Traderjoes,614,Shopping List,315 Promenade Blvd,Bridgewater,NJ,8807.0,732-805-0268,Trader Joes,,,,,,,,,,,
Traderjoes,613,Shopping List,775 Haddonfield Rd,Cherry Hill,NJ,8002.0,856-488-0801,Trader Joes,,,,,,,,,,,
Traderjoes,610,Shopping List,259 Allwood Road,Clifton,NJ,7012.0,973-777-5020,Trader Joes,,,,,,,,,,,
Traderjoes,617,Shopping List,3056 State Route 10 West,Denville,NJ,7834.0,973-537-3672,Trader Joes,,,,,,,,,,,
Traderjoes,606,Shopping List,715 River Rd,Edgewater,NJ,7020.0,201-945-5932,Trader Joes,,,,,,,,,,,
Traderjoes,604,Shopping List,176 Columbia Turnpike,Florham Park,NJ,7932.0,973-377-0679,Trader Joes,,,,,,,,,,,
Traderjoes,590,Shopping List,"4331 Route 9, Unit 3",Freehold,NJ,7728.0,732-462-1539,Trader Joes,,,,,,,,,,,
Traderjoes,611,Shopping List,1350 Willow Ave.,Hoboken,NJ,7030.0,201-714-4790,Trader Joes,,,,,,,,,,,
Traderjoes,593,Shopping List,675 US-1,Iselin,NJ,8830.0,848-306-5497,Trader Joes,,,,,,,,,,,
Traderjoes,631,Shopping List,300 P Route 73 S,Marlton,NJ,8053.0,856-988-3323,Trader Joes,,,,,,,,,,,
Traderjoes,591,Shopping List,1447 NJ-35,Middletown Township,NJ,7748.0,732-808-3237,Trader Joes,,,,,,,,,,,
Traderjoes,609,Shopping List,187 Millburn Ave,Millburn,NJ,7041.0,973-218-0912,Trader Joes,,,,,,,,,,,
Traderjoes,612,Shopping List,869 US-1,North Brunswick,NJ,8902.0,732-993-1403,Trader Joes,,,,,,,,,,,
Traderjoes,605,Shopping List,404 Rt 17 N,Paramus,NJ,7652.0,201-265-9624,Trader Joes,,,,,,,,,,,
Traderjoes,607,Shopping List,3528 Brunswick Pike,Princeton,NJ,8540.0,609-897-0581,Trader Joes,,,,,,,,,,,
Traderjoes,608,Shopping List,1031 Broad St,Shrewsbury,NJ,7702.0,732-389-2535,Trader Joes,,,,,,,,,,,
Traderjoes,603,Shopping List,910 Hamburg Turnpike,Wayne,NJ,7470.0,973-872-4604,Trader Joes,,,,,,,,,,,
Traderjoes,592,Shopping List,471 Mt Pleasant Ave,West Orange,NJ,7052.0,,Trader Joes,,,,,,,,,,,
Traderjoes,601,Shopping List,155 Elm St,Westfield,NJ,7090.0,908-301-0910,Trader Joes,,,,,,,,,,,
Traderjoes,602,Shopping List,20 Irvington St,Westwood,NJ,7675.0,201-263-0134,Trader Joes,,,,,,,,,,,
Traderjoes,166,Shopping List,8928 Holly Ave NE,Albuquerque,NM,87122.0,505-796-0311,Trader Joes,87122,ZCTA5 87122,152360.0,18592.0,45.1,13000.0,4150.0,3047.0,984.0,8181.0,62.9
Traderjoes,167,Shopping List,2200 Uptown Loop NE,Albuquerque,NM,87110.0,505-883-3662,Trader Joes,87110,ZCTA5 87110,61158.0,40404.0,40.6,29125.0,5564.0,3914.0,818.0,10296.0,35.4
Traderjoes,165,Shopping List,530 W Cordova Rd,Santa Fe,NM,87505.0,505-995-8145,Trader Joes,87505,ZCTA5 87505,77267.0,31857.0,52.4,25589.0,6463.0,3976.0,1365.0,11804.0,46.1
Traderjoes,281,Shopping List,3790 US Hwy 395 S,Carson City,NV,89705.0,775-267-2486,Trader Joes,89705,ZCTA5 89705,77826.0,5219.0,48.4,4005.0,758.0,254.0,12.0,1024.0,25.6
Traderjoes,280,Shopping List,10345 S Eastern Ave,Henderson,NV,89052.0,702-407-8673,Trader Joes,89052,ZCTA5 89052,96944.0,59075.0,45.6,43807.0,11896.0,5129.0,1095.0,18120.0,41.4
Traderjoes,97,Shopping List,2716 N Green Valley Pkwy,Henderson,NV,89014.0,702-433-6773,Trader Joes,89014,ZCTA5 89014,69848.0,41469.0,38.6,29116.0,5301.0,1984.0,301.0,7586.0,26.1
Traderjoes,284,Shopping List,"2315 Summa Dr, Ste 100",Las Vegas,NV,89135.0,702-242-0597,Trader Joes,89135,ZCTA5 89135,113377.0,30876.0,46.7,23292.0,6612.0,2902.0,528.0,10042.0,43.1
Traderjoes,86,Shopping List,7575 W Washington,Las Vegas,NV,89128.0,702-242-8240,Trader Joes,89128,ZCTA5 89128,66534.0,38500.0,38.7,26972.0,5171.0,2048.0,355.0,7574.0,28.1
Traderjoes,98,Shopping List,5639 Centennial Ctr Blvd,Las Vegas,NV,89149.0,702-396-3372,Trader Joes,89149,ZCTA5 89149,96454.0,43929.0,37.7,30261.0,6914.0,2855.0,304.0,10073.0,33.3
Traderjoes,278,Shopping List,"13945 S Virginia St, Suite 640",Reno,NV,89511.0,775-249-6301,Trader Joes,89511,ZCTA5 89511,114653.0,29038.0,45.8,22173.0,6146.0,3141.0,748.0,10035.0,45.3
Traderjoes,82,Shopping List,5035 S McCarran Blvd,Reno,NV,89502.0,775-826-1621,Trader Joes,89502,ZCTA5 89502,58228.0,46412.0,35.5,31777.0,3903.0,1462.0,219.0,5584.0,17.6
Traderjoes,279,Shopping List,185 Los Altos Pkwy,Sparks,NV,89436.0,775-259-1634,Trader Joes,89436,ZCTA5 89436,105324.0,47159.0,39.4,32194.0,7311.0,2861.0,317.0,10489.0,32.6
Traderjoes,547,Shopping List,445 Gold St,Brooklyn,NY,11201.0,718-243-0107,Trader Joes,11201,ZCTA5 11201,163310.0,69755.0,35.1,51970.0,19291.0,13761.0,2164.0,35216.0,67.8
Traderjoes,548,Shopping List,200 Kent Ave,Brooklyn,NY,11249.0,718-218-7315,Trader Joes,11249,ZCTA5 11249,113946.0,45087.0,30.2,28631.0,9713.0,5032.0,407.0,15152.0,52.9
Traderjoes,558,Shopping List,130 Court St,Brooklyn,NY,11201.0,718-246-8460,Trader Joes,11201,ZCTA5 11201,163310.0,69755.0,35.1,51970.0,19291.0,13761.0,2164.0,35216.0,67.8
Traderjoes,536,Shopping List,1565 Niagara Falls Blvd,Buffalo,NY,14228.0,716-833-4687,Trader Joes,14228,ZCTA5 14228,70960.0,25038.0,32.7,16159.0,4253.0,2820.0,703.0,7776.0,48.1
Traderjoes,535,Shopping List,79 Wolf Rd,Colonie,NY,12205.0,518-482-4538,Trader Joes,12205,ZCTA5 12205,87681.0,26436.0,44.2,19137.0,3706.0,2522.0,333.0,6561.0,34.3
Traderjoes,551,Shopping List,5900 Jericho Turnpike,Commack,NY,11725.0,631-499-0898,Trader Joes,11725,ZCTA5 11725,168786.0,28735.0,43.4,19888.0,6113.0,4251.0,391.0,10755.0,54.1
Traderjoes,550,Shopping List,910 Old Country Rd,Garden City,NY,11530.0,516-794-0174,Trader Joes,11530,ZCTA5 11530,186300.0,28207.0,41.8,18290.0,6208.0,3830.0,775.0,10813.0,59.1
Traderjoes,579,Shopping List,388 Feura Bush Rd,Glenmont,NY,12077.0,518-363-4927,Trader Joes,12077,ZCTA5 12077,131000.0,6752.0,43.9,4708.0,1282.0,1065.0,394.0,2741.0,58.2
Traderjoes,574,Shopping List,3 Halfmoon Crossing Blvd,Halfmoon,NY,12065.0,518-383-5015,Trader Joes,12065,ZCTA5 12065,112512.0,44563.0,40.6,31633.0,9091.0,5786.0,989.0,15866.0,50.2
Traderjoes,533,Shopping List,215 N Central Ave,Hartsdale,NY,10530.0,914-997-1960,Trader Joes,10530,ZCTA5 10530,112727.0,14090.0,50.2,11096.0,3846.0,2420.0,338.0,6604.0,59.5
Traderjoes,554,Shopping List,1280 West Broadway,Hewlett,NY,11557.0,516-569-7191,Trader Joes,11557,ZCTA5 11557,162266.0,8290.0,40.1,5599.0,2076.0,935.0,69.0,3080.0,55.0
Traderjoes,568,Shopping List,744 S Meadow Street,Ithaca,NY,14850.0,607-272-1420,Trader Joes,14850,ZCTA5 14850,64911.0,65740.0,28.4,36430.0,9903.0,8080.0,5741.0,23724.0,65.1
Traderjoes,556,Shopping List,2085 Smith Haven Plaza,Lake Grove,NY,11755.0,631-366-2094,Trader Joes,11755,ZCTA5 11755,121196.0,12227.0,41.4,8246.0,2257.0,1290.0,220.0,3767.0,45.7
Traderjoes,532,Shopping List,1260 Boston Post Rd,Larchmont,NY,10538.0,914-833-9112,Trader Joes,10538,ZCTA5 10538,222589.0,17605.0,39.4,11648.0,4171.0,2862.0,452.0,7485.0,64.3
Traderjoes,553,Shopping List,1714 Merrick Rd,Merrick,NY,11566.0,516-771-1012,Trader Joes,11566,ZCTA5 11566,172868.0,33976.0,42.3,24066.0,7465.0,4738.0,481.0,12684.0,52.7
Traderjoes,577,Shopping List,300 Rte 25A,Miller Place,NY,11764.0,934-225-8061,Trader Joes,11764,ZCTA5 11764,136360.0,12711.0,41.8,8491.0,1893.0,1353.0,283.0,3529.0,41.6
Traderjoes,538,Shopping List,400 Grand St. (Cellar),New York,NY,10002.0,212-477-8340,Trader Joes,10002,ZCTA5 10002,43362.0,76518.0,44.2,60952.0,16087.0,5440.0,616.0,22143.0,36.3
Traderjoes,539,Shopping List,233 Spring Street,New York,NY,10013.0,212-691-2721,Trader Joes,10013,ZCTA5 10013,150675.0,29453.0,40.2,22108.0,9554.0,3618.0,509.0,13681.0,61.9
Traderjoes,540,Shopping List,142 E 14th St,New York,NY,10003.0,212-529-4612,Trader Joes,10003,ZCTA5 10003,152863.0,53877.0,32.2,37093.0,16265.0,7846.0,2375.0,26486.0,71.4
Traderjoes,542,Shopping List,2073 Broadway,New York,NY,10023.0,212-799-0028,Trader Joes,10023,ZCTA5 10023,151468.0,65706.0,43.0,52617.0,19693.0,14158.0,2692.0,36543.0,69.5
Traderjoes,543,Shopping List,675 6th Ave,New York,NY,10010.0,212-255-2106,Trader Joes,10010,ZCTA5 10010,150288.0,32410.0,35.8,23887.0,10152.0,5233.0,939.0,16324.0,68.3
Traderjoes,544,Shopping List,200 E 32nd St,New York,NY,10016.0,212-889-3279,Trader Joes,10016,ZCTA5 10016,145864.0,54369.0,33.3,43500.0,18102.0,10877.0,1841.0,30820.0,70.9
Traderjoes,545,Shopping List,670 Columbus Ave,New York,NY,10025.0,212-678-1680,Trader Joes,10025,ZCTA5 10025,106916.0,96988.0,39.8,72928.0,20984.0,16920.0,4185.0,42089.0,57.7
Traderjoes,546,Shopping List,436 East 14th St,New York,NY,10009.0,212-777-9412,Trader Joes,10009,ZCTA5 10009,83344.0,58418.0,38.2,46815.0,17467.0,8890.0,1520.0,27877.0,59.5
Traderjoes,571,Shopping List,405 E. 59th Street,New York,NY,10022.0,212-935-3870,Trader Joes,10022,ZCTA5 10022,161236.0,33586.0,48.6,28679.0,10369.0,8647.0,1339.0,20355.0,71.0
Traderjoes,576,Shopping List,123 W 125th St,New York,NY,10027.0,646-337-1986,Trader Joes,10027,ZCTA5 10027,63125.0,65806.0,31.4,42580.0,10778.0,6935.0,2402.0,20115.0,47.2
Traderjoes,552,Shopping List,3418 Long Beach Rd,Oceanside,NY,11572.0,516-536-9163,Trader Joes,11572,ZCTA5 11572,134615.0,29961.0,45.6,21603.0,5328.0,3622.0,436.0,9386.0,43.4
Traderjoes,555,Shopping List,425 S Oyster Bay Rd,Plainview,NY,11803.0,516-933-6900,Trader Joes,11803,ZCTA5 11803,179197.0,30298.0,44.9,21105.0,6951.0,5144.0,638.0,12733.0,60.3
Traderjoes,557,Shopping List,9030 Metropolitan Ave,Queens,NY,11374.0,718-275-1791,Trader Joes,11374,ZCTA5 11374,86006.0,47230.0,41.4,35610.0,10961.0,5946.0,721.0,17628.0,49.5
Traderjoes,565,Shopping List,22-43 Jackson Ave,Queens,NY,11101.0,718-472-2672,Trader Joes,11101,ZCTA5 11101,109625.0,34279.0,34.0,26873.0,9112.0,5366.0,621.0,15099.0,56.2
Traderjoes,578,Shopping List,69-65 Yellowstone Blvd,Queens,NY,11375.0,718-544-8589,Trader Joes,11375,ZCTA5 11375,103995.0,75212.0,44.7,58743.0,19355.0,11675.0,2068.0,33098.0,56.3
Traderjoes,534,Shopping List,3349 Monroe Ave,Rochester,NY,14618.0,585-248-5011,Trader Joes,14618,ZCTA5 14618,118152.0,23783.0,40.0,15171.0,5194.0,3819.0,1174.0,10187.0,67.1
Traderjoes,531,Shopping List,727 White Plains Rd,Scarsdale,NY,10583.0,914-472-2988,Trader Joes,10583,ZCTA5 10583,243514.0,41107.0,43.1,27497.0,8556.0,7514.0,1433.0,17503.0,63.7
Traderjoes,559,Shopping List,2385 Richmond Ave,Staten Island,NY,10314.0,718-370-1085,Trader Joes,10314,ZCTA5 10314,103436.0,94355.0,41.7,66532.0,15792.0,7087.0,684.0,23563.0,35.4
Traderjoes,580,Shopping List,6400 Amboy Rd,Staten Island,NY,10309.0,329-208-1571,Trader Joes,10309,ZCTA5 10309,110123.0,34740.0,40.8,24109.0,5119.0,3191.0,168.0,8478.0,35.2
Traderjoes,537,Shopping List,3422 Erie Blvd E,Syracuse,NY,13214.0,315-446-1629,Trader Joes,13214,ZCTA5 13214,87095.0,8899.0,36.3,5279.0,1207.0,1096.0,98.0,2401.0,45.5
Traderjoes,575,Shopping List,5017 Transit Rd,Williamsville,NY,14221.0,716-415-3179,Trader Joes,14221,ZCTA5 14221,96266.0,55228.0,47.7,40755.0,10861.0,8552.0,1567.0,20980.0,51.5
Traderjoes,567,Shopping List,3240 Crompond Road,Yorktown,NY,10598.0,914-737-1460,Trader Joes,10598,ZCTA5 10598,153164.0,29066.0,45.6,20706.0,6484.0,3928.0,439.0,10851.0,52.4
Traderjoes,669,Shopping List,7788 Montgomery Rd,Cincinnati,OH,45236.0,513-984-3452,Trader Joes,45236,ZCTA5 45236,79785.0,24504.0,41.6,18728.0,5659.0,2407.0,260.0,8326.0,44.5
Traderjoes,679,Shopping List,3888 Townsfair Way,Columbus,OH,43219.0,614-473-0794,Trader Joes,43219,ZCTA5 43219,48946.0,32136.0,30.9,19715.0,2874.0,1339.0,146.0,4359.0,22.1
Traderjoes,672,Shopping List,6355 Sawmill Rd,Dublin,OH,43017.0,614-793-8505,Trader Joes,43017,ZCTA5 43017,128587.0,41837.0,38.8,27672.0,10241.0,6338.0,1038.0,17617.0,63.7
Traderjoes,673,Shopping List,328 East Stroop Rd,Kettering,OH,45429.0,937-294-5411,Trader Joes,45429,ZCTA5 45429,75112.0,26523.0,43.3,19522.0,5063.0,3114.0,360.0,8537.0,43.7
Traderjoes,709,Shopping List,9474 Mentor Ave,Mentor,OH,44060.0,440-350-7216,Trader Joes,44060,ZCTA5 44060,81656.0,59932.0,46.1,43992.0,9385.0,4564.0,262.0,14211.0,32.3
Traderjoes,677,Shopping List,175 Market St,Westlake,OH,44145.0,440-250-1592,Trader Joes,44145,ZCTA5 44145,103658.0,34027.0,47.0,24890.0,8133.0,3764.0,403.0,12300.0,49.4
Traderjoes,676,Shopping List,28425 Chagrin Blvd,Woodmere,OH,44122.0,216-591-9457,Trader Joes,44122,ZCTA5 44122,100335.0,36522.0,45.9,26277.0,6306.0,5570.0,1721.0,13597.0,51.7
Traderjoes,462,Shopping List,1525 E Hillside Dr,Broken Arrow,OK,74012.0,539-207-0023,Trader Joes,74012,ZCTA5 74012,78630.0,63498.0,36.7,42524.0,10240.0,2958.0,399.0,13597.0,32.0
Traderjoes,461,Shopping List,6409 Avondale Dr,Nichols Hills,OK,73116.0,405-843-5655,Trader Joes,73116,ZCTA5 73116,82060.0,9932.0,40.8,7403.0,2474.0,873.0,252.0,3599.0,48.6
Traderjoes,463,Shopping List,6920 Northwest Expy,Oklahoma City,OK,73132.0,405-357-0298,Trader Joes,73132,ZCTA5 73132,55875.0,27479.0,35.5,18458.0,4031.0,1637.0,153.0,5821.0,31.5
Traderjoes,460,Shopping List,3702 S Peoria Ave,Tulsa,OK,74105.0,918-712-9768,Trader Joes,74105,ZCTA5 74105,65130.0,26445.0,41.0,19598.0,5754.0,2019.0,490.0,8263.0,42.2
Traderjoes,141,Shopping List,11753 SW Beaverton Hillsdale Hwy,Beaverton,OR,97005.0,503-626-7398,Trader Joes,97005,ZCTA5 97005,69253.0,27543.0,34.9,19148.0,4591.0,1617.0,217.0,6425.0,33.6
Traderjoes,150,Shopping List,63455 N Hwy 97,Bend,OR,97701.0,541-312-4198,Trader Joes,97701,ZCTA5 97701,71927.0,41577.0,36.9,29010.0,7034.0,3495.0,419.0,10948.0,37.7
Traderjoes,152,Shopping List,9345 SE 82nd Ave,Clackamas,OR,97086.0,503-771-6300,Trader Joes,97086,ZCTA5 97086,100185.0,32537.0,40.9,22112.0,6143.0,2557.0,383.0,9083.0,41.1
Traderjoes,154,Shopping List,"1550 NW 9th St, Ste 100",Corvallis,OR,97330.0,541-753-0048,Trader Joes,97330,ZCTA5 97330,66196.0,44744.0,32.6,26988.0,7808.0,4761.0,2695.0,15264.0,56.6
Traderjoes,145,Shopping List,85 Oakway Center,Eugene,OR,97401.0,541-485-1744,Trader Joes,97401,ZCTA5 97401,48256.0,48214.0,29.5,28466.0,7623.0,3767.0,897.0,12287.0,43.2
Traderjoes,276,Shopping List,2083 NE Burnside Rd,Gresham,OR,97030.0,971-253-0535,Trader Joes,97030,ZCTA5 97030,61285.0,38947.0,36.6,26780.0,3519.0,1621.0,142.0,5282.0,19.7
Traderjoes,149,Shopping List,2285 NW 185th Ave,Hillsboro,OR,97124.0,503-645-8321,Trader Joes,97124,ZCTA5 97124,106228.0,54493.0,34.3,37815.0,8744.0,5794.0,2246.0,16784.0,44.4
Traderjoes,142,Shopping List,15391 SW Bangy Rd,Lake Oswego,OR,97035.0,503-639-3238,Trader Joes,97035,ZCTA5 97035,116786.0,26179.0,41.4,18719.0,6942.0,3886.0,823.0,11651.0,62.2
Traderjoes,155,Shopping List,55 Rossanley Dr,Medford,OR,97501.0,541-608-4993,Trader Joes,97501,ZCTA5 97501,58722.0,45900.0,37.5,31772.0,3797.0,1476.0,110.0,5383.0,16.9
Traderjoes,275,Shopping List,15574 SE McLoughlin Blvd,Milwaukie,OR,97267.0,971-365-7604,Trader Joes,97267,ZCTA5 97267,80245.0,31130.0,44.3,23361.0,5171.0,2091.0,266.0,7528.0,32.2
Traderjoes,143,Shopping List,4715 SE Cesar E. Chavez Blvd,Portland,OR,97202.0,503-777-1601,Trader Joes,97202,ZCTA5 97202,94983.0,43687.0,37.3,32153.0,11056.0,6149.0,1021.0,18226.0,56.7
Traderjoes,144,Shopping List,4121 NE Halsey St,Portland,OR,97232.0,503-284-4232,Trader Joes,97232,ZCTA5 97232,75013.0,14941.0,34.9,11872.0,4868.0,1895.0,329.0,7092.0,59.7
Traderjoes,146,Shopping List,2122 NW Glisan St,Portland,OR,97210.0,971-544-0788,Trader Joes,97210,ZCTA5 97210,86681.0,12007.0,36.6,9739.0,3510.0,1932.0,439.0,5881.0,60.4
Traderjoes,168,Shopping List,7215 SW Garden Home Road,Portland,OR,97223.0,503-244-4625,Trader Joes,97223,ZCTA5 97223,104463.0,50027.0,39.1,36380.0,11819.0,4859.0,758.0,17436.0,47.9
Traderjoes,153,Shopping List,4450 Commercial St SE,Salem,OR,97302.0,503-378-9042,Trader Joes,97302,ZCTA5 97302,80439.0,41382.0,39.3,28893.0,7262.0,3280.0,845.0,11387.0,39.4
Traderjoes,169,Shopping List,16200 SW Pacific Hwy,Tigard,OR,97224.0,503-443-6713,Trader Joes,97224,ZCTA5 97224,86401.0,36591.0,45.3,27860.0,8342.0,3045.0,482.0,11869.0,42.6
Traderjoes,635,Shopping List,112 Coulter Ave,Ardmore,PA,19003.0,610-658-0645,Trader Joes,19003,ZCTA5 19003,119764.0,13953.0,37.5,9771.0,3419.0,2109.0,506.0,6034.0,61.8
Traderjoes,584,Shopping List,550 Lancaster Ave,Berwyn,PA,19312.0,610-920-0029,Trader Joes,19312,ZCTA5 19312,181471.0,12021.0,45.4,8084.0,2959.0,2097.0,513.0,5569.0,68.9
Traderjoes,569,Shopping List,3545 Gettysburg Road,Camp Hill,PA,17011.0,717-730-6025,Trader Joes,17011,ZCTA5 17011,85573.0,38861.0,39.8,27992.0,7177.0,3527.0,454.0,11158.0,39.9
Traderjoes,594,Shopping List,125 West Lincoln Hwy,Exton,PA,19341.0,267-267-2910,Trader Joes,19341,ZCTA5 19341,120694.0,20545.0,38.3,14651.0,5957.0,2496.0,538.0,8991.0,61.4
Traderjoes,633,Shopping List,933 Old York Rd,Jenkintown,PA,19046.0,215-885-5240,Trader Joes,19046,ZCTA5 19046,112320.0,18994.0,46.4,13755.0,4493.0,2464.0,370.0,7327.0,53.3
Traderjoes,585,Shopping List,224 W Dekalb Pike,King of Prussia,PA,19406.0,484-261-7509,Trader Joes,19406,ZCTA5 19406,106952.0,28826.0,36.2,21519.0,8568.0,3615.0,468.0,12651.0,58.8
Traderjoes,637,Shopping List,12 E State St,Media,PA,19063.0,610-891-2752,Trader Joes,19063,ZCTA5 19063,119388.0,37716.0,45.2,27865.0,8196.0,5391.0,1217.0,14804.0,53.1
Traderjoes,639,Shopping List,1460 Bethlehem Pike,North Wales,PA,19454.0,215-646-5870,Trader Joes,19454,ZCTA5 19454,109579.0,28036.0,46.4,20700.0,6518.0,3341.0,654.0,10513.0,50.8
Traderjoes,618,Shopping List,1324 Arch St.,Philadelphia,PA,19107.0,215-563-2170,Trader Joes,19107,ZCTA5 19107,67690.0,15232.0,31.1,11555.0,4148.0,1921.0,685.0,6754.0,58.5
Traderjoes,634,Shopping List,2121 Market St,Philadelphia,PA,19103.0,215-569-9282,Trader Joes,19103,ZCTA5 19103,93740.0,25705.0,35.3,21931.0,7971.0,5746.0,1589.0,15306.0,69.8
Traderjoes,624,Shopping List,9020 Covenant Ave,Pittsburgh,PA,15237.0,412-366-1131,Trader Joes,15237,ZCTA5 15237,104918.0,44149.0,42.3,32404.0,11624.0,5162.0,891.0,17677.0,54.6
Traderjoes,630,Shopping List,1630 Washington Rd,Pittsburgh,PA,15241.0,412-835-2212,Trader Joes,15241,ZCTA5 15241,144448.0,21823.0,44.6,15065.0,5831.0,3338.0,532.0,9701.0,64.4
Traderjoes,638,Shopping List,6343 Penn Ave,Pittsburgh,PA,15206.0,412-363-5748,Trader Joes,15206,ZCTA5 15206,64978.0,29316.0,35.6,22395.0,6117.0,4071.0,1486.0,11674.0,52.1
Traderjoes,629,Shopping List,243 Patriot Lane,State College,PA,16803.0,814-234-2224,Trader Joes,16803,ZCTA5 16803,65224.0,23964.0,29.9,14697.0,4038.0,4067.0,2222.0,10327.0,70.3
Traderjoes,632,Shopping List,171 E Swedesford Rd,Wayne,PA,19087.0,610-225-0925,Trader Joes,19087,ZCTA5 19087,161554.0,33683.0,39.6,21978.0,8403.0,5138.0,1714.0,15255.0,69.4
Traderjoes,572,Shopping List,425 S Main St,Providence,RI,2903.0,401-459-4090,Trader Joes,,,,,,,,,,,
Traderjoes,518,Shopping List,1000 Bald Hill Rd,Warwick,RI,2886.0,401-821-5368,Trader Joes,,,,,,,,,,,
Traderjoes,753,Shopping List,4516 Forest Drive,Columbia,SC,29206.0,803-790-2404,Trader Joes,29206,ZCTA5 29206,83708.0,18746.0,36.9,12827.0,4813.0,1925.0,467.0,7205.0,56.2
Traderjoes,856,Shopping List,275 Harbison Blvd,Columbia,SC,29212.0,803-574-8020,Trader Joes,29212,ZCTA5 29212,71968.0,27310.0,42.6,19841.0,5263.0,2597.0,687.0,8547.0,43.1
Traderjoes,751,Shopping List,59 Woodruff Industrial Ln,Greenville,SC,29607.0,864-286-0231,Trader Joes,29607,ZCTA5 29607,65712.0,43466.0,34.4,30025.0,9560.0,3770.0,889.0,14219.0,47.4
Traderjoes,752,Shopping List,401 Johnnie Dodds Blvd,Mt. Pleasant,SC,29464.0,843-884-4037,Trader Joes,29464,ZCTA5 29464,104366.0,51259.0,42.3,39413.0,16661.0,6270.0,844.0,23775.0,60.3
Traderjoes,812,Shopping List,1909 Hwy 17 N,Mt. Pleasant,SC,29464.0,854-223-5830,Trader Joes,29464,ZCTA5 29464,104366.0,51259.0,42.3,39413.0,16661.0,6270.0,844.0,23775.0,60.3
Traderjoes,828,Shopping List,115 SayeBrook Pkwy,Myrtle Beach,SC,29588.0,843-630-6282,Trader Joes,29588,ZCTA5 29588,60337.0,52899.0,45.6,39342.0,6117.0,2461.0,258.0,8836.0,22.5
Traderjoes,787,Shopping List,2111 Gunbarrel Road,Chattanooga,TN,37421.0,423-855-1310,Trader Joes,37421,ZCTA5 37421,76562.0,52507.0,40.9,38402.0,8927.0,4037.0,510.0,13474.0,35.1
Traderjoes,792,Shopping List,545 Cool Springs Blvd,Franklin,TN,37067.0,615-771-3697,Trader Joes,37067,ZCTA5 37067,105403.0,31953.0,37.3,21846.0,8866.0,4414.0,576.0,13856.0,63.4
Traderjoes,738,Shopping List,"2130 Exeter Rd., Suite 101",Germantown,TN,38138.0,901-759-2803,Trader Joes,38138,ZCTA5 38138,122627.0,25465.0,43.0,17533.0,6315.0,3293.0,525.0,10133.0,57.8
Traderjoes,663,Shopping List,8001 Kingston Pike,Knoxville,TN,37919.0,865-670-4088,Trader Joes,37919,ZCTA5 37919,71923.0,30956.0,38.6,20981.0,6389.0,2961.0,967.0,10317.0,49.2
Traderjoes,815,Shopping List,2305 Medical Center Parkway,Murfreesboro,TN,37129.0,629-260-7432,Trader Joes,37129,ZCTA5 37129,84076.0,60448.0,37.4,40079.0,9647.0,3497.0,981.0,14125.0,35.2
Traderjoes,664,Shopping List,3909 Hillsboro Pike,Nashville,TN,37215.0,615-297-6560,Trader Joes,37215,ZCTA5 37215,148074.0,22363.0,43.8,16719.0,6268.0,3300.0,1234.0,10802.0,64.6
Traderjoes,739,Shopping List,90 White Bridge Rd,Nashville,TN,37205.0,615-356-1066,Trader Joes,37205,ZCTA5 37205,136100.0,25711.0,48.8,19284.0,7411.0,3669.0,1361.0,12441.0,64.5
Traderjoes,452,Shopping List,"211 Walter Seaholm Dr, Ste 100",Austin,TX,78701.0,512-474-2263,Trader Joes,78701,ZCTA5 78701,148049.0,10659.0,41.5,9714.0,4624.0,2259.0,367.0,7250.0,74.6
Traderjoes,453,Shopping List,2805 Bee Cave Rd,Austin,TX,78746.0,512-306-1032,Trader Joes,78746,ZCTA5 78746,174367.0,28329.0,42.1,19392.0,8546.0,4366.0,1176.0,14088.0,72.6
Traderjoes,454,Shopping List,"9722 Great Hills Trail, Ste 200",Austin,TX,78759.0,512-241-1248,Trader Joes,78759,ZCTA5 78759,97688.0,45400.0,38.0,34266.0,13620.0,6984.0,1134.0,21738.0,63.4
Traderjoes,450,Shopping List,"12812 Shops Pkwy, Bee Cave",Bee Cave,TX,78738.0,737-379-1680,Trader Joes,78738,ZCTA5 78738,158194.0,28613.0,42.4,19835.0,9035.0,3913.0,810.0,13758.0,69.4
Traderjoes,456,Shopping List,120 S Denton Tap Rd.,Coppell,TX,75019.0,945-202-7413,Trader Joes,75019,ZCTA5 75019,136679.0,44706.0,38.9,30000.0,11443.0,7238.0,904.0,19585.0,65.3
Traderjoes,432,Shopping List,9715 Towne Lake Pkwy,Cypress,TX,77433.0,281-290-4216,Trader Joes,77433,ZCTA5 77433,134390.0,107887.0,33.1,64017.0,20871.0,9128.0,1341.0,31340.0,49.0
Traderjoes,400,Shopping List,4525 Cole Ave,Dallas,TX,75205.0,214-599-2155,Trader Joes,75205,ZCTA5 75205,180698.0,25212.0,33.1,14895.0,6532.0,3269.0,762.0,10563.0,70.9
Traderjoes,401,Shopping List,7939 Walnut Hill Lane,Dallas,TX,75230.0,214-346-6579,Trader Joes,75230,ZCTA5 75230,109589.0,26503.0,47.6,20621.0,7320.0,3225.0,902.0,11447.0,55.5
Traderjoes,403,Shopping List,2001 Greenville Ave,Dallas,TX,75206.0,469-334-0614,Trader Joes,75206,ZCTA5 75206,84784.0,38432.0,30.9,28926.0,13979.0,4771.0,728.0,19478.0,67.3
Traderjoes,405,Shopping List,"5550 W Lovers Lane, Ste 168",Dallas,TX,75209.0,214-366-0205,Trader Joes,75209,ZCTA5 75209,116477.0,14208.0,39.7,10949.0,4529.0,2033.0,235.0,6797.0,62.1
Traderjoes,407,Shopping List,14856 Preston Rd,Dallas,TX,75254.0,972-239-3901,Trader Joes,75254,ZCTA5 75254,70901.0,24316.0,30.8,16526.0,5363.0,2102.0,263.0,7728.0,46.8
Traderjoes,404,Shopping List,2701 S Hulen St,Fort Worth,TX,76109.0,817-922-9107,Trader Joes,76109,ZCTA5 76109,99102.0,25658.0,31.9,15646.0,6555.0,2954.0,831.0,10340.0,66.1
Traderjoes,426,Shopping List,2922 S Shepherd Drive,Houston,TX,77098.0,713-526-4034,Trader Joes,77098,ZCTA5 77098,108799.0,15553.0,35.9,11748.0,4021.0,2805.0,1095.0,7921.0,67.4
Traderjoes,427,Shopping List,1440 South Voss Road,Houston,TX,77057.0,713-266-2377,Trader Joes,77057,ZCTA5 77057,68955.0,45023.0,33.9,32206.0,10177.0,4646.0,510.0,15333.0,47.6
Traderjoes,431,Shopping List,11683 Westheimer Rd,Houston,TX,77077.0,281-496-2488,Trader Joes,77077,ZCTA5 77077,69782.0,62933.0,35.4,44828.0,15201.0,8468.0,837.0,24506.0,54.7
Traderjoes,429,Shopping List,2717 Commercial Center Blvd,Katy,TX,77494.0,281-392-4200,Trader Joes,77494,ZCTA5 77494,144444.0,130920.0,37.7,80997.0,30880.0,17318.0,3632.0,51830.0,64.0
Traderjoes,433,Shopping List,600 Kingwood Dr,Kingwood,TX,77339.0,281-453-6996,Trader Joes,77339,ZCTA5 77339,81274.0,43810.0,39.3,29357.0,7376.0,3477.0,306.0,11159.0,38.0
Traderjoes,408,Shopping List,"2851 Craig Dr, Ste 100",McKinney,TX,75070.0,214-491-1893,Trader Joes,75070,ZCTA5 75070,101188.0,57516.0,36.0,36747.0,14032.0,5887.0,745.0,20664.0,56.2
Traderjoes,410,Shopping List,8101 Eldorado Pkwy,McKinney,TX,75070.0,,Trader Joes,75070,ZCTA5 75070,101188.0,57516.0,36.0,36747.0,14032.0,5887.0,745.0,20664.0,56.2
Traderjoes,402,Shopping List,"2400 Preston Rd, Ste 200",Plano,TX,75093.0,972-312-9538,Trader Joes,75093,ZCTA5 75093,121360.0,47069.0,42.8,34647.0,13981.0,7339.0,838.0,22158.0,64.0
Traderjoes,451,Shopping List,350 East Basse Road,San Antonio,TX,78209.0,210-826-1110,Trader Joes,78209,ZCTA5 78209,79914.0,43184.0,36.9,29412.0,9113.0,4635.0,1138.0,14886.0,50.6
Traderjoes,455,Shopping List,403 N Loop 1604 W,San Antonio,TX,78232.0,210-939-5789,Trader Joes,78232,ZCTA5 78232,85029.0,36169.0,38.5,25179.0,7688.0,3225.0,475.0,11388.0,45.2
Traderjoes,457,Shopping List,11745 I-10 W,San Antonio,TX,78230.0,210-607-6510,Trader Joes,78230,ZCTA5 78230,69171.0,42387.0,38.2,30130.0,8768.0,3799.0,648.0,13215.0,43.9
Traderjoes,406,Shopping List,1492 E Southlake Blvd,Southlake,TX,76092.0,817-251-0360,Trader Joes,76092,ZCTA5 76092,250001.0,31212.0,42.2,19613.0,8061.0,4385.0,707.0,13153.0,67.1
Traderjoes,430,Shopping List,13550 University Blvd,Sugar Land,TX,77479.0,281-805-3021,Trader Joes,77479,ZCTA5 77479,154658.0,91618.0,40.9,61084.0,21135.0,13782.0,2795.0,37712.0,61.7
Traderjoes,428,Shopping List,10868 Kuykendahl Road,The Woodlands,TX,77381.0,281-465-0254,Trader Joes,77381,ZCTA5 77381,143198.0,36414.0,43.7,24990.0,9161.0,4516.0,1006.0,14683.0,58.8
Traderjoes,351,Shopping List,6989 S 1300 E,Cottonwood Heights,UT,84047.0,801-562-3024,Trader Joes,84047,ZCTA5 84047,70903.0,36742.0,33.1,24967.0,5381.0,2044.0,185.0,7610.0,30.5
Traderjoes,353,Shopping List,11477 S. State St.,Draper,UT,84020.0,801-571-0987,Trader Joes,84020,ZCTA5 84020,126041.0,50635.0,33.6,31228.0,9736.0,3810.0,749.0,14295.0,45.8
Traderjoes,356,Shopping List,4850 W 13400 South,Herriman,UT,84096.0,,Trader Joes,84096,ZCTA5 84096,114018.0,69619.0,28.9,39314.0,11134.0,3582.0,279.0,14995.0,38.1
Traderjoes,357,Shopping List,1895 East Rodeo Walk Dr,Holladay,UT,84117.0,385-324-2911,Trader Joes,84117,ZCTA5 84117,82866.0,24748.0,41.5,18222.0,5844.0,2118.0,428.0,8390.0,46.0
Traderjoes,352,Shopping List,440 East Park Avenue,Orem,UT,84097.0,801-224-1453,Trader Joes,84097,ZCTA5 84097,92542.0,21774.0,29.6,12578.0,3877.0,1420.0,474.0,5771.0,45.9
Traderjoes,355,Shopping List,"4060 Riverdale Rd, Suite B",Riverdale,UT,84405.0,385-298-4276,Trader Joes,84405,ZCTA5 84405,84752.0,34652.0,33.1,21832.0,4489.0,1600.0,194.0,6283.0,28.8
Traderjoes,350,Shopping List,634 East 400 South,Salt Lake City,UT,84102.0,801-359-2462,Trader Joes,84102,ZCTA5 84102,50036.0,19165.0,28.8,12007.0,3811.0,1901.0,407.0,6119.0,51.0
Traderjoes,354,Shopping List,2160 S 700 E,Salt Lake City,UT,84106.0,801-720-8834,Trader Joes,84106,ZCTA5 84106,90381.0,34704.0,35.2,25049.0,8082.0,3662.0,910.0,12654.0,50.5
Traderjoes,647,Shopping List,612 N Saint Asaph St,Alexandria,VA,22314.0,703-548-0611,Trader Joes,22314,ZCTA5 22314,143031.0,35577.0,39.8,29504.0,9780.0,9075.0,1720.0,20575.0,69.7
Traderjoes,640,Shopping List,1109 N Highland St,Arlington,VA,22201.0,703-351-8015,Trader Joes,22201,ZCTA5 22201,140453.0,38010.0,31.3,28776.0,11492.0,9009.0,1247.0,21748.0,75.6
Traderjoes,619,Shopping List,44755 Brimfield Dr,Ashburn,VA,20147.0,703-858-5993,Trader Joes,20147,ZCTA5 20147,154714.0,66917.0,38.4,44996.0,16462.0,10335.0,1519.0,28316.0,62.9
Traderjoes,644,Shopping List,5847 Leesburg Pike,Bailey&#x27;s Crossroads,VA,22041.0,703-379-5883,Trader Joes,22041,ZCTA5 22041,86731.0,29132.0,35.7,20061.0,4714.0,3307.0,524.0,8545.0,42.6
Traderjoes,654,Shopping List,14100 Lee Hwy,Centreville,VA,20120.0,703-815-0697,Trader Joes,20120,ZCTA5 20120,147266.0,43315.0,37.6,28622.0,9011.0,6584.0,610.0,16205.0,56.6
Traderjoes,661,Shopping List,2025 Bond St.,Charlottesville,VA,22901.0,434-974-1466,Trader Joes,22901,ZCTA5 22901,88911.0,35610.0,43.4,26248.0,7679.0,4941.0,1705.0,14325.0,54.6
Traderjoes,643,Shopping List,9464 Main St,Fairfax,VA,22031.0,703-764-8550,Trader Joes,22031,ZCTA5 22031,126049.0,35872.0,35.5,25520.0,8920.0,6633.0,971.0,16524.0,64.7
Traderjoes,641,Shopping List,7514 Leesburg Turnpike,Falls Church,VA,22043.0,703-288-0566,Trader Joes,22043,ZCTA5 22043,136648.0,25843.0,37.8,17640.0,5065.0,4964.0,871.0,10900.0,61.8
Traderjoes,659,Shopping List,11331 W Broad St,Glen Allen,VA,23060.0,804-360-4098,Trader Joes,23060,ZCTA5 23060,105249.0,36699.0,40.6,25165.0,8297.0,3952.0,510.0,12759.0,50.7
Traderjoes,817,Shopping List,504 Fort Evans Rd NE,Leesburg,VA,20176.0,571-582-2209,Trader Joes,20176,ZCTA5 20176,156077.0,50640.0,37.9,33091.0,11831.0,5859.0,627.0,18317.0,55.4
Traderjoes,656,Shopping List,12551 Jefferson Ave,Newport News,VA,23602.0,757-890-0235,Trader Joes,23602,ZCTA5 23602,70717.0,43127.0,34.8,29398.0,6469.0,2998.0,372.0,9839.0,33.5
Traderjoes,646,Shopping List,11958 Killingsworth Ave,Reston,VA,20194.0,703-689-0865,Trader Joes,20194,ZCTA5 20194,161639.0,12576.0,42.3,9363.0,3820.0,2981.0,275.0,7076.0,75.6
Traderjoes,786,Shopping List,3000 Stony Point Rd,Richmond,VA,23235.0,804-323-4292,Trader Joes,23235,ZCTA5 23235,88767.0,32673.0,44.5,24404.0,7171.0,3823.0,639.0,11633.0,47.7
Traderjoes,651,Shopping List,6394 Springfield Plaza,Springfield,VA,22150.0,703-569-9301,Trader Joes,22150,ZCTA5 22150,112331.0,27734.0,41.0,19395.0,4887.0,2828.0,433.0,8148.0,42.0
Traderjoes,660,Shopping List,503 Hilltop Plaza,Virginia Beach,VA,23454.0,757-422-4840,Trader Joes,23454,ZCTA5 23454,95547.0,58022.0,38.5,41185.0,11203.0,4670.0,879.0,16752.0,40.7
Traderjoes,823,Shopping List,220 Constitution Drive,Virginia Beach,VA,23462.0,757-863-7406,Trader Joes,23462,ZCTA5 23462,69375.0,68499.0,33.9,45100.0,9800.0,3681.0,507.0,13988.0,31.0
Traderjoes,809,Shopping List,8402 Old Keene Mill Rd,West Springfield,VA,22152.0,703-202-8770,Trader Joes,22152,ZCTA5 22152,155563.0,30155.0,38.6,20029.0,6173.0,4617.0,578.0,11368.0,56.8
Traderjoes,657,Shopping List,5000 Settlers Market Blvd,Williamsburg,VA,23188.0,757-259-2135,Trader Joes,23188,ZCTA5 23188,96821.0,44465.0,48.7,32785.0,9103.0,5273.0,928.0,15304.0,46.7
Traderjoes,527,Shopping List,200 Dorset St,South Burlington,VT,5403.0,802-658-4500,Trader Joes,,,,,,,,,,,
Traderjoes,131,Shopping List,15563 NE 24th St,Bellevue,WA,98007.0,425-641-5069,Trader Joes,98007,ZCTA5 98007,118634.0,27571.0,33.1,20525.0,6556.0,6026.0,467.0,13049.0,63.6
Traderjoes,162,Shopping List,416 116th Ave NE,Bellevue,WA,98004.0,425-454-9799,Trader Joes,98004,ZCTA5 98004,157784.0,39161.0,37.8,30161.0,10659.0,8541.0,1238.0,20438.0,67.8
Traderjoes,151,Shopping List,2410 James St,Bellingham,WA,98225.0,360-734-5166,Trader Joes,98225,ZCTA5 98225,61679.0,49667.0,31.4,29782.0,7831.0,4142.0,1177.0,13150.0,44.2
Traderjoes,274,Shopping List,"4255 Meridian St, Suite 200",Bellingham,WA,98226.0,360-217-2007,Trader Joes,98226,ZCTA5 98226,71943.0,45703.0,40.1,32623.0,7824.0,2985.0,787.0,11596.0,35.5
Traderjoes,133,Shopping List,15868 1st Ave S,Burien,WA,98148.0,206-901-9339,Trader Joes,98148,ZCTA5 98148,81431.0,10652.0,36.1,7320.0,1260.0,514.0,25.0,1799.0,24.6
Traderjoes,139,Shopping List,1302 SE Everett Mall Way,Everett,WA,98208.0,425-464-5485,Trader Joes,98208,ZCTA5 98208,98805.0,60723.0,36.7,41637.0,10103.0,2946.0,328.0,13377.0,32.1
Traderjoes,134,Shopping List,1758 S 320th St,Federal Way,WA,98003.0,253-941-6138,Trader Joes,98003,ZCTA5 98003,67547.0,51329.0,36.4,34799.0,6821.0,2224.0,241.0,9286.0,26.7
Traderjoes,138,Shopping List,975 NW Gilman Blvd,Issaquah,WA,98027.0,425-557-6420,Trader Joes,98027,ZCTA5 98027,140556.0,27915.0,40.4,20847.0,8524.0,3963.0,358.0,12845.0,61.6
Traderjoes,163,Shopping List,12966 SE Kent-Kangley Rd,Kent,WA,98030.0,253-639-3419,Trader Joes,98030,ZCTA5 98030,85188.0,38798.0,34.7,25087.0,4891.0,1341.0,70.0,6302.0,25.1
Traderjoes,132,Shopping List,"12520 Totem Lake Blvd NE, Suite 116",Kirkland,WA,98034.0,425-814-9181,Trader Joes,98034,ZCTA5 98034,119806.0,52636.0,37.5,38399.0,13733.0,5766.0,855.0,20354.0,53.0
Traderjoes,292,Shopping List,691 Sleater Kinney Rd SE,Lacey,WA,98503.0,360-858-5284,Trader Joes,98503,ZCTA5 98503,78508.0,42263.0,38.9,30282.0,5925.0,2594.0,364.0,8883.0,29.3
Traderjoes,129,Shopping List,"19715 Highway 99, Suite 101",Lynnwood,WA,98036.0,425-670-0623,Trader Joes,98036,ZCTA5 98036,90770.0,42164.0,39.1,29986.0,7558.0,2793.0,409.0,10760.0,35.9
Traderjoes,156,Shopping List,1530 Black Lake Blvd SW,Olympia,WA,98502.0,360-352-7440,Trader Joes,98502,ZCTA5 98502,85540.0,35551.0,38.1,25081.0,7666.0,3435.0,553.0,11654.0,46.5
Traderjoes,140,Shopping List,15932 Redmond Way,Redmond,WA,98052.0,425-883-1624,Trader Joes,98052,ZCTA5 98052,158457.0,77324.0,35.0,54709.0,20391.0,16536.0,2064.0,38991.0,71.3
Traderjoes,160,Shopping List,490 228th Ave NE,Sammamish,WA,98074.0,425-836-0837,Trader Joes,98074,ZCTA5 98074,229104.0,31026.0,38.5,19637.0,8440.0,5651.0,765.0,14856.0,75.7
Traderjoes,130,Shopping List,1700 Madison St,Seattle,WA,98122.0,206-322-7268,Trader Joes,98122,ZCTA5 98122,94548.0,41268.0,31.3,30128.0,12255.0,5998.0,1199.0,19452.0,64.6
Traderjoes,135,Shopping List,1916 Queen Anne Ave N,Seattle,WA,98109.0,206-284-2546,Trader Joes,98109,ZCTA5 98109,124408.0,32251.0,32.1,26903.0,11048.0,7266.0,976.0,19290.0,71.7
Traderjoes,137,Shopping List,4555 Roosevelt Way NE,Seattle,WA,98105.0,206-547-6299,Trader Joes,98105,ZCTA5 98105,75214.0,50302.0,24.3,24086.0,9178.0,4973.0,2001.0,16152.0,67.1
Traderjoes,147,Shopping List,4609 14th Ave NW,Seattle,WA,98107.0,206-783-0498,Trader Joes,98107,ZCTA5 98107,131559.0,28170.0,34.0,22703.0,9177.0,5720.0,974.0,15871.0,69.9
Traderjoes,157,Shopping List,4545 Fauntleroy Way SW,Seattle,WA,98116.0,206-913-0013,Trader Joes,98116,ZCTA5 98116,129924.0,27871.0,39.6,22021.0,8428.0,4456.0,774.0,13658.0,62.0
Traderjoes,273,Shopping List,8726 Greenwood Ave,Seattle,WA,98103.0,206-414-6379,Trader Joes,98103,ZCTA5 98103,122656.0,51878.0,33.5,40648.0,18017.0,8643.0,2325.0,28985.0,71.3
Traderjoes,297,Shopping List,401 NE Northgate Way,Seattle,WA,98125.0,,Trader Joes,98125,ZCTA5 98125,89983.0,43993.0,37.6,33467.0,11025.0,5858.0,1596.0,18479.0,55.2
Traderjoes,270,Shopping List,1201 N 175th St,Shoreline,WA,98133.0,206-542-5336,Trader Joes,98133,ZCTA5 98133,85059.0,50921.0,40.2,39669.0,12168.0,4968.0,958.0,18094.0,45.6
Traderjoes,158,Shopping List,9991 Mickelberry Rd,Silverdale,WA,98383.0,360-307-7224,Trader Joes,98383,ZCTA5 98383,105580.0,22764.0,38.2,15519.0,3441.0,1578.0,108.0,5127.0,33.0
Traderjoes,296,Shopping List,13414 E Sprague Ave,Spokane Valley,WA,99216.0,,Trader Joes,99216,ZCTA5 99216,62244.0,27302.0,35.9,19281.0,2960.0,1121.0,89.0,4170.0,21.6
Traderjoes,159,Shopping List,2975 East 29th Ave,Spokane,WA,99223.0,509-534-1077,Trader Joes,99223,ZCTA5 99223,87133.0,34868.0,41.5,24934.0,7757.0,3441.0,550.0,11748.0,47.1
Traderjoes,164,Shopping List,5520 N Division St,Spokane,WA,99208.0,509-487-4188,Trader Joes,99208,ZCTA5 99208,77241.0,58172.0,40.4,40040.0,8799.0,3693.0,559.0,13051.0,32.6
Traderjoes,148,Shopping List,3800 Bridgeport Way W,University Place,WA,98466.0,253-460-2672,Trader Joes,98466,ZCTA5 98466,89047.0,30405.0,38.3,20652.0,5186.0,2252.0,229.0,7667.0,37.1
Traderjoes,136,Shopping List,305 SE Chkalov Dr,Vancouver,WA,98683.0,360-883-9000,Trader Joes,98683,ZCTA5 98683,80946.0,31504.0,42.7,23309.0,5646.0,2709.0,502.0,8857.0,38.0
Traderjoes,271,Shopping List,14007 NE 10th Ave,Vancouver,WA,98685.0,360-512-2792,Trader Joes,98685,ZCTA5 98685,121063.0,30534.0,44.9,21759.0,5612.0,3052.0,379.0,9043.0,41.6
Traderjoes,272,Shopping List,16701 Mill Plain Blvd,Vancouver,WA,98683.0,360-322-3554,Trader Joes,98683,ZCTA5 98683,80946.0,31504.0,42.7,23309.0,5646.0,2709.0,502.0,8857.0,38.0
Traderjoes,293,Shopping List,14035 NE Woodinville Duvall Rd,Woodinville,WA,98072.0,,Trader Joes,98072,ZCTA5 98072,157963.0,25034.0,43.0,18331.0,6831.0,3484.0,536.0,10851.0,59.2
Traderjoes,726,Shopping List,12665 W. Bluemound Rd,Brookfield,WI,53005.0,262-784-4806,Trader Joes,53005,ZCTA5 53005,120988.0,21624.0,42.7,15370.0,5726.0,2736.0,343.0,8805.0,57.3
Traderjoes,712,Shopping List,1810 Monroe St,Madison,WI,53711.0,608-257-1916,Trader Joes,53711,ZCTA5 53711,98161.0,49749.0,37.5,34405.0,12119.0,6175.0,2556.0,20850.0,60.6
Traderjoes,711,Shopping List,5600 N Port Washington Rd,Milwaukee,WI,53217.0,414-962-3382,Trader Joes,53217,ZCTA5 53217,124338.0,30132.0,40.6,20394.0,7837.0,4624.0,945.0,13406.0,65.7
Whole Foods Market,birmingham,,3100 Cahaba Village Plaza,Birmingham,AL,35243.0,+1 205-912-8400,Whole Foods,35243,ZCTA5 35243,102163.0,18575.0,39.7,13631.0,5394.0,2370.0,549.0,8313.0,61.0
Whole Foods Market,huntsville,,2501 Memorial Parkway Southwest,Huntsville,AL,35801.0,+1 256-801-3741,Whole Foods,35801,ZCTA5 35801,97643.0,24002.0,40.7,18236.0,5780.0,2527.0,551.0,8858.0,48.6
Whole Foods Market,,,Halcyon Forest Trail,Montgomery,AL,36117.0,,Whole Foods,36117,ZCTA5 36117,73919.0,53559.0,36.1,35675.0,9298.0,5161.0,731.0,15190.0,42.6
Whole Foods Market,fayetteville,,3425 North College Avenue,Fayetteville,AR,72703.0,+1 479-695-5561,Whole Foods,72703,ZCTA5 72703,57175.0,35324.0,33.4,23412.0,6398.0,3593.0,982.0,10973.0,46.9
Whole Foods Market,bowman,,501 Bowman Road,Little Rock,AR,72211.0,+1 501-312-2326,Whole Foods,72211,ZCTA5 72211,76503.0,23832.0,35.2,16639.0,5125.0,2286.0,845.0,8256.0,49.6
Whole Foods Market,,,1801 South 46th Street,Rogers,AR,72758.0,,Whole Foods,72758,ZCTA5 72758,89111.0,46731.0,33.1,29446.0,7841.0,3117.0,364.0,11322.0,38.5
Whole Foods Market,chandler,,2955 West Ray Road,Chandler,AZ,85224.0,+1 480-821-9447,Whole Foods,85224,ZCTA5 85224,88121.0,49159.0,36.7,36032.0,9056.0,3874.0,583.0,13513.0,37.5
Whole Foods Market,flagstaff,,320 South Cambridge Lane,Flagstaff,AZ,86001.0,+1 928-774-5747,Whole Foods,86001,ZCTA5 86001,60774.0,37084.0,23.8,17658.0,5423.0,2685.0,909.0,9017.0,51.1
Whole Foods Market,camelback,,4701 North 20th Street,Phoenix,AZ,85016.0,+1 602-761-4750,Whole Foods,85016,ZCTA5 85016,80315.0,37025.0,36.8,28268.0,7910.0,3634.0,536.0,12080.0,42.7
Whole Foods Market,,,12500 North Tatum Boulevard,Phoenix,AZ,85032.0,+1-602-569-7600,Whole Foods,85032,ZCTA5 85032,69942.0,68805.0,38.3,49841.0,10205.0,4693.0,356.0,15254.0,30.6
Whole Foods Market,scottsdale,,7111 East Mayo Boulevard,Phoenix,AZ,85054.0,+1 480-515-3777,Whole Foods,85054,ZCTA5 85054,85656.0,8394.0,37.8,6230.0,2260.0,945.0,175.0,3380.0,54.3
Whole Foods Market,,,7628 E Indian School Road,Scottsdale,AZ,85251.0,,Whole Foods,85251,ZCTA5 85251,86201.0,40709.0,37.9,31635.0,12860.0,3676.0,740.0,17276.0,54.6
Whole Foods Market,sedona,,1420 State Route 89A,Sedona,AZ,86336.0,+1 928-282-6311,Whole Foods,86336,ZCTA5 86336,61776.0,10914.0,59.3,9478.0,2609.0,1352.0,374.0,4335.0,45.7
Whole Foods Market,tempe,,750 South Ash Avenue,Tempe,AZ,85281.0,+1 480-456-1400,Whole Foods,85281,ZCTA5 85281,55572.0,68623.0,25.3,35100.0,10062.0,5157.0,902.0,16121.0,45.9
Whole Foods Market,riverroad,,5555 East River Road,Tucson,AZ,85750.0,+1 520-461-1300,Whole Foods,85750,ZCTA5 85750,97140.0,24174.0,55.1,18734.0,6037.0,4180.0,1000.0,11217.0,59.9
Whole Foods Market,speedway,,3360 East Speedway Boulevard,Tucson,AZ,85716.0,+1 520-795-9844,Whole Foods,85716,ZCTA5 85716,47568.0,31590.0,36.5,23096.0,5549.0,2923.0,836.0,9308.0,40.3
Whole Foods Market,oracle,,7133 North Oracle Road,Tucson,AZ,85704.0,+1 520-352-0111,Whole Foods,85704,ZCTA5 85704,73268.0,34590.0,45.3,25587.0,6799.0,3572.0,1111.0,11482.0,44.9
Whole Foods Market,berkeley,,3000 Telegraph Avenue,Berkeley,CA,94705.0,+1 510-649-1333,Whole Foods,94705,ZCTA5 94705,157221.0,14508.0,43.9,11236.0,3832.0,2636.0,1313.0,7781.0,69.3
Whole Foods Market,1627736,,1025 Gilman Street,Berkeley,CA,94710.0,+1 510-809-8293,Whole Foods,94710,ZCTA5 94710,116313.0,8471.0,38.7,6402.0,1891.0,1439.0,480.0,3810.0,59.5
Whole Foods Market,beverlyhills,,239 North Crescent Drive,Beverly Hills,CA,90210.0,+1 310-274-3360,Whole Foods,90210,ZCTA5 90210,172285.0,19180.0,50.9,14542.0,4508.0,2261.0,844.0,7613.0,52.4
Whole Foods Market,brea,,3301 East Imperial Highway,Brea,CA,92823.0,+1 714-528-7400,Whole Foods,92823,ZCTA5 92823,172857.0,5495.0,39.1,3722.0,1459.0,421.0,139.0,2019.0,54.2
Whole Foods Market,burbank,,3401 West Olive Avenue,Burbank,CA,91505.0,+1 818-239-5380,Whole Foods,91505,ZCTA5 91505,104361.0,32156.0,39.4,23387.0,7242.0,2979.0,217.0,10438.0,44.6
Whole Foods Market,campbell,,1690 South Bascom Avenue,Campbell,CA,95008.0,+1 408-371-5000,Whole Foods,95008,ZCTA5 95008,139688.0,48746.0,39.5,35192.0,12195.0,6428.0,1374.0,19997.0,56.8
Whole Foods Market,capitola,,1710 41st Avenue,Capitola,CA,95010.0,+1 831-464-2900,Whole Foods,95010,ZCTA5 95010,91771.0,9243.0,49.7,7300.0,2263.0,932.0,94.0,3289.0,45.1
Whole Foods Market,concord,,2085 Diamond Boulevard,Concord,CA,94520.0,+1 925-695-3180,Whole Foods,94520,ZCTA5 94520,77927.0,36699.0,34.7,25495.0,5626.0,1675.0,262.0,7563.0,29.7
Whole Foods Market,delmar,,2600 Via De La Valle,Del Mar,CA,92014.0,+1 858-436-9800,Whole Foods,92014,ZCTA5 92014,203520.0,12532.0,52.9,10155.0,3844.0,2073.0,1048.0,6965.0,68.6
Whole Foods Market,dublin-ca,,5200 Dublin Boulevard,Dublin,CA,94568.0,+1 925-452-2226,Whole Foods,94568,ZCTA5 94568,191039.0,71068.0,37.1,48651.0,18463.0,11859.0,1781.0,32103.0,66.0
Whole Foods Market,elsegundo,,760 South Sepulveda Boulevard,El Segundo,CA,90245.0,+1 310-333-1900,Whole Foods,90245,ZCTA5 90245,142596.0,17081.0,36.4,12642.0,4712.0,2252.0,197.0,7161.0,56.6
Whole Foods Market,folsom,,270 Palladio Parkway,Folsom,CA,95630.0,+1 916-984-8500,Whole Foods,95630,ZCTA5 95630,134844.0,76599.0,40.0,52112.0,17617.0,9577.0,1203.0,28397.0,54.5
Whole Foods Market,fremont-ca,,3111 Mowry Avenue,Fremont,CA,94538.0,+1 510-401-5880,Whole Foods,94538,ZCTA5 94538,143146.0,66215.0,36.3,47927.0,14108.0,9950.0,964.0,25022.0,52.2
Whole Foods Market,fresno,,650 West Shaw Avenue,Fresno,CA,93740.0,+1 559-241-0300,Whole Foods,93740,ZCTA5 93740,,1174.0,19.9,43.0,17.0,0.0,0.0,17.0,39.5
Whole Foods Market,glendale,,331 North Glendale Avenue,Glendale,CA,91206.0,+1 818-548-3695,Whole Foods,91206,ZCTA5 91206,85651.0,32294.0,43.2,24790.0,7444.0,2665.0,374.0,10483.0,42.3
Whole Foods Market,huntingtonbeach,,7881 Edinger Avenue,Huntington Beach,CA,92647.0,+1 657-200-4200,Whole Foods,92647,ZCTA5 92647,106555.0,60114.0,37.1,42993.0,10877.0,4021.0,649.0,15547.0,36.2
Whole Foods Market,brookhurst,,10071 Adams Avenue,Huntington Beach,CA,92646.0,+1 714-594-6850,Whole Foods,92646,ZCTA5 92646,123899.0,56033.0,46.7,41842.0,13050.0,5482.0,749.0,19281.0,46.1
Whole Foods Market,irvine,,8525 Research Drive,Irvine,CA,92618.0,+1 949-777-8500,Whole Foods,92618,ZCTA5 92618,132843.0,59386.0,33.9,40374.0,16184.0,8684.0,1786.0,26654.0,66.0
Whole Foods Market,lajolla,,8825 Villa La Jolla Drive,La Jolla,CA,92037.0,+1 858-642-6700,Whole Foods,92037,ZCTA5 92037,136601.0,37665.0,46.3,27760.0,9370.0,6017.0,2519.0,17906.0,64.5
Whole Foods Market,lafayette,,3502 Mount Diablo Boulevard,Lafayette,CA,94549.0,+1 925-284-5305,Whole Foods,94549,ZCTA5 94549,221148.0,28456.0,45.9,20016.0,7698.0,4209.0,1038.0,12945.0,64.7
Whole Foods Market,lagunabeach,,283 Broadway Street,Laguna Beach,CA,92651.0,+1 949-376-7888,Whole Foods,92651,ZCTA5 92651,148381.0,23981.0,54.4,19251.0,7163.0,3009.0,924.0,11096.0,57.6
Whole Foods Market,lagunaniguel,,23932 Aliso Creek Road,Laguna Niguel,CA,92677.0,+1 949-900-5830,Whole Foods,92677,ZCTA5 92677,135822.0,64259.0,47.2,47819.0,15588.0,7391.0,1132.0,24111.0,50.4
Whole Foods Market,longbeachlakewood,,3881 Lakewood Boulevard,Long Beach,CA,90808.0,+1-562-548-1840,Whole Foods,90808,ZCTA5 90808,131535.0,39698.0,43.3,28566.0,8426.0,3621.0,645.0,12692.0,44.4
Whole Foods Market,longbeach,,6400 East Marina Drive,Long Beach,CA,90803.0,+1 562-598-8687,Whole Foods,90803,ZCTA5 90803,107889.0,31659.0,46.6,26466.0,8907.0,4437.0,849.0,14193.0,53.6
Whole Foods Market,losaltos,,4800 El Camino Real,Los Altos,CA,94022.0,+1 650-559-0300,Whole Foods,94022,ZCTA5 94022,250001.0,20052.0,48.5,14568.0,5021.0,5117.0,1558.0,11696.0,80.3
Whole Foods Market,westwood,,1050 Gayley Avenue,Los Angeles,CA,90024.0,+1 310-824-0858,Whole Foods,90024,ZCTA5 90024,74852.0,50392.0,22.9,22359.0,8211.0,4187.0,1677.0,14075.0,63.0
Whole Foods Market,downtownlosangeles,,788 South Grand Avenue,Los Angeles,CA,90017.0,+1 213-873-4745,Whole Foods,90017,ZCTA5 90017,46626.0,28754.0,32.7,20327.0,4315.0,2050.0,331.0,6696.0,32.9
Whole Foods Market,westlosangeles,,11666 National Boulevard,Los Angeles,CA,90064.0,+1 310-996-8840,Whole Foods,90064,ZCTA5 90064,123929.0,25956.0,40.1,19824.0,7417.0,3534.0,986.0,11937.0,60.2
Whole Foods Market,brentwood,,11737 San Vicente Boulevard,Los Angeles,CA,90049.0,+1 310-826-4433,Whole Foods,90049,ZCTA5 90049,161605.0,35819.0,39.4,26944.0,10800.0,5050.0,1440.0,17290.0,64.2
Whole Foods Market,culvercity,,3377 La Cienega Boulevard,Los Angeles,CA,90016.0,+1 424-434-7960,Whole Foods,90016,ZCTA5 90016,63090.0,47309.0,35.0,33246.0,6723.0,2075.0,345.0,9143.0,27.5
Whole Foods Market,fairfax,,6350 West 3rd Street,Los Angeles,CA,90036.0,+1 323-964-6800,Whole Foods,90036,ZCTA5 90036,97583.0,37713.0,36.5,29484.0,13003.0,5010.0,477.0,18490.0,62.7
Whole Foods Market,silverlake,,2520 Glendale Boulevard,Los Angeles,CA,90039.0,+1 323-378-3891,Whole Foods,90039,ZCTA5 90039,108338.0,28244.0,41.4,22804.0,8585.0,2857.0,485.0,11927.0,52.3
Whole Foods Market,losgatos,,15890 Los Gatos Boulevard,Los Gatos,CA,95032.0,+1 408-358-4434,Whole Foods,95032,ZCTA5 95032,185822.0,27678.0,44.6,19562.0,7436.0,5052.0,1032.0,13520.0,69.1
Whole Foods Market,malibu,,23401 Civic Center Way,Malibu,CA,90265.0,+1 424-425-7351,Whole Foods,90265,ZCTA5 90265,186264.0,16652.0,49.7,12247.0,4387.0,2156.0,688.0,7231.0,59.0
Whole Foods Market,millvalley,,414 Miller Avenue,Mill Valley,CA,94941.0,+1 415-381-1200,Whole Foods,94941,ZCTA5 94941,206580.0,32190.0,46.0,22695.0,8620.0,5507.0,1074.0,15201.0,67.0
Whole Foods Market,blithedale,,731 East Blithedale Avenue,Mill Valley,CA,94941.0,+1 415-381-3900,Whole Foods,94941,ZCTA5 94941,206580.0,32190.0,46.0,22695.0,8620.0,5507.0,1074.0,15201.0,67.0
Whole Foods Market,monterey,,800 Del Monte Center,Monterey,CA,93940.0,+1 831-333-1600,Whole Foods,93940,ZCTA5 93940,103946.0,31513.0,42.0,24621.0,6857.0,4649.0,888.0,12394.0,50.3
Whole Foods Market,napa,,3682 Bel Aire Plaza,Napa,CA,94558.0,+1 707-224-6300,Whole Foods,94558,ZCTA5 94558,110397.0,65084.0,44.3,47409.0,11517.0,4011.0,685.0,16213.0,34.2
Whole Foods Market,newport,,415 Newport Center Drive East,Newport Beach,CA,92660.0,+1 949-999-8572,Whole Foods,92660,ZCTA5 92660,152700.0,35926.0,45.0,26520.0,11104.0,4116.0,606.0,15826.0,59.7
Whole Foods Market,novato,,790 De Long Avenue,Novato,CA,94945.0,+1 415-878-0455,Whole Foods,94945,ZCTA5 94945,115000.0,17309.0,51.8,13220.0,4546.0,1187.0,404.0,6137.0,46.4
Whole Foods Market,temescal,,5101;5179;5199 Telegraph Avenue,Oakland,CA,94609.0,+1 510-903-2222,Whole Foods,94609,ZCTA5 94609,107242.0,25175.0,35.4,19460.0,6501.0,3593.0,827.0,10921.0,56.1
Whole Foods Market,oakland,,230 Bay Place,Oakland,CA,94612.0,+1 510-834-9800,Whole Foods,94612,ZCTA5 94612,76953.0,17742.0,37.8,14926.0,4822.0,2301.0,415.0,7538.0,50.5
Whole Foods Market,oxnard,,650 Town Center Drive,Oxnard,CA,93036.0,+1-805-751-4300,Whole Foods,93036,ZCTA5 93036,93481.0,46959.0,34.6,30569.0,4725.0,2017.0,252.0,6994.0,22.9
Whole Foods Market,palmdesert,,East Palm Canyon Drive,Palm Desert,CA,92260.0,+1 760-797-8200,Whole Foods,92260,ZCTA5 92260,68750.0,31039.0,57.0,24584.0,6333.0,2342.0,385.0,9060.0,36.9
Whole Foods Market,paloalto,,774 Emerson Street,Palo Alto,CA,94301.0,+1 650-326-8676,Whole Foods,94301,ZCTA5 94301,217611.0,17259.0,45.9,12829.0,3755.0,3772.0,1704.0,9231.0,72.0
Whole Foods Market,pasadena,,3751 East Foothill Boulevard,Pasadena,CA,91107.0,+1 626-351-5994,Whole Foods,91107,ZCTA5 91107,120822.0,32581.0,42.8,24950.0,7623.0,4244.0,1001.0,12868.0,51.6
Whole Foods Market,arroyo,,465 South Arroyo Parkway,Pasadena,CA,91105.0,+1 626-204-2266,Whole Foods,91105,ZCTA5 91105,163253.0,12692.0,47.0,10182.0,3693.0,2445.0,394.0,6532.0,64.2
Whole Foods Market,petaluma,,621 East Washington Street,Petaluma,CA,94952.0,+1 707-762-9352,Whole Foods,94952,ZCTA5 94952,110739.0,33519.0,42.9,24981.0,7427.0,2984.0,490.0,10901.0,43.6
Whole Foods Market,playavista,,12746 West Jefferson Boulevard,Playa Vista,CA,90094.0,+1 310-862-9900,Whole Foods,90094,ZCTA5 90094,156536.0,11891.0,36.7,9103.0,3901.0,2657.0,524.0,7082.0,77.8
Whole Foods Market,porterranch,,20209 Rinaldi Street,Porter Ranch,CA,91326.0,+1 818-363-3933,Whole Foods,91326,ZCTA5 91326,142170.0,36503.0,44.1,26609.0,8557.0,3849.0,837.0,13243.0,49.8
Whole Foods Market,redondobeach,,405 Pacific Coast Highway,Redondo Beach,CA,90277.0,+1 310-376-6931,Whole Foods,90277,ZCTA5 90277,120008.0,36339.0,44.5,27780.0,10914.0,5431.0,860.0,17205.0,61.9
Whole Foods Market,redwoodcity,,1250 Jefferson Avenue,Redwood City,CA,94062.0,+1 650-367-1400,Whole Foods,94062,ZCTA5 94062,230391.0,26531.0,44.6,19320.0,6333.0,4261.0,1180.0,11774.0,60.9
Whole Foods Market,roseville,,1001 Galleria Boulevard,Roseville,CA,95678.0,+1 916-781-5300,Whole Foods,95678,ZCTA5 95678,96178.0,45210.0,37.2,31686.0,9123.0,2323.0,174.0,11620.0,36.7
Whole Foods Market,sacramento,,4315 Arden Way,Sacramento,CA,95864.0,+1 916-488-2800,Whole Foods,95864,ZCTA5 95864,123535.0,25728.0,43.8,18180.0,5400.0,2327.0,608.0,8335.0,45.8
Whole Foods Market,sandiego,,711 University Avenue,San Diego,CA,92103.0,+1 619-294-2800,Whole Foods,92103,ZCTA5 92103,94210.0,34296.0,42.1,29686.0,10327.0,5172.0,1391.0,16890.0,56.9
Whole Foods Market,soma,,399 4th Street,San Francisco,CA,94107.0,+1 415-618-0066,Whole Foods,94107,ZCTA5 94107,176788.0,30340.0,35.8,25466.0,9735.0,6547.0,1332.0,17614.0,69.2
Whole Foods Market,franklin,,1765 California Street,San Francisco,CA,94109.0,+1 415-674-0500,Whole Foods,94109,ZCTA5 94109,108691.0,56333.0,37.4,49217.0,19183.0,9161.0,1642.0,29986.0,60.9
Whole Foods Market,ocean,,1150 Ocean Avenue,San Francisco,CA,94112.0,+1 415-333-7400,Whole Foods,94112,ZCTA5 94112,120731.0,80880.0,43.0,62220.0,15722.0,4346.0,960.0,21028.0,33.8
Whole Foods Market,2001marketstreet,,2001 Market Street,San Francisco,CA,94114.0,+1 415-626-1430,Whole Foods,94114,ZCTA5 94114,184671.0,33858.0,42.0,28892.0,11649.0,7113.0,1761.0,20523.0,71.0
Whole Foods Market,potrerohill,,450 Rhode Island Street,San Francisco,CA,94107.0,+1 415-552-1155,Whole Foods,94107,ZCTA5 94107,176788.0,30340.0,35.8,25466.0,9735.0,6547.0,1332.0,17614.0,69.2
Whole Foods Market,stonestown,,3251 20th Avenue,San Francisco,CA,94132.0,+1 415-375-4242,Whole Foods,94132,ZCTA5 94132,104537.0,27641.0,38.9,19400.0,7157.0,2427.0,746.0,10330.0,53.2
Whole Foods Market,noevalley,,3950 24th Street,San Francisco,CA,94114.0,+1 415-282-4700,Whole Foods,94114,ZCTA5 94114,184671.0,33858.0,42.0,28892.0,11649.0,7113.0,1761.0,20523.0,71.0
Whole Foods Market,haightstreet,,690 Stanyan Street,San Francisco,CA,94117.0,+1 415-876-6740,Whole Foods,94117,ZCTA5 94117,190444.0,39496.0,34.5,32817.0,15523.0,6885.0,1365.0,23773.0,72.4
Whole Foods Market,ALM,,777 The Alameda,San Jose,CA,95126.0,+1-408-207-1126,Whole Foods,95126,ZCTA5 95126,121520.0,36996.0,34.8,27483.0,8448.0,4764.0,928.0,14140.0,51.4
Whole Foods Market,blossomhill,,1146 Blossom Hill Road,San Jose,CA,95118.0,+1 408-266-3700,Whole Foods,95118,ZCTA5 95118,142563.0,32827.0,39.3,22447.0,6790.0,3707.0,695.0,11192.0,49.9
Whole Foods Market,sanluisobispo,,1531 Froom Ranch Way,San Luis Obispo,CA,93405.0,+1 805-785-0194,Whole Foods,93405,ZCTA5 93405,48388.0,24991.0,22.7,9279.0,2645.0,1288.0,383.0,4316.0,46.5
Whole Foods Market,sanmateo,,1010 Park Place,San Mateo,CA,94403.0,+1 650-358-6900,Whole Foods,94403,ZCTA5 94403,171213.0,43858.0,38.5,32567.0,11187.0,5905.0,1416.0,18508.0,56.8
Whole Foods Market,sanrafael,,340 3rd Street,San Rafael,CA,94901.0,+1 415-451-6333,Whole Foods,94901,ZCTA5 94901,113294.0,40927.0,42.3,29151.0,8456.0,3773.0,735.0,12964.0,44.5
Whole Foods Market,ram,,100 Sunset Drive,San Ramon,CA,94583.0,+1 925-355-9000,Whole Foods,94583,ZCTA5 94583,178212.0,39758.0,40.5,26658.0,9605.0,5383.0,963.0,15951.0,59.8
Whole Foods Market,santabarbara,,3761 State Street,Santa Barbara,CA,93105.0,+1-805-837-6959,Whole Foods,93105,ZCTA5 93105,130325.0,26482.0,46.4,20195.0,6989.0,3342.0,815.0,11146.0,55.2
Whole Foods Market,santaclara,,2732 Augustine Drive,Santa Clara,CA,95054.0,+1 408-562-9162,Whole Foods,95054,ZCTA5 95054,194316.0,24444.0,33.9,17985.0,5498.0,5361.0,963.0,11822.0,65.7
Whole Foods Market,val,,24130 Valencia Boulevard,Santa Clarita,CA,91355.0,+1 661-260-2377,Whole Foods,91355,ZCTA5 91355,109752.0,30289.0,42.3,21773.0,7153.0,2229.0,566.0,9948.0,45.7
Whole Foods Market,santacruz,,911 Soquel Avenue,Santa Cruz,CA,95062.0,+1 831-426-9901,Whole Foods,95062,ZCTA5 95062,101291.0,36369.0,41.5,27349.0,7919.0,4079.0,767.0,12765.0,46.7
Whole Foods Market,santamonicapico,,2121 Cloverfield Boulevard,Santa Monica,CA,90404.0,+1 310-752-1155,Whole Foods,90404,ZCTA5 90404,87209.0,23975.0,38.6,18114.0,6513.0,2596.0,489.0,9598.0,53.0
Whole Foods Market,santamonica,,2201 Wilshire Boulevard,Santa Monica,CA,90403.0,+1 310-315-0662,Whole Foods,90403,ZCTA5 90403,123391.0,24092.0,44.5,20036.0,7869.0,3661.0,1024.0,12554.0,62.7
Whole Foods Market,montanaave,,1425 Montana Avenue,Santa Monica,CA,90403.0,+1 310-576-4707,Whole Foods,90403,ZCTA5 90403,123391.0,24092.0,44.5,20036.0,7869.0,3661.0,1024.0,12554.0,62.7
Whole Foods Market,coddingtown,,390 Coddingtown Mall,Santa Rosa,CA,95401.0,+1 707-542-7411,Whole Foods,95401,ZCTA5 95401,88439.0,36905.0,39.2,26691.0,4764.0,2199.0,206.0,7169.0,26.9
Whole Foods Market,santarosa,,1181 Yulupa Avenue,Santa Rosa,CA,95405.0,+1 707-575-7915,Whole Foods,95405,ZCTA5 95405,111358.0,23748.0,43.6,17519.0,5118.0,2058.0,278.0,7454.0,42.5
Whole Foods Market,sebastopol,,6910 McKinley Street,Sebastopol,CA,95472.0,+1 707-829-9801,Whole Foods,95472,ZCTA5 95472,108685.0,28443.0,51.4,22281.0,6068.0,3002.0,520.0,9590.0,43.0
Whole Foods Market,shermanoakseast,,12905 Riverside Drive,Sherman Oaks,CA,91423.0,+1 818-853-8600,Whole Foods,91423,ZCTA5 91423,104205.0,31787.0,40.1,25098.0,10053.0,3178.0,674.0,13905.0,55.4
Whole Foods Market,shermanoaks-west,,4520 Sepulveda Boulevard,Sherman Oaks,CA,91403.0,+1 818-382-3700,Whole Foods,91403,ZCTA5 91403,107970.0,25887.0,39.4,20193.0,7661.0,3333.0,739.0,11733.0,58.1
Whole Foods Market,sherman-oaks,,14311 Ventura Boulevard,Sherman Oaks,CA,91423.0,+1 818-528-8030,Whole Foods,91423,ZCTA5 91423,104205.0,31787.0,40.1,25098.0,10053.0,3178.0,674.0,13905.0,55.4
Whole Foods Market,sonoma,,201 West Napa Street,Sonoma,CA,95476.0,+1 707-938-8500,Whole Foods,95476,ZCTA5 95476,100734.0,36386.0,52.0,28264.0,6429.0,3240.0,426.0,10095.0,35.7
Whole Foods Market,southlaketahoe,,3600 Lake Tahoe Boulevard,South Lake Tahoe,CA,96150.0,+1 530-578-4555,Whole Foods,96150,ZCTA5 96150,76980.0,29457.0,40.0,22169.0,5701.0,1506.0,282.0,7489.0,33.8
Whole Foods Market,sunnyvale,,150 East McKinley Avenue,Sunnyvale,CA,94086.0,+1 408-419-1290,Whole Foods,94086,ZCTA5 94086,171265.0,49217.0,33.1,36897.0,11539.0,11394.0,2105.0,25038.0,67.9
Whole Foods Market,thousandoaks,,740 North Moorpark Road,Thousand Oaks,CA,91360.0,+1 805-777-4730,Whole Foods,91360,ZCTA5 91360,111095.0,42444.0,43.1,29905.0,7946.0,3391.0,691.0,12028.0,40.2
Whole Foods Market,torrance,,2655 Pacific Coast Highway,Torrance,CA,90505.0,+1 310-257-8700,Whole Foods,90505,ZCTA5 90505,108857.0,36214.0,44.0,25705.0,9662.0,3754.0,638.0,14054.0,54.7
Whole Foods Market,tustin,,2847 Park Avenue,Tustin,CA,92782.0,+1 714-566-7650,Whole Foods,92782,ZCTA5 92782,139505.0,29838.0,39.6,20546.0,7632.0,4323.0,506.0,12461.0,60.6
Whole Foods Market,upland,,2153 West Baseline Road,Upland,CA,91784.0,+1 909-579-2670,Whole Foods,91784,ZCTA5 91784,145496.0,26116.0,46.8,18959.0,5241.0,2426.0,514.0,8181.0,43.2
Whole Foods Market,venice,,225 Lincoln Boulevard,Venice,CA,90291.0,+1 310-566-9480,Whole Foods,90291,ZCTA5 90291,111610.0,25656.0,39.6,21267.0,9237.0,3383.0,649.0,13269.0,62.4
Whole Foods Market,ygnaciovalleyroad,,2941 Ygnacio Valley Road,Walnut Creek,CA,94598.0,+1 925-269-9010,Whole Foods,94598,ZCTA5 94598,185995.0,26346.0,46.4,19921.0,8104.0,4191.0,764.0,13059.0,65.6
Whole Foods Market,walnutcreek,,1333 Newell Avenue,Walnut Creek,CA,94596.0,+1 925-274-9700,Whole Foods,94596,ZCTA5 94596,135422.0,23795.0,38.0,17888.0,6681.0,3991.0,753.0,11425.0,63.9
Whole Foods Market,westhollywood,,7871 Santa Monica Boulevard,West Hollywood,CA,90046.0,+1 323-848-4200,Whole Foods,90046,ZCTA5 90046,87339.0,48170.0,39.2,42309.0,17768.0,5282.0,1292.0,24342.0,57.5
Whole Foods Market,woodlandhills,,21347 Ventura Boulevard,Woodland Hills,CA,91364.0,+1 818-610-0000,Whole Foods,91364,ZCTA5 91364,128306.0,28765.0,42.4,21103.0,6887.0,2975.0,573.0,10435.0,49.4
Whole Foods Market,roaringfork,,340 Reed Street,Basalt,CO,81621.0,+1 970-927-1500,Whole Foods,81621,ZCTA5 81621,101786.0,5869.0,47.3,4670.0,1832.0,618.0,15.0,2465.0,52.8
Whole Foods Market,boulder,,2905 Pearl Street,Boulder,CO,80301.0,+1 303-545-6611,Whole Foods,80301,ZCTA5 80301,88846.0,24593.0,37.8,18827.0,6978.0,4282.0,1099.0,12359.0,65.6
Whole Foods Market,bouldertablemesa,,695 South Broadway,Boulder,CO,80305.0,+1 303-376-6980,Whole Foods,80305,ZCTA5 80305,114344.0,16280.0,36.8,10770.0,4072.0,2811.0,1504.0,8387.0,77.9
Whole Foods Market,idealmarket,,1275 Alpine Avenue,Boulder,CO,80304.0,+1 303-443-1354,Whole Foods,80304,ZCTA5 80304,111638.0,25617.0,41.4,18871.0,6331.0,5219.0,1352.0,12902.0,68.4
Whole Foods Market,castlerock,,6384 Promenade Parkway,Castle Rock,CO,80108.0,+1 720-673-4700,Whole Foods,80108,ZCTA5 80108,173018.0,33259.0,41.2,22374.0,9658.0,3592.0,726.0,13976.0,62.5
Whole Foods Market,southglenn,,6853 South York Street,Centennial,CO,80122.0,+1-303-996-3660,Whole Foods,80122,ZCTA5 80122,116551.0,31650.0,43.8,23155.0,9166.0,4127.0,470.0,13763.0,59.4
Whole Foods Market,6670,,7635 North Academy Boulevard,Colorado Springs,CO,80920.0,+1-719-531-9999,Whole Foods,80920,ZCTA5 80920,109098.0,38727.0,36.5,25583.0,7869.0,4729.0,517.0,13115.0,51.3
Whole Foods Market,tamarac,,7400 East Hampden Avenue,Denver,CO,80231.0,+1 303-488-2000,Whole Foods,80231,ZCTA5 80231,75282.0,34484.0,34.8,24943.0,8400.0,3278.0,558.0,12236.0,49.1
Whole Foods Market,unionstation,,1757 Wewatta Street,Denver,CO,80202.0,+1 720-572-8800,Whole Foods,80202,ZCTA5 80202,104424.0,18180.0,33.5,14887.0,7388.0,2171.0,477.0,10036.0,67.4
Whole Foods Market,washingtonpark,,1111 South Washington Street,Denver,CO,80209.0,+1 303-733-6201,Whole Foods,80209,ZCTA5 80209,106880.0,25180.0,37.3,21162.0,10032.0,4561.0,814.0,15407.0,72.8
Whole Foods Market,idealmarketdenver,,900 East 11th Avenue,Denver,CO,80218.0,+1 720-643-1750,Whole Foods,80218,ZCTA5 80218,80587.0,18679.0,36.0,16439.0,7871.0,2466.0,413.0,10750.0,65.4
Whole Foods Market,cherrycreek,,2375 East 1st Avenue,Denver,CO,80206.0,+1 720-941-4100,Whole Foods,80206,ZCTA5 80206,101069.0,24903.0,37.4,21014.0,8629.0,4555.0,1146.0,14330.0,68.2
Whole Foods Market,fortcollins,,2201 South College Avenue,Fort Collins,CO,80525.0,+1 970-267-9200,Whole Foods,80525,ZCTA5 80525,88788.0,55315.0,36.5,38622.0,12729.0,6985.0,1667.0,21381.0,55.4
Whole Foods Market,frisco,,261 Lusher Court,Frisco,CO,80443.0,+1-970-668-9400,Whole Foods,80443,ZCTA5 80443,94868.0,4118.0,47.8,3146.0,1075.0,573.0,0.0,1648.0,52.4
Whole Foods Market,coloradoblvd,,870 South Colorado Boulevard,Glendale,CO,80246.0,+1 303-691-0101,Whole Foods,80246,ZCTA5 80246,63743.0,13067.0,32.5,10150.0,3675.0,1347.0,236.0,5258.0,51.8
Whole Foods Market,highlandsranch,,9366 South Colorado Boulevard,Highlands Ranch,CO,80126.0,+1 303-470-6003,Whole Foods,80126,ZCTA5 80126,157892.0,43691.0,41.8,29295.0,11574.0,6421.0,683.0,18678.0,63.8
Whole Foods Market,belmar,,444 South Wadsworth Boulevard,Lakewood,CO,80226.0,+1-303-935-5000,Whole Foods,80226,ZCTA5 80226,75967.0,32063.0,36.3,22707.0,5413.0,2101.0,323.0,7837.0,34.5
Whole Foods Market,,,14225 West Colfax Avenue,Lakewood,CO,80401.0,+1-303-277-1339,Whole Foods,80401,ZCTA5 80401,109273.0,42777.0,39.2,30248.0,9005.0,5507.0,1224.0,15736.0,52.0
Whole Foods Market,governorsranch,,5155 South Wadsworth Boulevard,Littleton,CO,80123.0,+1 303-586-5220,Whole Foods,80123,ZCTA5 80123,102722.0,45388.0,41.0,33774.0,11468.0,4566.0,656.0,16690.0,49.4
Whole Foods Market,longmont,,1250 South Hover Road,Longmont,CO,80501.0,+1 720-438-2550,Whole Foods,80501,ZCTA5 80501,77327.0,43222.0,37.3,30429.0,7644.0,3017.0,582.0,11243.0,36.9
Whole Foods Market,,,8665 Kings Point Way,Parker,CO,80138.0,,Whole Foods,80138,ZCTA5 80138,137273.0,36113.0,39.8,23823.0,7410.0,3211.0,215.0,10836.0,45.5
Whole Foods Market,superior,,303 Marshall Road,Superior,CO,80027.0,+1 720-274-1415,Whole Foods,80027,ZCTA5 80027,139412.0,34161.0,39.2,23013.0,8337.0,5141.0,1351.0,14829.0,64.4
Whole Foods Market,bradburn,,4451 Main Street,Westminster,CO,80031.0,+1 303-439-7000,Whole Foods,80031,ZCTA5 80031,102323.0,36274.0,40.3,26938.0,7624.0,3280.0,389.0,11293.0,41.9
Whole Foods Market,avonvillage,,50 Climax Road,Avon,CT,6001.0,+1 860-777-2070,Whole Foods,,,,,,,,,,,
Whole Foods Market,danbury,,5 Sugar Hollow Road,Danbury,CT,6810.0,+1 203-730-0599,Whole Foods,,,,,,,,,,,
Whole Foods Market,darien,,150 Ledge Road,Darien,CT,6820.0,+1 203-662-0577,Whole Foods,,,,,,,,,,,
Whole Foods Market,fairfield,,350 Grasmere Avenue,Fairfield,CT,6824.0,+1 203-319-9544,Whole Foods,,,,,,,,,,,
Whole Foods Market,glastonbury,,55 Welles Street,Glastonbury,CT,6033.0,+1 860-652-9800,Whole Foods,,,,,,,,,,,
Whole Foods Market,greenwich,,90 East Putnam Avenue,Greenwich,CT,6830.0,+1 203-661-0631,Whole Foods,,,,,,,,,,,
Whole Foods Market,milford,,1686 Boston Post Road,Milford,CT,6460.0,+1 203-874-0883,Whole Foods,,,,,,,,,,,
Whole Foods Market,,,Evergreen Way,South Windsor,CT,6074.0,+1 860-474-4100,Whole Foods,,,,,,,,,,,
Whole Foods Market,,,Long Ridge Road,Stamford,CT,6905.0,,Whole Foods,,,,,,,,,,,
Whole Foods Market,westhartford,,50 Raymond Road,West Hartford,CT,6107.0,+1 860-523-8500,Whole Foods,,,,,,,,,,,
Whole Foods Market,bishopscorner,,340 North Main Street,West Hartford,CT,6117.0,+1 860-523-7174,Whole Foods,,,,,,,,,,,
Whole Foods Market,westport,,399 Post Road West,Westport,CT,6880.0,+1 203-227-6858,Whole Foods,,,,,,,,,,,
Whole Foods Market,pstreet,,1440 P Street Northwest,Washington,DC,20005.0,+1 202-332-4300,Whole Foods,20005,ZCTA5 20005,109147.0,13014.0,35.0,11099.0,3469.0,3390.0,286.0,7145.0,64.4
Whole Foods Market,tenley,,4530 40th Street Northwest,Washington,DC,20016.0,+1 202-237-5800,Whole Foods,20016,ZCTA5 20016,169489.0,32570.0,42.2,21608.0,5351.0,7149.0,2360.0,14860.0,68.8
Whole Foods Market,hstreet,,600 H Street Northeast,Washington,DC,20002.0,+1 202-469-7410,Whole Foods,20002,ZCTA5 20002,107130.0,70043.0,33.5,51825.0,15837.0,12470.0,1823.0,30130.0,58.1
Whole Foods Market,southcapitolhill,,101 H Street Southeast,Washington,DC,20003.0,+1 202-469-7280,Whole Foods,20003,ZCTA5 20003,155054.0,34585.0,34.4,28060.0,9533.0,8141.0,1371.0,19045.0,67.9
Whole Foods Market,floridaavenue,,967 Florida Avenue Northwest,Washington,DC,20001.0,+1 202-519-3400,Whole Foods,20001,ZCTA5 20001,133211.0,44056.0,33.1,35139.0,11557.0,9202.0,1191.0,21950.0,62.5
Whole Foods Market,historicwalterreed,,7150 12th Street Northwest,Washington,DC,20012.0,+1 202-846-6680,Whole Foods,20012,ZCTA5 20012,110375.0,17637.0,39.6,12040.0,2676.0,2895.0,456.0,6027.0,50.1
Whole Foods Market,gloverpark,,2323 Wisconsin Avenue Northwest,Washington,DC,20007.0,+1 202-747-5570,Whole Foods,20007,ZCTA5 20007,145048.0,23797.0,38.4,17845.0,5388.0,5762.0,1773.0,12923.0,72.4
Whole Foods Market,foggybottom,,2201 I Street Northwest,Washington,DC,20037.0,+1 202-296-1660,Whole Foods,20037,ZCTA5 20037,94820.0,11833.0,31.1,8207.0,2403.0,2586.0,754.0,5743.0,70.0
Whole Foods Market,altamontesprings,,305 East Altamonte Drive,Altamonte Springs,FL,32701.0,+1 407-767-2100,Whole Foods,32701,ZCTA5 32701,61404.0,24551.0,38.6,18635.0,4762.0,1273.0,199.0,6234.0,33.5
Whole Foods Market,aventura,,21105 Biscayne Boulevard,Aventura,FL,33180.0,+1 305-682-4400,Whole Foods,33180,ZCTA5 33180,84490.0,32881.0,47.8,24598.0,7841.0,3714.0,497.0,12052.0,49.0
Whole Foods Market,westbocaraton,,9560 Glades Road,Boca Raton,FL,33434.0,+1 561-922-5977,Whole Foods,33434,ZCTA5 33434,68342.0,21214.0,64.1,17947.0,5204.0,2971.0,615.0,8790.0,49.0
Whole Foods Market,bocaraton,,1400 Glades Road,Boca Raton,FL,33431.0,+1 561-447-0000,Whole Foods,33431,ZCTA5 33431,101291.0,22488.0,34.7,12855.0,4484.0,1630.0,347.0,6461.0,50.3
Whole Foods Market,,,7395 Boynton Beach Boulevard,Boynton Beach,FL,33437.0,,Whole Foods,33437,ZCTA5 33437,73502.0,38178.0,65.9,32783.0,8081.0,4488.0,775.0,13344.0,40.7
Whole Foods Market,clearwater,,27001 US 19 North,Clearwater,FL,33761.0,+1 727-724-7100,Whole Foods,33761,ZCTA5 33761,66438.0,18558.0,53.0,14781.0,3128.0,1340.0,479.0,4947.0,33.5
Whole Foods Market,coralgables,,6701 Red Road,Coral Gables,FL,33143.0,+1 305-421-9421,Whole Foods,33143,ZCTA5 33143,78525.0,31688.0,40.8,22930.0,7518.0,3677.0,731.0,11926.0,52.0
Whole Foods Market,coralsprings,,810 University Drive,Coral Springs,FL,33071.0,+1 954-796-5800,Whole Foods,33071,ZCTA5 33071,98722.0,39677.0,37.5,26288.0,7244.0,2731.0,397.0,10372.0,39.5
Whole Foods Market,davie,,1903 South University Drive,Davie,FL,33324.0,+1 954-916-3000,Whole Foods,33324,ZCTA5 33324,80348.0,49994.0,38.3,36039.0,9777.0,3962.0,569.0,14308.0,39.7
Whole Foods Market,delraybeach,,680 Linton Boulevard,Delray Beach,FL,33444.0,+1 561-639-5701,Whole Foods,33444,ZCTA5 33444,72869.0,23569.0,41.3,17555.0,3542.0,1167.0,156.0,4865.0,27.7
Whole Foods Market,destin,,4402 Legendary Drive,Destin,FL,32541.0,+1 850-269-7400,Whole Foods,32541,ZCTA5 32541,89826.0,18784.0,42.8,14446.0,4616.0,1616.0,179.0,6411.0,44.4
Whole Foods Market,17thstreet,,501 Southeast 17th Street,Fort Lauderdale,FL,33316.0,+1 954-380-8440,Whole Foods,33316,ZCTA5 33316,93063.0,11304.0,53.3,9469.0,3392.0,1357.0,158.0,4907.0,51.8
Whole Foods Market,fortlauderdale,,2000 Federal Highway,Fort Lauderdale,FL,33304.0,+1 954-398-2000,Whole Foods,33304,ZCTA5 33304,81266.0,18923.0,45.9,15636.0,5201.0,1602.0,259.0,7062.0,45.2
Whole Foods Market,fortmyers,,6891 Daniels Parkway,Fort Myers,FL,33912.0,+1 239-935-6550,Whole Foods,33912,ZCTA5 33912,98293.0,19370.0,59.7,16010.0,4557.0,2035.0,327.0,6919.0,43.2
Whole Foods Market,gainesville,,3490 Southwest Archer Road,Gainesville,FL,32608.0,+1 352-244-8302,Whole Foods,32608,ZCTA5 32608,57249.0,53301.0,29.8,32067.0,8784.0,4971.0,2582.0,16337.0,50.9
Whole Foods Market,jacksonville,,10601 San Jose Boulevard,Jacksonville,FL,32257.0,+1 904-288-1100,Whole Foods,32257,ZCTA5 32257,80644.0,42271.0,42.1,30444.0,7398.0,3066.0,332.0,10796.0,35.5
Whole Foods Market,jacksonvillebeach,,2050 3rd Street South,Jacksonville Beach,FL,32250.0,+1 904-685-7370,Whole Foods,32250,ZCTA5 32250,104943.0,28619.0,42.9,21658.0,6754.0,3332.0,490.0,10576.0,48.8
Whole Foods Market,downtownmiami,,299 Southeast 3rd Avenue,Miami,FL,33131.0,+1 305-995-0600,Whole Foods,33131,ZCTA5 33131,121730.0,22540.0,35.4,18473.0,7467.0,4445.0,411.0,12323.0,66.7
Whole Foods Market,dadeland,,7930 Southwest 104th Street,Miami,FL,33156.0,+1 305-969-5800,Whole Foods,33156,ZCTA5 33156,133862.0,32582.0,42.1,22045.0,6722.0,3634.0,1381.0,11737.0,53.2
Whole Foods Market,,,2910 Biscayne Boulevard,Miami,FL,33137.0,+1-305-509-8200,Whole Foods,33137,ZCTA5 33137,71348.0,25283.0,34.3,19347.0,5472.0,2464.0,495.0,8431.0,43.6
Whole Foods Market,southbeach,,1020 Alton Road,Miami Beach,FL,33139.0,+1 305-532-1707,Whole Foods,33139,ZCTA5 33139,60971.0,35100.0,41.7,28913.0,8427.0,3777.0,702.0,12906.0,44.6
Whole Foods Market,naples,,9101 Strada Place,Naples,FL,34108.0,+1-239-552-5100,Whole Foods,34108,ZCTA5 34108,115182.0,16401.0,67.1,14874.0,5154.0,2271.0,538.0,7963.0,53.5
Whole Foods Market,northmiami,,12150 Biscayne Boulevard,North Miami,FL,33181.0,+1 305-892-5500,Whole Foods,33181,ZCTA5 33181,54618.0,20448.0,36.3,13558.0,3012.0,1297.0,306.0,4615.0,34.0
Whole Foods Market,orlando,,8003 Turkey Lake Road,Orlando,FL,32819.0,+1 407-355-7100,Whole Foods,32819,ZCTA5 32819,86306.0,27826.0,38.7,20772.0,6534.0,2324.0,482.0,9340.0,45.0
Whole Foods Market,palmbeachgardens,,11701 Lake Victoria Gardens Avenue,Palm Beach Gardens,FL,33410.0,+1 561-691-8550,Whole Foods,33410,ZCTA5 33410,93643.0,36277.0,44.9,27576.0,8217.0,3377.0,432.0,12026.0,43.6
Whole Foods Market,pembrokepines,,14956 Pines Boulevard,Pembroke Pines,FL,33027.0,+1 954-392-3500,Whole Foods,33027,ZCTA5 33027,67015.0,63474.0,48.2,48165.0,11322.0,5173.0,497.0,16992.0,35.3
Whole Foods Market,pompanobeach,,2411 North Federal Highway,Pompano Beach,FL,33062.0,+1 954-786-3500,Whole Foods,33062,ZCTA5 33062,78267.0,24805.0,59.2,21684.0,5913.0,2432.0,510.0,8855.0,40.8
Whole Foods Market,,,2035 Viera Boulevard,Rockledge,FL,32940.0,,Whole Foods,32940,ZCTA5 32940,100792.0,47030.0,47.5,34806.0,9342.0,6424.0,864.0,16630.0,47.8
Whole Foods Market,universitystation,,5298 University Parkway,Sarasota,FL,34243.0,+1 941-806-6130,Whole Foods,34243,ZCTA5 34243,77236.0,31656.0,52.8,24872.0,5386.0,3452.0,674.0,9512.0,38.2
Whole Foods Market,sarasota,,1451 1st Street,Sarasota,FL,34236.0,+1 941-316-4700,Whole Foods,34236,ZCTA5 34236,95231.0,13347.0,67.4,12409.0,3758.0,2576.0,546.0,6880.0,55.4
Whole Foods Market,tallahassee,,1817 Thomasville Road,Tallahassee,FL,32303.0,+1-850-513-4200,Whole Foods,32303,ZCTA5 32303,58592.0,49824.0,31.4,31051.0,8105.0,3825.0,866.0,12796.0,41.2
Whole Foods Market,midtowntampa,,3740 West Cypress Street,Tampa,FL,33607.0,+1 813-323-9466,Whole Foods,33607,ZCTA5 33607,57581.0,24257.0,40.7,19026.0,4134.0,1513.0,306.0,5953.0,31.3
Whole Foods Market,carrollwood,,3802 Northdale Boulevard,Tampa,FL,33624.0,+1 813-264-3600,Whole Foods,33624,ZCTA5 33624,81241.0,41661.0,40.1,30123.0,8513.0,3164.0,317.0,11994.0,39.8
Whole Foods Market,wellington,,2635 State Road 7,Wellington,FL,33414.0,+1 561-904-4000,Whole Foods,33414,ZCTA5 33414,103525.0,58842.0,39.9,38722.0,10278.0,4621.0,832.0,15731.0,40.6
Whole Foods Market,westpalmbeach,,1845 Palm Beach Lakes Boulevard,West Palm Beach,FL,33401.0,+1 561-471-3800,Whole Foods,33401,ZCTA5 33401,55238.0,31625.0,37.4,22870.0,5774.0,2752.0,256.0,8782.0,38.4
Whole Foods Market,winterparknorth,,1030 Orlando Avenue,Winter Park,FL,32789.0,+1 407-377-6040,Whole Foods,32789,ZCTA5 32789,101113.0,26741.0,43.8,19340.0,6679.0,3229.0,634.0,10542.0,54.5
Whole Foods Market,avalon,,2800 Old Milton Parkway,Alpharetta,GA,30009.0,+1 678-534-3138,Whole Foods,30009,ZCTA5 30009,135081.0,21281.0,41.8,14721.0,6021.0,2751.0,504.0,9276.0,63.0
Whole Foods Market,poncedeleon,,650 Ponce de Leon Avenue Northeast,Atlanta,GA,30308.0,+1 404-853-1681,Whole Foods,30308,ZCTA5 30308,78429.0,23377.0,31.4,17505.0,6851.0,3451.0,681.0,10983.0,62.7
Whole Foods Market,chamblee,,5001 Peachtree Boulevard,Atlanta,GA,30341.0,+1 470-552-0750,Whole Foods,30341,ZCTA5 30341,75104.0,32582.0,33.1,21698.0,7230.0,3328.0,599.0,11157.0,51.4
Whole Foods Market,buckhead,,77 West Paces Ferry Road Northwest,Atlanta,GA,30305.0,+1 404-324-4100,Whole Foods,30305,ZCTA5 30305,103982.0,26565.0,38.2,20390.0,8754.0,4528.0,805.0,14087.0,69.1
Whole Foods Market,midtownatlanta,,22 14th Street Northwest,Atlanta,GA,30309.0,+1-470-552-4201,Whole Foods,30309,ZCTA5 30309,110303.0,29600.0,32.5,23482.0,10300.0,5766.0,1088.0,17154.0,73.1
Whole Foods Market,sandysprings,,5930 Roswell Road,Atlanta,GA,30328.0,+1 404-236-0810,Whole Foods,30328,ZCTA5 30328,101186.0,39026.0,38.9,29269.0,11782.0,6241.0,618.0,18641.0,63.7
Whole Foods Market,northsidebuckhead,,3535 Northside Parkway,Atlanta,GA,30327.0,+1 470-552-3040,Whole Foods,30327,ZCTA5 30327,173761.0,22585.0,46.5,16344.0,7724.0,3907.0,392.0,12023.0,73.6
Whole Foods Market,decatur,,1555 Church Street,Decatur,GA,30033.0,+1 470-237-7340,Whole Foods,30033,ZCTA5 30033,105260.0,30971.0,39.1,22507.0,7141.0,4944.0,1920.0,14005.0,62.2
Whole Foods Market,duluth,,5945 State Bridge Road,Duluth,GA,30097.0,+1 678-514-2400,Whole Foods,30097,ZCTA5 30097,122285.0,45887.0,43.3,31731.0,11839.0,7141.0,1128.0,20108.0,63.4
Whole Foods Market,kennesaw,,1300 Ernest West Barrett Parkway,Kennesaw,GA,30144.0,+1 770-578-4400,Whole Foods,30144,ZCTA5 30144,82665.0,58836.0,32.8,36475.0,10071.0,4530.0,728.0,15329.0,42.0
Whole Foods Market,merchantswalk,,1311 Johnson Ferry Road Northeast,Marietta,GA,30068.0,+1 678-996-9700,Whole Foods,30068,ZCTA5 30068,143077.0,33866.0,44.1,24035.0,10633.0,5023.0,789.0,16445.0,68.4
Whole Foods Market,savannah,,1821 East Victory Drive,Savannah,GA,31404.0,+1 912-358-5829,Whole Foods,31404,ZCTA5 31404,45872.0,32516.0,35.6,21637.0,3454.0,1566.0,280.0,5300.0,24.5
Whole Foods Market,honolulu,,4211 Waialae Avenue,Honolulu,HI,96816.0,+1 808-738-0820,Whole Foods,96816,ZCTA5 96816,110030.0,50793.0,46.6,39037.0,11016.0,4451.0,925.0,16392.0,42.0
Whole Foods Market,queen,,388 Kamakee Street,Honolulu,HI,96814.0,+1 808-379-1800,Whole Foods,96814,ZCTA5 96814,74221.0,22723.0,44.2,18880.0,5461.0,1945.0,557.0,7963.0,42.2
Whole Foods Market,maui,,70 Kaahumanu Avenue,Kahului,HI,96732.0,+1 808-872-3310,Whole Foods,96732,ZCTA5 96732,98520.0,25902.0,43.8,18544.0,3768.0,628.0,91.0,4487.0,24.2
Whole Foods Market,kailua,,629 Kailua Road,Kailua,HI,96734.0,+1 808-263-6800,Whole Foods,96734,ZCTA5 96734,121536.0,51966.0,36.8,34777.0,9132.0,5075.0,1293.0,15500.0,44.6
Whole Foods Market,westdesmoines,,4100 University Avenue,West Des Moines,IA,50266.0,+1-515-343-2600,Whole Foods,50266,ZCTA5 50266,83166.0,35508.0,34.7,25241.0,9680.0,3850.0,524.0,14054.0,55.7
Whole Foods Market,boise,,401 South Broadway Avenue,Boise,ID,83702.0,+1 208-287-4600,Whole Foods,83702,ZCTA5 83702,77115.0,23113.0,40.6,17451.0,6126.0,2673.0,644.0,9443.0,54.1
Whole Foods Market,northalsted,,3640 North Halsted Street,Chicago,IL,60613.0,+1 773-472-0400,Whole Foods,60613,ZCTA5 60613,92238.0,51961.0,33.7,40507.0,18170.0,9111.0,739.0,28020.0,69.2
Whole Foods Market,southloop,,1101 South Canal Street,Chicago,IL,60607.0,+1 312-435-4600,Whole Foods,60607,ZCTA5 60607,119500.0,28797.0,30.9,20103.0,8491.0,4425.0,1287.0,14203.0,70.7
Whole Foods Market,onechicago,,3 West Chicago Avenue,Chicago,IL,60654.0,+1 312-932-9600,Whole Foods,60654,ZCTA5 60654,138279.0,23475.0,32.4,19956.0,10049.0,4653.0,409.0,15111.0,75.7
Whole Foods Market,streeterville,,255 East Grand Avenue,Chicago,IL,60611.0,+1 312-379-7900,Whole Foods,60611,ZCTA5 60611,126812.0,35247.0,38.3,29772.0,12205.0,7602.0,1681.0,21488.0,72.2
Whole Foods Market,hydepark,,5118 South Lake Park Avenue,Chicago,IL,60615.0,+1 773-819-1600,Whole Foods,60615,ZCTA5 60615,56518.0,42780.0,34.7,29999.0,7585.0,6658.0,2667.0,16910.0,56.4
Whole Foods Market,sauganash,,6020 North Cicero Avenue,Chicago,IL,60646.0,+1 773-205-1100,Whole Foods,60646,ZCTA5 60646,112283.0,28770.0,41.3,20525.0,5938.0,3840.0,362.0,10140.0,49.4
Whole Foods Market,westloop,,1 North Halsted Street,Chicago,IL,60661.0,+1 312-207-8400,Whole Foods,60661,ZCTA5 60661,139748.0,11513.0,32.1,9979.0,4422.0,3370.0,326.0,8118.0,81.4
Whole Foods Market,chicagoedgewater,,6009 Wholefood,Chicago,IL,60660.0,+1 773-506-7600,Whole Foods,60660,ZCTA5 60660,63596.0,42895.0,36.1,31784.0,9889.0,5244.0,928.0,16061.0,50.5
Whole Foods Market,lincolnpark,,1550 North Kingsbury Street,Chicago,IL,60642.0,+1 312-587-0648,Whole Foods,60642,ZCTA5 60642,137853.0,21444.0,32.0,18034.0,8804.0,3324.0,525.0,12653.0,70.2
Whole Foods Market,lakeviewnew,,3201 North Ashland Avenue,Chicago,IL,60657.0,+1 773-244-4200,Whole Foods,60657,ZCTA5 60657,105428.0,71192.0,30.9,53102.0,25966.0,12711.0,1636.0,40313.0,75.9
Whole Foods Market,deerfield,,760 Waukegan Road,Deerfield,IL,60015.0,+1 847-444-1900,Whole Foods,60015,ZCTA5 60015,181111.0,27835.0,44.0,18911.0,7666.0,4863.0,780.0,13309.0,70.4
Whole Foods Market,elmhurst,,215 South Route 83,Elmhurst,IL,60126.0,+1 630-993-7600,Whole Foods,60126,ZCTA5 60126,140176.0,48032.0,41.5,32491.0,11097.0,6497.0,814.0,18408.0,56.7
Whole Foods Market,greenbayroad,,2748 Green Bay Road,Evanston,IL,60201.0,+1 847-424-5700,Whole Foods,60201,ZCTA5 60201,89032.0,43122.0,34.9,26408.0,8620.0,6311.0,2433.0,17364.0,65.8
Whole Foods Market,evanston,,1640 Chicago Avenue,Evanston,IL,60201.0,+1 847-733-1600,Whole Foods,60201,ZCTA5 60201,89032.0,43122.0,34.9,26408.0,8620.0,6311.0,2433.0,17364.0,65.8
Whole Foods Market,evergreenpark,,9600 South Western Avenue,Evergreen Park,IL,60805.0,+1 708-931-3030,Whole Foods,60805,ZCTA5 60805,92266.0,19730.0,39.6,13433.0,3633.0,1779.0,111.0,5523.0,41.1
Whole Foods Market,hinsdale,,500 East Ogden Avenue,Hinsdale,IL,60521.0,+1 630-986-8500,Whole Foods,60521,ZCTA5 60521,242462.0,18102.0,43.0,11677.0,4027.0,3214.0,591.0,7832.0,67.1
Whole Foods Market,kildeer,,20281 Rand Road,Kildeer,IL,60047.0,+1 847-726-4601,Whole Foods,60047,ZCTA5 60047,167358.0,43750.0,42.7,29682.0,10294.0,6966.0,578.0,17838.0,60.1
Whole Foods Market,naperville,,2607 West 75th Street,Naperville,IL,60540.0,+1 630-579-7700,Whole Foods,60540,ZCTA5 60540,143912.0,42756.0,41.0,29247.0,10587.0,7722.0,1157.0,19466.0,66.6
Whole Foods Market,northbrook,,840 Willow Road,Northbrook,IL,60062.0,+1 847-205-5353,Whole Foods,60062,ZCTA5 60062,136120.0,42004.0,49.6,31099.0,10002.0,7241.0,1429.0,18672.0,60.0
Whole Foods Market,orlandpark,,15260 South La Grange Road,Orland Park,IL,60462.0,+1 708-364-1350,Whole Foods,60462,ZCTA5 60462,94689.0,40942.0,44.1,29687.0,7495.0,3993.0,439.0,11927.0,40.2
Whole Foods Market,parkridge,,225 West Touhy Avenue,Park Ridge,IL,60068.0,+1 847-292-7100,Whole Foods,60068,ZCTA5 60068,138196.0,39332.0,45.1,27725.0,10343.0,5355.0,590.0,16288.0,58.7
Whole Foods Market,riverforest,,7245 Lake Street,River Forest,IL,60305.0,+1 708-366-1045,Whole Foods,60305,ZCTA5 60305,144784.0,11568.0,40.5,7608.0,2335.0,2010.0,344.0,4689.0,61.6
Whole Foods Market,schaumburg,,750 North Martingale Road,Schaumburg,IL,60173.0,+1 847-585-5800,Whole Foods,60173,ZCTA5 60173,105243.0,14067.0,34.2,10335.0,3667.0,2410.0,372.0,6449.0,62.4
Whole Foods Market,vernonhills,,851 North Milwaukee Avenue,Vernon Hills,IL,60061.0,+1 224-504-3990,Whole Foods,60061,ZCTA5 60061,118371.0,27602.0,40.7,18848.0,6744.0,4357.0,578.0,11679.0,62.0
Whole Foods Market,wheaton,,89 Danada Square East,Wheaton,IL,60189.0,+1 630-588-1500,Whole Foods,60189,ZCTA5 60189,117574.0,31036.0,40.9,21239.0,8310.0,4502.0,530.0,13342.0,62.8
Whole Foods Market,willowbrookkingery,,6300 Kingery Highway,Willowbrook,IL,60527.0,+1 630-655-5000,Whole Foods,60527,ZCTA5 60527,115318.0,28983.0,49.2,21916.0,6871.0,3103.0,860.0,10834.0,49.4
Whole Foods Market,carmel,,14598 Clay Terrace Boulevard,Carmel,IN,46032.0,+1 317-569-1517,Whole Foods,46032,ZCTA5 46032,121496.0,51250.0,39.8,34501.0,14445.0,6850.0,1420.0,22715.0,65.8
Whole Foods Market,eightysixthst,,1300 East 86th Street,Indianapolis,IN,46240.0,+1 317-706-0900,Whole Foods,46240,ZCTA5 46240,63317.0,20123.0,38.4,15136.0,5352.0,2147.0,350.0,7849.0,51.9
Whole Foods Market,marketsquare,,320 East Market Street,Indianapolis,IN,46204.0,+1 317-559-9360,Whole Foods,46204,ZCTA5 46204,84735.0,10544.0,31.8,8767.0,2835.0,1288.0,206.0,4329.0,49.4
Whole Foods Market,mishawaka,,4230 Grape Road,Mishawaka,IN,46545.0,+1 574-247-5800,Whole Foods,46545,ZCTA5 46545,52621.0,27000.0,37.0,18116.0,3319.0,1463.0,318.0,5100.0,28.2
Whole Foods Market,schererville,,199 Indianapolis Boulevard,Schererville,IN,46375.0,+1 219-864-5400,Whole Foods,46375,ZCTA5 46375,85217.0,23740.0,44.7,17339.0,4416.0,1453.0,227.0,6096.0,35.2
Whole Foods Market,olathe,,14615 West 119th Street,Olathe,KS,66062.0,+1 913-764-5656,Whole Foods,66062,ZCTA5 66062,111902.0,77312.0,35.9,50091.0,17335.0,8084.0,1201.0,26620.0,53.1
Whole Foods Market,overlandpark,,11900 Metcalf Avenue,Overland Park,KS,66213.0,+1 913-663-2951,Whole Foods,66213,ZCTA5 66213,115545.0,30270.0,39.4,21716.0,8794.0,4093.0,847.0,13734.0,63.2
Whole Foods Market,10504,,1423 North Webb Road,Wichita,KS,67206.0,+1 316-630-8484,Whole Foods,67206,ZCTA5 67206,83651.0,17601.0,41.0,11996.0,4822.0,1750.0,263.0,6835.0,57.0
Whole Foods Market,lexington,,4059 Finn Way,Lexington,KY,40517.0,+1 859-971-8600,Whole Foods,40517,ZCTA5 40517,50429.0,36263.0,31.6,23742.0,5427.0,2624.0,358.0,8409.0,35.4
Whole Foods Market,louisville,,4944 Shelbyville Road,St Matthews,KY,40207.0,+1 502-899-5545,Whole Foods,40207,ZCTA5 40207,97754.0,29014.0,42.6,21893.0,7802.0,4262.0,818.0,12882.0,58.8
Whole Foods Market,batonrouge,,7529 Corporate Boulevard,Baton Rouge,LA,70809.0,+1 225-218-0452,Whole Foods,70809,ZCTA5 70809,79148.0,26684.0,37.6,18480.0,6167.0,2243.0,404.0,8814.0,47.7
Whole Foods Market,ambassadorcaffery,,4247 Ambassador Caffery Parkway,Lafayette,LA,70508.0,+1 337-314-9653,Whole Foods,70508,ZCTA5 70508,85006.0,39962.0,37.0,27943.0,8147.0,2960.0,594.0,11701.0,41.9
Whole Foods Market,mandeville,,3450 Highway 190,Mandeville,LA,70471.0,+1 985-231-3328,Whole Foods,70471,ZCTA5 70471,96250.0,23425.0,43.8,16052.0,5528.0,2289.0,202.0,8019.0,50.0
Whole Foods Market,vets,,3420 Veterans Memorial Boulevard,Metairie,LA,70002.0,+1 504-888-8225,Whole Foods,70002,ZCTA5 70002,66152.0,19195.0,38.6,13829.0,4681.0,1394.0,392.0,6467.0,46.8
Whole Foods Market,broadstreet,,300 North Broad Street,New Orleans,LA,70119.0,+1 504-434-3364,Whole Foods,70119,ZCTA5 70119,47507.0,36028.0,37.8,28615.0,7614.0,3347.0,842.0,11803.0,41.2
Whole Foods Market,arabellastation,,5600 Magazine Street,New Orleans,LA,70115.0,+1 504-899-9119,Whole Foods,70115,ZCTA5 70115,91672.0,33069.0,39.6,25172.0,7682.0,4175.0,1043.0,12900.0,51.2
Whole Foods Market,shreveport,,1380 East 70th Street,Shreveport,LA,71105.0,+1 318-462-9895,Whole Foods,71105,ZCTA5 71105,62865.0,19705.0,37.9,14950.0,3444.0,2197.0,203.0,5844.0,39.1
Whole Foods Market,andover,,40 Railroad Street,Andover,MA,1810.0,+1 978-749-6664,Whole Foods,,,,,,,,,,,
Whole Foods Market,arlington-ma,,808 Massachusetts Avenue,Arlington,MA,2476.0,+1 781-777-7200,Whole Foods,,,,,,,,,,,
Whole Foods Market,bedford,,170 The Great Road,Bedford,MA,1730.0,+1 781-275-8264,Whole Foods,,,,,,,,,,,
Whole Foods Market,10091,,255 Hartford Avenue,Bellingham,MA,2019.0,+1 508-966-3331,Whole Foods,,,,,,,,,,,
Whole Foods Market,beverly,,150 Brimbal Avenue,Beverly,MA,1915.0,+1 978-529-9151,Whole Foods,,,,,,,,,,,
Whole Foods Market,charlesriver,,181 Cambridge Street,Boston,MA,2114.0,+1 617-723-0004,Whole Foods,,,,,,,,,,,
Whole Foods Market,southend,,348 Harrison Avenue,Boston,MA,2118.0,+1 617-904-1000,Whole Foods,,,,,,,,,,,
Whole Foods Market,symphony,,15 Westland Avenue,Boston,MA,2115.0,+1 617-375-1010,Whole Foods,,,,,,,,,,,
Whole Foods Market,jamaicaplain,,413 Centre Street,Boston,MA,2130.0,+1 617-553-5400,Whole Foods,,,,,,,,,,,
Whole Foods Market,,,15 Washington Street,Brighton,MA,2135.0,+1-617-738-8187,Whole Foods,,,,,,,,,,,
Whole Foods Market,freshpond,,200 Alewife Brook Parkway,Cambridge,MA,2138.0,+1 617-491-0040,Whole Foods,,,,,,,,,,,
Whole Foods Market,riverstreet,,340 River Street,Cambridge,MA,2139.0,+1 617-876-6990,Whole Foods,,,,,,,,,,,
Whole Foods Market,cambridge,,115 Prospect Street,Cambridge,MA,2139.0,+1 617-492-0070,Whole Foods,,,,,,,,,,,
Whole Foods Market,charlestown,,27 Austin Street,Charlestown,MA,2129.0,+1 617-337-9700,Whole Foods,,,,,,,,,,,
Whole Foods Market,dedham,,300 Legacy Place,Dedham,MA,2026.0,+1 781-329-7100,Whole Foods,,,,,,,,,,,
Whole Foods Market,framingham,,575 Worcester Road,Framingham,MA,1702.0,+1 508-628-9525,Whole Foods,,,,,,,,,,,
Whole Foods Market,hadley,,327 Russell Street,Hadley,MA,1035.0,+1 413-586-9932,Whole Foods,,,,,,,,,,,
Whole Foods Market,hingham,,94 Derby Street,Hingham,MA,2043.0,+1 781-741-8050,Whole Foods,,,,,,,,,,,
Whole Foods Market,hyannis,,990 Iyannough Road,Hyannis,MA,2601.0,+1 508-418-5900,Whole Foods,,,,,,,,,,,
Whole Foods Market,lynnfield,,100 Market Street,Lynnfield,MA,1940.0,+1 781-776-4300,Whole Foods,,,,,,,,,,,
Whole Foods Market,medford,,2151 Mystic Valley Parkway,Medford,MA,2155.0,+1 781-395-4998,Whole Foods,,,,,,,,,,,
Whole Foods Market,melrose,,880 Main Street,Melrose,MA,2176.0,+1-781-606-3400,Whole Foods,,,,,,,,,,,
Whole Foods Market,newton,,916 Walnut Street,Newton,MA,2461.0,+1 617-969-1141,Whole Foods,,,,,,,,,,,
Whole Foods Market,newtonville,,647 Washington Street,Newton,MA,2458.0,+1 617-965-2070,Whole Foods,,,,,,,,,,,
Whole Foods Market,shrewsbury,,193 Boston Turnpike,Shrewsbury,MA,1545.0,+1 508-749-5520,Whole Foods,,,,,,,,,,,
Whole Foods Market,somerville,,45 Beacon Street,Somerville,MA,2143.0,+1 617-902-9300,Whole Foods,,,,,,,,,,,
Whole Foods Market,sudbury,,536 Boston Post Road,Sudbury,MA,1776.0,+1 508-358-7700,Whole Foods,,,,,,,,,,,
Whole Foods Market,swampscott,,331 Paradise Road,Swampscott,MA,1907.0,+1 781-592-2200,Whole Foods,,,,,,,,,,,
Whole Foods Market,wellesley,,442 Washington Street,Wellesley,MA,2482.0,+1 781-235-7262,Whole Foods,,,,,,,,,,,
Whole Foods Market,westford,,160 Littleton Road,Westford,MA,1886.0,+1 978-303-2900,Whole Foods,,,,,,,,,,,
Whole Foods Market,southweymouth,,35 Pleasant Street,Weymouth,MA,2190.0,+1 781-277-5200,Whole Foods,,,,,,,,,,,
Whole Foods Market,woburn,,400 Cambridge Road,Woburn,MA,1801.0,+1 781-376-9600,Whole Foods,,,,,,,,,,,
Whole Foods Market,,,200 Harker Place,,MD,21041.0,+1 410-573-1800,Whole Foods,21041,,,,,,,,,,
Whole Foods Market,harboreast,,711 South Central Avenue,Baltimore,MD,21202.0,+1 410-528-1640,Whole Foods,21202,ZCTA5 21202,59098.0,20115.0,33.3,16087.0,3550.0,2321.0,794.0,6665.0,41.4
Whole Foods Market,mountwashington,,1330 Smith Avenue,Baltimore,MD,21209.0,+1 410-532-6700,Whole Foods,21209,ZCTA5 21209,89398.0,29960.0,35.3,19793.0,4901.0,4366.0,978.0,10245.0,51.8
Whole Foods Market,bethesda,,5269 River Road,Bethesda,MD,20816.0,+1 301-984-4860,Whole Foods,20816,ZCTA5 20816,228311.0,17390.0,45.1,11527.0,3409.0,3631.0,1045.0,8085.0,70.1
Whole Foods Market,friendshipheights,,4420 Willard Avenue,Chevy Chase,MD,20815.0,+1 301-657-1520,Whole Foods,20815,ZCTA5 20815,185873.0,31080.0,46.3,22329.0,6189.0,6304.0,2520.0,15013.0,67.2
Whole Foods Market,columbia-md,,10275 Little Patuxent Parkway,Columbia,MD,21044.0,+1 240-865-1827,Whole Foods,21044,ZCTA5 21044,123658.0,45100.0,39.6,32538.0,9977.0,8565.0,1961.0,20503.0,63.0
Whole Foods Market,kentlands,,316 Kentlands Boulevard,Gaithersburg,MD,20878.0,+1 301-258-9500,Whole Foods,20878,ZCTA5 20878,141902.0,65954.0,40.3,45403.0,16177.0,10323.0,3410.0,29910.0,65.9
Whole Foods Market,riverdalepark,,6621 Baltimore Avenue,Riverdale,MD,20737.0,+1 240-487-7575,Whole Foods,20737,ZCTA5 20737,85752.0,24438.0,31.9,14793.0,2017.0,991.0,75.0,3083.0,20.8
Whole Foods Market,rockville,,11355 Woodglen Drive,Rockville,MD,20852.0,+1 301-984-4880,Whole Foods,20852,ZCTA5 20852,121550.0,48379.0,38.5,35296.0,10641.0,7982.0,4040.0,22663.0,64.2
Whole Foods Market,silverspring,,833 Wayne Avenue,Silver Spring,MD,20910.0,+1 301-608-9373,Whole Foods,20910,ZCTA5 20910,103813.0,45072.0,35.1,33650.0,10156.0,8897.0,2715.0,21768.0,64.7
Whole Foods Market,towson,,300 Towson Row,Towson,MD,21204.0,+1 443-652-6566,Whole Foods,21204,ZCTA5 21204,92734.0,20188.0,34.8,13089.0,4408.0,2750.0,651.0,7809.0,59.7
Whole Foods Market,portland-me,,2 Somerset Street,Portland,ME,4101.0,+1 207-774-7711,Whole Foods,,,,,,,,,,,
Whole Foods Market,cranbrook,,990 West Eisenhower Parkway,Ann Arbor,MI,48103.0,+1 734-997-7500,Whole Foods,48103,ZCTA5 48103,113829.0,54563.0,40.0,39153.0,11469.0,10432.0,3803.0,25704.0,65.7
Whole Foods Market,10167,,3135 Washtenaw Avenue,Ann Arbor,MI,48104.0,+1 734-975-4500,Whole Foods,48104,ZCTA5 48104,58224.0,45161.0,22.9,18498.0,5715.0,5125.0,2482.0,13322.0,72.0
Whole Foods Market,birminghammi,,2100 East Maple Road,Birmingham,MI,48009.0,+1 248-649-9600,Whole Foods,48009,ZCTA5 48009,151556.0,21738.0,42.0,15095.0,5362.0,3940.0,504.0,9806.0,65.0
Whole Foods Market,detroit,,115 Mack Avenue,Detroit,MI,48201.0,+1 313-576-5300,Whole Foods,48201,ZCTA5 48201,22243.0,14287.0,33.5,9886.0,1967.0,893.0,196.0,3056.0,30.9
Whole Foods Market,eastlansing,,2750 East Grand River Avenue,East Lansing,MI,48823.0,+1 517-319-2000,Whole Foods,48823,ZCTA5 48823,49302.0,49713.0,24.5,24240.0,7412.0,4264.0,2005.0,13681.0,56.4
Whole Foods Market,grandrapids,,2897 Radcliff Avenue Southeast,Kentwood,MI,49512.0,+1 616-226-8880,Whole Foods,49512,ZCTA5 49512,65640.0,19141.0,32.9,12993.0,3609.0,1025.0,88.0,4722.0,36.3
Whole Foods Market,10330,,2918 Walton Boulevard,Rochester Hills,MI,48309.0,+1 248-371-1400,Whole Foods,48309,ZCTA5 48309,117439.0,30626.0,42.6,20398.0,6922.0,4205.0,555.0,11682.0,57.3
Whole Foods Market,10120,,7350 Orchard Lake Road,West Bloomfield,MI,48322.0,+1 248-538-4600,Whole Foods,48322,ZCTA5 48322,111447.0,33174.0,45.6,24007.0,7475.0,4356.0,605.0,12436.0,51.8
Whole Foods Market,edina,,7401 France Avenue South,Edina,MN,55435.0,+1 952-830-3500,Whole Foods,55435,ZCTA5 55435,71664.0,14053.0,49.2,11415.0,4299.0,1764.0,255.0,6318.0,55.3
Whole Foods Market,maplegrove,,12201 Elm Creek Boulevard North,Maple Grove,MN,55369.0,+1 763-416-7300,Whole Foods,55369,ZCTA5 55369,109543.0,37983.0,39.9,27479.0,8722.0,3485.0,604.0,12811.0,46.6
Whole Foods Market,hennepin,,222 Hennepin Avenue,Minneapolis,MN,55401.0,+1 612-313-7100,Whole Foods,55401,ZCTA5 55401,118188.0,11510.0,35.2,10094.0,3904.0,2485.0,465.0,6854.0,67.9
Whole Foods Market,uptownminneapolis,,3060 Excelsior Boulevard,Minneapolis,MN,55416.0,+1 612-927-8141,Whole Foods,55416,ZCTA5 55416,99383.0,34715.0,35.3,26553.0,12185.0,4677.0,844.0,17706.0,66.7
Whole Foods Market,minnetonka,,1001 Plymouth Road,Minnetonka,MN,55305.0,+1 952-797-5600,Whole Foods,55305,ZCTA5 55305,104380.0,21256.0,39.5,16207.0,6275.0,2522.0,385.0,9182.0,56.7
Whole Foods Market,stpaul,,1575 Selby Avenue,Saint Paul,MN,55104.0,+1 651-690-0197,Whole Foods,55104,ZCTA5 55104,70280.0,44498.0,33.0,28888.0,8207.0,3980.0,1250.0,13437.0,46.5
Whole Foods Market,woodbury,,305 Radio Drive,Woodbury,MN,55125.0,+1 651-252-3060,Whole Foods,55125,ZCTA5 55125,115704.0,45835.0,38.5,30804.0,11597.0,4881.0,796.0,17274.0,56.1
Whole Foods Market,st-louis,,1601 South Brentwood Boulevard,Brentwood,MO,63144.0,+1 314-968-7744,Whole Foods,63144,ZCTA5 63144,95276.0,9027.0,35.5,6554.0,2617.0,1419.0,326.0,4362.0,66.6
Whole Foods Market,kansascity,,301 East 51st Street,Kansas City,MO,64112.0,+1 816-708-3700,Whole Foods,64112,ZCTA5 64112,91438.0,8578.0,35.0,6448.0,2608.0,1352.0,273.0,4233.0,65.6
Whole Foods Market,centralwestend,,4577 West Pine Boulevard,Saint Louis,MO,63108.0,+1 314-474-7300,Whole Foods,63108,ZCTA5 63108,56306.0,20521.0,33.5,14692.0,3896.0,2501.0,1096.0,7493.0,51.0
Whole Foods Market,townandcountry,,1160 Town & Country Crossing Drive,Town and Country,MO,63017.0,+1 636-527-1160,Whole Foods,63017,ZCTA5 63017,130604.0,42686.0,47.7,31377.0,10740.0,6817.0,1548.0,19105.0,60.9
Whole Foods Market,jkn,,39211 Interstate 55 North,Jackson,MS,39211.0,+1 601-608-0405,Whole Foods,39211,ZCTA5 39211,62908.0,23160.0,33.8,15926.0,4253.0,2167.0,922.0,7342.0,46.1
Whole Foods Market,bozeman,,2905 West Main Street,Bozeman,MT,59718.0,+1 406-602-8249,Whole Foods,59718,ZCTA5 59718,92054.0,42538.0,31.9,27659.0,10254.0,3605.0,852.0,14711.0,53.2
Whole Foods Market,eastasheville,,4 South Tunnel Road,Asheville,NC,28805.0,+1 828-239-9604,Whole Foods,28805,ZCTA5 28805,61404.0,20017.0,46.4,15648.0,4291.0,2178.0,270.0,6739.0,43.1
Whole Foods Market,southasheville,,1856 Hendersonville Road,Asheville,NC,28803.0,+1 828-378-0477,Whole Foods,28803,ZCTA5 28803,65642.0,34577.0,41.7,26278.0,7514.0,3839.0,576.0,11929.0,45.4
Whole Foods Market,asheville,,70 Merrimon Avenue,Asheville,NC,28801.0,+1 828-254-5440,Whole Foods,28801,ZCTA5 28801,46496.0,13498.0,43.9,10861.0,3327.0,1344.0,196.0,4867.0,44.8
Whole Foods Market,cary,,102 New Waverly Place,Cary,NC,27518.0,+1 919-816-8830,Whole Foods,27518,ZCTA5 27518,117647.0,19102.0,46.7,14424.0,5650.0,3244.0,673.0,9567.0,66.3
Whole Foods Market,westcary,,5055 Arco Street,Cary,NC,27617.0,+1 984-228-0300,Whole Foods,27617,ZCTA5 27617,102207.0,19202.0,38.2,14400.0,6035.0,2321.0,382.0,8738.0,60.7
Whole Foods Market,chapelhill,,81 South Elliot Road,Chapel Hill,NC,27514.0,+1 919-968-1983,Whole Foods,27514,ZCTA5 27514,97511.0,32149.0,23.8,15426.0,4612.0,3824.0,2405.0,10841.0,70.3
Whole Foods Market,uptowncharlotte,,400 East Brooklyn Village Avenue,Charlotte,NC,28202.0,+1 704-969-5950,Whole Foods,28202,ZCTA5 28202,95273.0,16150.0,30.4,11700.0,4369.0,1855.0,283.0,6507.0,55.6
Whole Foods Market,charlotte,,6610 Fairview Road,Charlotte,NC,28210.0,+1 980-213-2400,Whole Foods,28210,ZCTA5 28210,90050.0,46811.0,35.7,33280.0,12938.0,5439.0,346.0,18723.0,56.3
Whole Foods Market,waverly,,7221 Waverly Walk Avenue,Charlotte,NC,28277.0,+1 704-949-1860,Whole Foods,28277,ZCTA5 28277,117369.0,71047.0,40.3,48895.0,19647.0,9678.0,1092.0,30417.0,62.2
Whole Foods Market,charlotte,,6610 Fairview Road,Charlotte,NC,28210.0,+1 980-213-2400,Whole Foods,28210,ZCTA5 28210,90050.0,46811.0,35.7,33280.0,12938.0,5439.0,346.0,18723.0,56.3
Whole Foods Market,waverly,,7221 Waverly Walk Avenue,Charlotte,NC,28277.0,+1 704-949-1860,Whole Foods,28277,ZCTA5 28277,117369.0,71047.0,40.3,48895.0,19647.0,9678.0,1092.0,30417.0,62.2
Whole Foods Market,durham,,621 Broad Street,Durham,NC,27705.0,+1 919-286-2290,Whole Foods,27705,ZCTA5 27705,65935.0,46880.0,35.1,31645.0,9345.0,5544.0,2588.0,17477.0,55.2
Whole Foods Market,greensborofriendly,,3202 West Friendly Avenue,Greensboro,NC,27408.0,+1 336-398-2880,Whole Foods,27408,ZCTA5 27408,81460.0,16399.0,44.0,12034.0,4418.0,2109.0,311.0,6838.0,56.8
Whole Foods Market,lakenorman,,9129 Sam Furr Road,Huntersville,NC,28078.0,+1 704-765-3735,Whole Foods,28078,ZCTA5 28078,112278.0,68639.0,39.5,46897.0,16656.0,7181.0,562.0,24399.0,52.0
Whole Foods Market,raleigh,,3540 Wade Avenue,Raleigh,NC,27607.0,+1 919-828-5805,Whole Foods,27607,ZCTA5 27607,89179.0,26026.0,24.7,12819.0,4863.0,2570.0,703.0,8136.0,63.5
Whole Foods Market,northraleigh,,8710 Six Forks Road,Raleigh,NC,27615.0,+1 919-354-0350,Whole Foods,27615,ZCTA5 27615,102643.0,46182.0,42.4,34125.0,12661.0,6050.0,1150.0,19861.0,58.2
Whole Foods Market,wilmington,,3804 Oleander Drive,Wilmington,NC,28403.0,+1 910-777-2499,Whole Foods,28403,ZCTA5 28403,50757.0,39628.0,30.3,23492.0,7379.0,2253.0,542.0,10174.0,43.3
Whole Foods Market,winston-salem,,41 Miller Street,Winston-Salem,NC,27104.0,+1 336-722-9233,Whole Foods,27104,ZCTA5 27104,75592.0,30256.0,44.4,22297.0,6729.0,3325.0,930.0,10984.0,49.3
Whole Foods Market,lincoln,,6055 O Street,Lincoln,NE,68510.0,+1-402-486-6000,Whole Foods,68510,ZCTA5 68510,65589.0,19342.0,40.6,13709.0,3198.0,1426.0,483.0,5107.0,37.3
Whole Foods Market,omaha,,10020 Regency Circle,Omaha,NE,68114.0,+1 402-393-1200,Whole Foods,68114,ZCTA5 68114,71484.0,17786.0,39.7,12471.0,3644.0,1401.0,339.0,5384.0,43.2
Whole Foods Market,,,121 South River Road,Bedford,NH,3110.0,+1-603-218-1900,Whole Foods,,,,,,,,,,,
Whole Foods Market,,,272 Daniel Webster Highway,Nashua,NH,3060.0,+16033183000,Whole Foods,,,,,,,,,,,
Whole Foods Market,nashua,,255 Amherst Street,Nashua,NH,3063.0,+1 603-318-7550,Whole Foods,,,,,,,,,,,
Whole Foods Market,portsmouth,,1600 Woodbury Avenue,Portsmouth,NH,3801.0,+1-603-294-1115,Whole Foods,,,,,,,,,,,
Whole Foods Market,bridgewater,,319 Chimney Rock Road,Bound Brook,NJ,8805.0,+1 732-584-1960,Whole Foods,,,,,,,,,,,
Whole Foods Market,cherryhill,,1558 Kings Highway North,Cherry Hill,NJ,8034.0,+1 856-651-5271,Whole Foods,,,,,,,,,,,
Whole Foods Market,clark,,1255 Raritan Road,Clark,NJ,7066.0,+1 732-381-1010,Whole Foods,,,,,,,,,,,
Whole Foods Market,closter,,45 Vervalen Street,Closter,NJ,7624.0,+1 201-367-9099,Whole Foods,,,,,,,,,,,
Whole Foods Market,edgewater,,905 River Road,Edgewater,NJ,7020.0,+1 201-941-4000,Whole Foods,,,,,,,,,,,
Whole Foods Market,,,101 Washington Street,Hoboken,NJ,7030.0,,Whole Foods,,,,,,,,,,,
Whole Foods Market,jerseycity,,135 Greene Street,Jersey City,NJ,7311.0,+1 201-885-5388,Whole Foods,,,,,,,,,,,
Whole Foods Market,madisonnj,,222 Main Street,Madison,NJ,7940.0,+1 973-822-8444,Whole Foods,,,,,,,,,,,
Whole Foods Market,marlboro,,113 Route 9 South,Marlboro,NJ,7726.0,+1 732-792-5900,Whole Foods,,,,,,,,,,,
Whole Foods Market,marlton,,940 Route 73 North,Marlton,NJ,8053.0,+1 856-797-1115,Whole Foods,,,,,,,,,,,
Whole Foods Market,metuchen,,645 Middlesex Avenue,Metuchen,NJ,8840.0,+1 732-515-6180,Whole Foods,,,,,,,,,,,
Whole Foods Market,montclair,,701 Bloomfield Avenue,Montclair,NJ,7042.0,+1 973-746-5110,Whole Foods,,,,,,,,,,,
Whole Foods Market,morristown,,110 Washington Street,Morristown,NJ,7960.0,+1 973-385-1900,Whole Foods,,,,,,,,,,,
Whole Foods Market,newark,,633 Broad Street,Newark,NJ,7102.0,+1 973-755-5080,Whole Foods,,,,,,,,,,,
Whole Foods Market,paramus,,300 Bergen Town Center,Paramus,NJ,7652.0,+1 201-226-1244,Whole Foods,,,,,,,,,,,
Whole Foods Market,parsippany,,60 Waterview Boulevard,Parsippany,NJ,7054.0,+1 862-286-2777,Whole Foods,,,,,,,,,,,
Whole Foods Market,princeton,,3495 Brunswick Pike,Princeton,NJ,8540.0,+1 609-799-2919,Whole Foods,,,,,,,,,,,
Whole Foods Market,middletown,,471 State Route 35 North,Red Bank,NJ,7701.0,+1 732-758-1688,Whole Foods,,,,,,,,,,,
Whole Foods Market,ridgewood,,44 Godwin Avenue,Ridgewood,NJ,7450.0,+1 201-670-0383,Whole Foods,,,,,,,,,,,
Whole Foods Market,millburn,,2245 Springfield Avenue,Union,NJ,7088.0,+1 908-688-1455,Whole Foods,,,,,,,,,,,
Whole Foods Market,wayne,,560 Valley Road,Wayne,NJ,7470.0,+1 973-587-1470,Whole Foods,,,,,,,,,,,
Whole Foods Market,weehawken,,1400 Waterfront Terrace,Weehawken,NJ,7086.0,+1 551-300-6080,Whole Foods,,,,,,,,,,,
Whole Foods Market,westorange,,235 Prospect Avenue,West Orange,NJ,7052.0,+1 973-669-3196,Whole Foods,,,,,,,,,,,
Whole Foods Market,woodclifflake,,500 Chestnut Ridge Road,Woodcliff Lake,NJ,7677.0,+1 551-249-2595,Whole Foods,,,,,,,,,,,
Whole Foods Market,,,5815 Wyoming Boulevard Northeast,Albuquerque,NM,87109.0,+1-505-856-0474,Whole Foods,87109,ZCTA5 87109,53182.0,40313.0,42.1,28884.0,6733.0,3576.0,796.0,11105.0,38.4
Whole Foods Market,,,2100 Carlisle Boulevard Northeast,Albuquerque,NM,87110.0,+1 505-260-1366,Whole Foods,87110,ZCTA5 87110,61158.0,40404.0,40.6,29125.0,5564.0,3914.0,818.0,10296.0,35.4
Whole Foods Market,cerrillos,,753 Cerrillos Road,Santa Fe,NM,87505.0,+1 505-992-1700,Whole Foods,87505,ZCTA5 87505,77267.0,31857.0,52.4,25589.0,6463.0,3976.0,1365.0,11804.0,46.1
Whole Foods Market,henderson,,100 South Green Valley Parkway,Henderson,NV,89012.0,+1 702-361-8183,Whole Foods,89012,ZCTA5 89012,89177.0,37991.0,45.2,28496.0,6866.0,3367.0,580.0,10813.0,37.9
Whole Foods Market,lvb,,6689 South Las Vegas Boulevard,Las Vegas,NV,89119.0,+1 702-589-7711,Whole Foods,89119,ZCTA5 89119,44939.0,50985.0,35.0,35290.0,4762.0,1326.0,419.0,6507.0,18.4
Whole Foods Market,tenaya,,North Tenaya Way,Las Vegas,NV,89128.0,+1 702-942-1500,Whole Foods,89128,ZCTA5 89128,66534.0,38500.0,38.7,26972.0,5171.0,2048.0,355.0,7574.0,28.1
Whole Foods Market,reno,,6139 South Virginia Street,Reno,NV,89502.0,+1 775-852-8023,Whole Foods,89502,ZCTA5 89502,58228.0,46412.0,35.5,31777.0,3903.0,1462.0,219.0,5584.0,17.6
Whole Foods Market,,,Spruce Goose Street,Summerlin South,NV,89135.0,,Whole Foods,89135,ZCTA5 89135,113377.0,30876.0,46.7,23292.0,6612.0,2902.0,528.0,10042.0,43.1
Whole Foods Market,10601,,3097 Sheridan Drive,Amherst,NY,14226.0,+1 716-398-4502,Whole Foods,14226,ZCTA5 14226,79330.0,29273.0,37.8,20080.0,5844.0,3918.0,752.0,10514.0,52.4
Whole Foods Market,williamsburg,,238 Bedford Avenue,Brooklyn,NY,11249.0,+1 718-734-2321,Whole Foods,11249,ZCTA5 11249,113946.0,45087.0,30.2,28631.0,9713.0,5032.0,407.0,15152.0,52.9
Whole Foods Market,fortgreene,,292 Ashland Place,Brooklyn,NY,11215.0,+1 718-290-1010,Whole Foods,11215,ZCTA5 11215,173899.0,72014.0,37.2,53202.0,19808.0,15174.0,2315.0,37297.0,70.1
Whole Foods Market,thirdand3rd,,214 3rd Street,Brooklyn,NY,11215.0,+1 718-907-3622,Whole Foods,11215,ZCTA5 11215,173899.0,72014.0,37.2,53202.0,19808.0,15174.0,2315.0,37297.0,70.1
Whole Foods Market,chappaqua,,480 North Bedford Road,Chappaqua,NY,10514.0,+1 914-340-5130,Whole Foods,10514,ZCTA5 10514,250001.0,12867.0,41.1,8157.0,2560.0,2496.0,506.0,5562.0,68.2
Whole Foods Market,albany,,131 Colonie Center,Colonie,NY,12205.0,+1 518-621-5300,Whole Foods,12205,ZCTA5 12205,87681.0,26436.0,44.2,19137.0,3706.0,2522.0,333.0,6561.0,34.3
Whole Foods Market,commack,,120 Veterans Memorial Highway,Commack,NY,11725.0,+1 631-670-0580,Whole Foods,11725,ZCTA5 11725,168786.0,28735.0,43.4,19888.0,6113.0,4251.0,391.0,10755.0,54.1
Whole Foods Market,westbury,,867 East Gate Boulevard,Garden City,NY,11530.0,+1 516-540-3040,Whole Foods,11530,ZCTA5 11530,186300.0,28207.0,41.8,18290.0,6208.0,3830.0,775.0,10813.0,59.1
Whole Foods Market,,,350 Walt Whitman Road,Huntington Station,NY,11746.0,+15165875321,Whole Foods,11746,ZCTA5 11746,146150.0,67663.0,42.0,47732.0,12413.0,7566.0,1233.0,21212.0,44.4
Whole Foods Market,jericho,,429 North Broadway,Jericho,NY,11753.0,+1 516-932-1733,Whole Foods,11753,ZCTA5 11753,172983.0,13087.0,43.7,8624.0,2964.0,2032.0,416.0,5412.0,62.8
Whole Foods Market,lakegrove,,120 New Moriches Road,Lake Grove,NY,11755.0,+1 631-588-1466,Whole Foods,11755,ZCTA5 11755,121196.0,12227.0,41.4,8246.0,2257.0,1290.0,220.0,3767.0,45.7
Whole Foods Market,manhasset,,2101 Northern Boulevard,Manhasset,NY,11030.0,+1 516-869-8900,Whole Foods,11030,ZCTA5 11030,232821.0,17168.0,46.2,11819.0,4511.0,2874.0,354.0,7739.0,65.5
Whole Foods Market,unionsquare,,4 Union Square South,New York,NY,10003.0,+1 212-673-5388,Whole Foods,10003,ZCTA5 10003,152863.0,53877.0,32.2,37093.0,16265.0,7846.0,2375.0,26486.0,71.4
Whole Foods Market,tribeca,,270 Greenwich Street,New York,NY,10007.0,+1 212-349-6555,Whole Foods,10007,ZCTA5 10007,250001.0,7506.0,34.7,5558.0,2851.0,1502.0,64.0,4417.0,79.5
Whole Foods Market,columbuscircle,,10 Columbus Circle,New York,NY,10019.0,+1 212-823-9600,Whole Foods,10019,ZCTA5 10019,113335.0,42766.0,41.4,37804.0,15840.0,8916.0,1214.0,25970.0,68.7
Whole Foods Market,upperwestside,,808 Columbus Avenue,New York,NY,10025.0,+1 212-222-6160,Whole Foods,10025,ZCTA5 10025,106916.0,96988.0,39.8,72928.0,20984.0,16920.0,4185.0,42089.0,57.7
Whole Foods Market,bowery,,95 East Houston Street,New York,NY,10002.0,+1 212-420-1320,Whole Foods,10002,ZCTA5 10002,43362.0,76518.0,44.2,60952.0,16087.0,5440.0,616.0,22143.0,36.3
Whole Foods Market,,,409 East 14th Street,New York,NY,10009.0,+1-646-690-8645,Whole Foods,10009,ZCTA5 10009,83344.0,58418.0,38.2,46815.0,17467.0,8890.0,1520.0,27877.0,59.5
Whole Foods Market,uppereastside,,1551 3rd Avenue,New York,NY,10128.0,+1 646-891-3888,Whole Foods,10128,ZCTA5 10128,137253.0,56695.0,42.3,45485.0,15493.0,11027.0,2819.0,29339.0,64.5
Whole Foods Market,bryantpark,,1095 Avenue of the Americas,New York,NY,10036.0,+1 917-728-5700,Whole Foods,10036,ZCTA5 10036,102287.0,30930.0,39.3,26043.0,10341.0,5188.0,394.0,15923.0,61.1
Whole Foods Market,midtown-east,,226 East 57th Street,New York,NY,10022.0,+1 646-497-1222,Whole Foods,10022,ZCTA5 10022,161236.0,33586.0,48.6,28679.0,10369.0,8647.0,1339.0,20355.0,71.0
Whole Foods Market,harlem,,100 West 125th Street,New York,NY,10027.0,+1 212-678-1940,Whole Foods,10027,ZCTA5 10027,63125.0,65806.0,31.4,42580.0,10778.0,6935.0,2402.0,20115.0,47.2
Whole Foods Market,,,1175 3rd Avenue,New York,NY,10021.0,+1-646-690-6880,Whole Foods,10021,ZCTA5 10021,149432.0,40642.0,43.0,32595.0,12403.0,7009.0,1731.0,21143.0,64.9
Whole Foods Market,chelsea,,250 7th Avenue,New York,NY,10001.0,+1 212-924-5969,Whole Foods,10001,ZCTA5 10001,106509.0,27004.0,35.7,21203.0,8911.0,4344.0,561.0,13816.0,65.2
Whole Foods Market,manhattanwest,,368 10th Avenue,New York,NY,10001.0,+1 646-540-1104,Whole Foods,10001,ZCTA5 10001,106509.0,27004.0,35.7,21203.0,8911.0,4344.0,561.0,13816.0,65.2
Whole Foods Market,onewallstreet,,66 Broadway,New York,NY,10005.0,+1 646-779-8229,Whole Foods,10005,ZCTA5 10005,189886.0,8801.0,29.6,6842.0,3870.0,1243.0,181.0,5294.0,77.4
Whole Foods Market,,,63 Madison Avenue,New York,NY,10037.0,+1 646-779-2848,Whole Foods,10037,ZCTA5 10037,50177.0,19138.0,39.3,14386.0,3638.0,2105.0,155.0,5898.0,41.0
Whole Foods Market,portchester,,575 Boston Post Road,Port Chester,NY,10573.0,+1 914-708-1985,Whole Foods,10573,ZCTA5 10573,105601.0,41139.0,39.7,28188.0,6637.0,3380.0,440.0,10457.0,37.1
Whole Foods Market,rochester,,2740 Monroe Avenue,Rochester,NY,14618.0,+1 585-895-7750,Whole Foods,14618,ZCTA5 14618,118152.0,23783.0,40.0,15171.0,5194.0,3819.0,1174.0,10187.0,67.1
Whole Foods Market,whiteplains,,110 Bloomingdale Road,White Plains,NY,10605.0,+1 914-288-1300,Whole Foods,10605,ZCTA5 10605,140262.0,19800.0,46.7,14678.0,4064.0,3515.0,394.0,7973.0,54.3
Whole Foods Market,yonkers,,1 Ridge Hill Boulevard,Yonkers,NY,10710.0,+1 914-378-8090,Whole Foods,10710,ZCTA5 10710,97941.0,26099.0,44.7,19330.0,5185.0,2654.0,500.0,8339.0,43.1
Whole Foods Market,akron,,1745 West Market Street,Akron,OH,44313.0,+1 330-615-2100,Whole Foods,44313,ZCTA5 44313,71682.0,27797.0,38.1,20526.0,5995.0,2613.0,388.0,8996.0,43.8
Whole Foods Market,kenwood,,5901 East Galbraith Road,Cincinnati,OH,45236.0,+1 513-699-7710,Whole Foods,45236,ZCTA5 45236,79785.0,24504.0,41.6,18728.0,5659.0,2407.0,260.0,8326.0,44.5
Whole Foods Market,cincinnati,,2693 Edmondson Road,Cincinnati,OH,45209.0,+1 513-531-8015,Whole Foods,45209,ZCTA5 45209,84057.0,10408.0,32.0,8379.0,3512.0,1630.0,372.0,5514.0,65.8
Whole Foods Market,dublin,,3670 West Dublin Granville Road,Columbus,OH,43235.0,+1 614-760-5556,Whole Foods,43235,ZCTA5 43235,83371.0,45462.0,36.2,32934.0,11774.0,5130.0,1136.0,18040.0,54.8
Whole Foods Market,easton,,4100 Easton Gateway Drive,Columbus,OH,43219.0,+1 614-536-0570,Whole Foods,43219,ZCTA5 43219,48946.0,32136.0,30.9,19715.0,2874.0,1339.0,146.0,4359.0,22.1
Whole Foods Market,dayton,,1050 Miamisburg Centerville Road,Dayton,OH,45458.0,+1 937-999-6880,Whole Foods,45458,ZCTA5 45458,107229.0,37128.0,42.8,26212.0,8052.0,5488.0,642.0,14182.0,54.1
Whole Foods Market,mason,,5805 Deerfield Boulevard,Mason,OH,45040.0,+1 513-398-9358,Whole Foods,45040,ZCTA5 45040,128034.0,57214.0,39.6,37934.0,14115.0,7940.0,1322.0,23377.0,61.6
Whole Foods Market,orangevillage,,50 Wall Street,Orange,OH,44122.0,+1 216-464-9403,Whole Foods,44122,ZCTA5 44122,100335.0,36522.0,45.9,26277.0,6306.0,5570.0,1721.0,13597.0,51.7
Whole Foods Market,rockyriver,,19607 Detroit Road,Rocky River,OH,44116.0,+1 440-596-3440,Whole Foods,44116,ZCTA5 44116,90214.0,21575.0,43.5,15874.0,5328.0,3029.0,336.0,8693.0,54.8
Whole Foods Market,cleveland,,13998 Cedar Road,University Heights,OH,44118.0,+1 216-932-3918,Whole Foods,44118,ZCTA5 44118,73361.0,41037.0,33.8,26111.0,7367.0,5067.0,1147.0,13581.0,52.0
Whole Foods Market,upperarlington,,1555 West Lane Avenue,Upper Arlington,OH,43221.0,+1 614-481-3400,Whole Foods,43221,ZCTA5 43221,110490.0,35164.0,37.5,24656.0,9919.0,4410.0,1074.0,15403.0,62.5
Whole Foods Market,oklahomacity,,6001 North Western Avenue,Oklahoma City,OK,73118.0,+1 405-879-3500,Whole Foods,73118,ZCTA5 73118,64553.0,13942.0,36.8,10818.0,2969.0,1258.0,264.0,4491.0,41.5
Whole Foods Market,brookside,,1401 East 41st Street South,Tulsa,OK,74105.0,+1 918-712-7555,Whole Foods,74105,ZCTA5 74105,65130.0,26445.0,41.0,19598.0,5754.0,2019.0,490.0,8263.0,42.2
Whole Foods Market,Yale,,9136 South Yale Avenue East,Tulsa,OK,74137.0,+1 918-879-0493,Whole Foods,74137,ZCTA5 74137,99497.0,28577.0,42.1,19721.0,6807.0,2984.0,628.0,10419.0,52.8
Whole Foods Market,bend,,2610 Northeast Highway 20,Bend,OR,97701.0,+1 541-389-0151,Whole Foods,97701,ZCTA5 97701,71927.0,41577.0,36.9,29010.0,7034.0,3495.0,419.0,10948.0,37.7
Whole Foods Market,eugene,,353 East Broadway,Eugene,OR,97401.0,+1 541-434-8820,Whole Foods,97401,ZCTA5 97401,48256.0,48214.0,29.5,28466.0,7623.0,3767.0,897.0,12287.0,43.2
Whole Foods Market,tanasbourne,,9940 Northeast Cornell Road,Hillsboro,OR,97124.0,+1 503-645-9200,Whole Foods,97124,ZCTA5 97124,106228.0,54493.0,34.3,37815.0,8744.0,5794.0,2246.0,16784.0,44.4
Whole Foods Market,lakeoswego,,11 South State Street,Lake Oswego,OR,97034.0,+1 503-782-4672,Whole Foods,97034,ZCTA5 97034,140687.0,20930.0,49.0,15498.0,6552.0,2883.0,874.0,10309.0,66.5
Whole Foods Market,sandy,,4301 Northeast Sandy Boulevard,Portland,OR,97213.0,+1 503-284-2644,Whole Foods,97213,ZCTA5 97213,90266.0,31810.0,42.3,25057.0,8893.0,4308.0,755.0,13956.0,55.7
Whole Foods Market,pearl,,1210 Northwest Couch Street,Portland,OR,97209.0,+1 503-525-4343,Whole Foods,97209,ZCTA5 97209,84893.0,20445.0,37.3,18164.0,6492.0,3104.0,860.0,10456.0,57.6
Whole Foods Market,fremont,,3535 Northeast 15th Avenue,Portland,OR,97212.0,+1 503-288-3414,Whole Foods,97212,ZCTA5 97212,125901.0,27902.0,41.1,20879.0,7538.0,4722.0,723.0,12983.0,62.2
Whole Foods Market,laurelhurst,,2825 East Burnside Street,Portland,OR,97214.0,+1 503-232-6601,Whole Foods,97214,ZCTA5 97214,89389.0,28656.0,36.5,24157.0,10238.0,4185.0,740.0,15163.0,62.8
Whole Foods Market,tigard,,7380 Southwest Bridgeport Road,Tigard,OR,97224.0,+1 503-639-6500,Whole Foods,97224,ZCTA5 97224,86401.0,36591.0,45.3,27860.0,8342.0,3045.0,482.0,11869.0,42.6
Whole Foods Market,greenway,,12220 Southwest Scholls Ferry Road,Tigard,OR,97223.0,+1 971-371-7000,Whole Foods,97223,ZCTA5 97223,104463.0,50027.0,39.1,36380.0,11819.0,4859.0,758.0,17436.0,47.9
Whole Foods Market,10566,,750 Krocks Road,Allentown,PA,18062.0,+1 484-506-2159,Whole Foods,18062,ZCTA5 18062,102380.0,26722.0,43.6,18337.0,5421.0,2230.0,436.0,8087.0,44.1
Kimberton Whole Foods,,,222 East Main Street,Collegeville,PA,19426.0,+1 484-971-6055,Whole Foods,19426,ZCTA5 19426,145347.0,42656.0,40.6,29632.0,9368.0,4536.0,985.0,14889.0,50.2
Whole Foods Market,,,1745 South Easton Road,Doylestown Township,PA,18901.0,+1-267-915-6880,Whole Foods,18901,ZCTA5 18901,115851.0,28311.0,46.7,19989.0,6495.0,3382.0,568.0,10445.0,52.3
Whole Foods Market,10660,,175 North Pottstown Pike,Exton,PA,19341.0,+1 610-423-6360,Whole Foods,19341,ZCTA5 19341,120694.0,20545.0,38.3,14651.0,5957.0,2496.0,538.0,8991.0,61.4
Whole Foods Market,glenmills,,475 Wilmington West Chester Pike,Glen Mills,PA,19342.0,+1 610-358-1133,Whole Foods,19342,ZCTA5 19342,137155.0,20948.0,46.2,15171.0,4067.0,3023.0,506.0,7596.0,50.1
Whole Foods Market,jenkintown,,1575 The Fairway,Jenkintown,PA,19046.0,+1 215-481-0800,Whole Foods,19046,ZCTA5 19046,112320.0,18994.0,46.4,13755.0,4493.0,2464.0,370.0,7327.0,53.3
Whole Foods Market,lancaster,,1563 Fruitville Pike,Lancaster,PA,17601.0,+1 717-984-5700,Whole Foods,17601,ZCTA5 17601,93194.0,56164.0,43.9,40428.0,11505.0,5143.0,767.0,17415.0,43.1
Whole Foods Market,newtown,,3737 West Chester Pike,Newtown Square,PA,19073.0,+1 610-848-7200,Whole Foods,19073,ZCTA5 19073,118443.0,21297.0,46.0,15163.0,5436.0,2797.0,401.0,8634.0,56.9
Whole Foods Market,southstreet,,929 South Street,Philadelphia,PA,19147.0,+1 215-733-9788,Whole Foods,19147,ZCTA5 19147,105233.0,39100.0,35.9,30930.0,11015.0,5895.0,1584.0,18494.0,59.8
Whole Foods Market,phillycentercity,,2101 Pennsylvania Avenue,Philadelphia,PA,19130.0,+1 215-557-0015,Whole Foods,19130,ZCTA5 19130,102279.0,30280.0,33.8,24704.0,9518.0,5916.0,1222.0,16656.0,67.4
Whole Foods Market,eastliberty,,5700 Penn Avenue,Pittsburgh,PA,15206.0,+1 412-441-7960,Whole Foods,15206,ZCTA5 15206,64978.0,29316.0,35.6,22395.0,6117.0,4071.0,1486.0,11674.0,52.1
Whole Foods Market,southhills,,111 Siena Drive,Pittsburgh,PA,15241.0,+1 412-409-4550,Whole Foods,15241,ZCTA5 15241,144448.0,21823.0,44.6,15065.0,5831.0,3338.0,532.0,9701.0,64.4
Whole Foods Market,plymouthmeeting,,500 West Germantown Pike,Plymouth Meeting,PA,19462.0,+1 610-832-0010,Whole Foods,19462,ZCTA5 19462,129776.0,15868.0,41.3,11432.0,3328.0,1592.0,393.0,5313.0,46.5
Whole Foods Market,springhouse,,1111 Bethlehem Pike,Spring House,PA,19477.0,+1 215-646-6300,Whole Foods,19477,ZCTA5 19477,,44.0,71.4,44.0,34.0,10.0,0.0,44.0,100.0
Whole Foods Market,devon,,821 Lancaster Avenue,Wayne,PA,19087.0,+1 610-688-9400,Whole Foods,19087,ZCTA5 19087,161554.0,33683.0,39.6,21978.0,8403.0,5138.0,1714.0,15255.0,69.4
Whole Foods Market,wexford,,10576 Perry Highway,Wexford,PA,15090.0,+1 724-940-6100,Whole Foods,15090,ZCTA5 15090,140313.0,24964.0,39.7,17237.0,6451.0,3546.0,880.0,10877.0,63.1
Whole Foods Market,wynnewood,,15 East Wynnewood Road,Wynnewood,PA,19096.0,+1 610-896-3737,Whole Foods,19096,ZCTA5 19096,158719.0,15384.0,43.6,10633.0,3044.0,2501.0,1153.0,6698.0,63.0
Whole Foods Market,cranston,,151 Sockanosset Cross Road,Cranston,RI,2920.0,+1 401-942-7600,Whole Foods,,,,,,,,,,,
Whole Foods Market,university,,601 North Main Street,Providence,RI,2904.0,+1 401-621-5990,Whole Foods,,,,,,,,,,,
Whole Foods Market,providence,,261 Waterman Street,Providence,RI,2906.0,+1 401-272-1690,Whole Foods,,,,,,,,,,,
Whole Foods Market,westashley,,1125 Savannah Highway,Charleston,SC,29407.0,+1 843-329-6540,Whole Foods,29407,ZCTA5 29407,75389.0,35908.0,38.3,27259.0,8251.0,3109.0,545.0,11905.0,43.7
Whole Foods Market,columbia,,702 Cross Hill Road,Columbia,SC,29205.0,+1 803-509-6700,Whole Foods,29205,ZCTA5 29205,59549.0,22861.0,29.5,13885.0,4479.0,2443.0,987.0,7909.0,57.0
Whole Foods Market,columbia,,702 Cross Hill Road,Columbia,SC,29205.0,+1 803-509-6700,Whole Foods,29205,ZCTA5 29205,59549.0,22861.0,29.5,13885.0,4479.0,2443.0,987.0,7909.0,57.0
Whole Foods Market,greenville,,1140 Woodruff Road,Greenville,SC,29607.0,+1 864-335-2300,Whole Foods,29607,ZCTA5 29607,65712.0,43466.0,34.4,30025.0,9560.0,3770.0,889.0,14219.0,47.4
Whole Foods Market,hiltonheadisland,,50 Shelter Cove Lane,Hilton Head Island,SC,29928.0,+1 843-842-0700,Whole Foods,29928,ZCTA5 29928,95070.0,14680.0,64.0,13468.0,4650.0,2532.0,650.0,7832.0,58.2
Whole Foods Market,charleston,,923 Houston Northcutt Boulevard,Mount Pleasant,SC,29464.0,+1 843-971-7240,Whole Foods,29464,ZCTA5 29464,104366.0,51259.0,42.3,39413.0,16661.0,6270.0,844.0,23775.0,60.3
Whole Foods Market,chattanooga,,301 Manufacturers Road,Chattanooga,TN,37405.0,+1 423-702-7300,Whole Foods,37405,ZCTA5 37405,72766.0,18456.0,35.0,13390.0,3944.0,1727.0,503.0,6174.0,46.1
Whole Foods Market,chattanoogaeast,,1814 Gunbarrel Road,Chattanooga,TN,37421.0,+1 423-425-9133,Whole Foods,37421,ZCTA5 37421,76562.0,52507.0,40.9,38402.0,8927.0,4037.0,510.0,13474.0,35.1
Whole Foods Market,mcewen,,1566 West McEwen Drive,Franklin,TN,37067.0,+1 615-550-5660,Whole Foods,37067,ZCTA5 37067,105403.0,31953.0,37.3,21846.0,8866.0,4414.0,576.0,13856.0,63.4
Whole Foods Market,germantown,,7825 US Highway 72,Germantown,TN,38138.0,+1 901-896-3245,Whole Foods,38138,ZCTA5 38138,122627.0,25465.0,43.0,17533.0,6315.0,3293.0,525.0,10133.0,57.8
Whole Foods Market,knoxville,,6730 Papermill Drive Northwest,Knoxville,TN,37919.0,+1 865-291-6400,Whole Foods,37919,ZCTA5 37919,71923.0,30956.0,38.6,20981.0,6389.0,2961.0,967.0,10317.0,49.2
Whole Foods Market,poplaravenue,,5014 Poplar Avenue,Memphis,TN,38117.0,+1 901-969-4368,Whole Foods,38117,ZCTA5 38117,91680.0,26430.0,40.5,19159.0,6489.0,3557.0,582.0,10628.0,55.5
Whole Foods Market,greenhills,,4021 Hillsboro Pike,Nashville,TN,37215.0,+1 615-440-5100,Whole Foods,37215,ZCTA5 37215,148074.0,22363.0,43.8,16719.0,6268.0,3300.0,1234.0,10802.0,64.6
Whole Foods Market,nashvilledowntown,,1202 Broadway,Nashville,TN,37203.0,+1 615-747-1650,Whole Foods,37203,ZCTA5 37203,63834.0,18903.0,31.0,14599.0,5341.0,2502.0,439.0,8282.0,56.7
Whole Foods Market,addison,,5100 Belt Line Road,Addison,TX,75254.0,+1 214-854-3334,Whole Foods,75254,ZCTA5 75254,70901.0,24316.0,30.8,16526.0,5363.0,2102.0,263.0,7728.0,46.8
Whole Foods Market,arlington-tx,,801 East Lamar,Arlington,TX,76011.0,+1 817-461-9362,Whole Foods,76011,ZCTA5 76011,50200.0,22529.0,30.8,15122.0,2619.0,1142.0,282.0,4043.0,26.7
Whole Foods Market,gateway,,9607 Research Boulevard,Austin,TX,78759.0,+1 512-345-5003,Whole Foods,78759,ZCTA5 78759,97688.0,45400.0,38.0,34266.0,13620.0,6984.0,1134.0,21738.0,63.4
Whole Foods Market,arbortrails,,4301 West William Cannon Drive,Austin,TX,78749.0,+1 512-358-2460,Whole Foods,78749,ZCTA5 78749,118174.0,34714.0,42.2,26329.0,10225.0,5503.0,890.0,16618.0,63.1
Whole Foods Market,eastaustin,,901 East 5th Street,Austin,TX,78702.0,+1 512-884-5910,Whole Foods,78702,ZCTA5 78702,87342.0,25723.0,34.5,20500.0,7082.0,3320.0,613.0,11015.0,53.7
Whole Foods Market,lamar,,525 North Lamar Boulevard,Austin,TX,78703.0,+1 512-542-2200,Whole Foods,78703,ZCTA5 78703,139617.0,22669.0,39.8,18061.0,8806.0,4076.0,612.0,13494.0,74.7
Whole Foods Market,domain,,11920 Domain Drive,Austin,TX,78758.0,+1 512-831-3981,Whole Foods,78758,ZCTA5 78758,68322.0,51185.0,32.3,35117.0,9658.0,4988.0,728.0,15374.0,43.8
Whole Foods Market,beecave,,12601 Hill Country Boulevard,Bee Cave,TX,78738.0,+1 512-206-2730,Whole Foods,78738,ZCTA5 78738,158194.0,28613.0,42.4,19835.0,9035.0,3913.0,810.0,13758.0,69.4
Whole Foods Market,cedarpark,,5001 183A Toll Road,Cedar Park,TX,78613.0,+1 512-690-2605,Whole Foods,78613,ZCTA5 78613,116893.0,88189.0,37.4,60219.0,21534.0,7704.0,1218.0,30456.0,50.6
Whole Foods Market,colleyville,,4801 Colleyville Boulevard,Colleyville,TX,76034.0,+1 817-918-3821,Whole Foods,76034,ZCTA5 76034,196034.0,25793.0,47.2,18440.0,7511.0,3547.0,305.0,11363.0,61.6
Whole Foods Market,parklane,,8190 Park Lane,Dallas,TX,75231.0,+1 214-342-4850,Whole Foods,75231,ZCTA5 75231,50603.0,39158.0,31.7,25994.0,6084.0,2046.0,240.0,8370.0,32.2
Whole Foods Market,uptowndallas,,2510 McKinney Avenue,Dallas,TX,75201.0,+1 469-518-5814,Whole Foods,75201,ZCTA5 75201,102891.0,17985.0,31.7,14709.0,5972.0,2990.0,325.0,9287.0,63.1
Whole Foods Market,lakewood,,2118 Abrams Road,Dallas,TX,75214.0,+1 214-824-1744,Whole Foods,75214,ZCTA5 75214,115304.0,34015.0,37.1,24669.0,10415.0,4072.0,838.0,15325.0,62.1
Whole Foods Market,preston,,11700 Preston Road,Dallas,TX,75230.0,+1 214-361-8887,Whole Foods,75230,ZCTA5 75230,109589.0,26503.0,47.6,20621.0,7320.0,3225.0,902.0,11447.0,55.5
Whole Foods Market,elpaso,,100 Pitt Street,El Paso,TX,79912.0,+1 915-236-1420,Whole Foods,79912,ZCTA5 79912,71324.0,76890.0,34.5,51584.0,14713.0,6856.0,1368.0,22937.0,44.5
Whole Foods Market,fairview,,105 Stacy Road,Fairview,TX,75069.0,+1 972-549-4090,Whole Foods,75069,ZCTA5 75069,74967.0,39048.0,39.3,26091.0,6117.0,2708.0,338.0,9163.0,35.1
Whole Foods Market,fortworth,,3720 Vision Drive,Fort Worth,TX,76109.0,+1 682-316-8040,Whole Foods,76109,ZCTA5 76109,99102.0,25658.0,31.9,15646.0,6555.0,2954.0,831.0,10340.0,66.1
Whole Foods Market,highlandpark,,4100 Lomo Alto Drive,Highland Park,TX,75219.0,+1 214-520-7993,Whole Foods,75219,ZCTA5 75219,86826.0,24797.0,33.8,20801.0,8671.0,3949.0,404.0,13024.0,62.6
Whole Foods Market,highlandvillage,,4041 Justin Road,Highland Village,TX,75077.0,+1 972-538-9710,Whole Foods,75077,ZCTA5 75077,120254.0,39853.0,40.4,27047.0,9788.0,2992.0,273.0,13053.0,48.3
Whole Foods Market,voss,,1047 South Voss Road,Houston,TX,75057.0,+1 713-789-4477,Whole Foods,75057,ZCTA5 75057,73935.0,17280.0,31.3,10800.0,2164.0,841.0,39.0,3044.0,28.2
Whole Foods Market,postoak,,1700 Post Oak Boulevard,Houston,TX,77056.0,+1 713-346-0537,Whole Foods,77056,ZCTA5 77056,97097.0,21941.0,40.8,17837.0,7347.0,4190.0,650.0,12187.0,68.3
Whole Foods Market,independenceheights,,101 North Loop,Houston,TX,77018.0,+1 713-369-0800,Whole Foods,77018,ZCTA5 77018,111524.0,28892.0,37.0,20332.0,6526.0,3422.0,401.0,10349.0,50.9
Whole Foods Market,westchase,,11041 Westheimer Road,Houston,TX,77042.0,+1 713-784-7776,Whole Foods,77042,ZCTA5 77042,51723.0,40747.0,33.5,27777.0,8135.0,3375.0,470.0,11980.0,43.1
Whole Foods Market,bellaire,,4004 Bellaire Boulevard,Houston,TX,77025.0,+1 713-667-4090,Whole Foods,77025,ZCTA5 77025,84274.0,29295.0,37.8,21346.0,6539.0,4267.0,2159.0,12965.0,60.7
Whole Foods Market,montrose,,701 Waugh Drive,Houston,TX,77019.0,+1 713-284-1260,Whole Foods,77019,ZCTA5 77019,118172.0,22839.0,35.6,17835.0,6937.0,4120.0,813.0,11870.0,66.6
Whole Foods Market,kirby,,2955 Kirby Drive,Houston,TX,77098.0,+1 713-520-1937,Whole Foods,77098,ZCTA5 77098,108799.0,15553.0,35.9,11748.0,4021.0,2805.0,1095.0,7921.0,67.4
Whole Foods Market,champions,,10133 Louetta Road,Houston,TX,77070.0,+1 281-803-6396,Whole Foods,77070,ZCTA5 77070,73579.0,58409.0,34.3,37456.0,9767.0,3808.0,217.0,13792.0,36.8
Whole Foods Market,lascolinas,,6741 North MacArthur Boulevard,Irving,TX,75039.0,+1 469-845-8001,Whole Foods,75039,ZCTA5 75039,100474.0,21795.0,32.7,17045.0,7041.0,4554.0,611.0,12206.0,71.6
Whole Foods Market,katy,,6601 South Fry Road,Katy,TX,77494.0,+1 281-769-5670,Whole Foods,77494,ZCTA5 77494,144444.0,130920.0,37.7,80997.0,30880.0,17318.0,3632.0,51830.0,64.0
Whole Foods Market,plano,,2201 Preston Road,Plano,TX,75093.0,+1 972-612-6729,Whole Foods,75093,ZCTA5 75093,121360.0,47069.0,42.8,34647.0,13981.0,7339.0,838.0,22158.0,64.0
Whole Foods Market,cityline,,1411 East Renner Road,Richardson,TX,75082.0,+1 214-273-0902,Whole Foods,75082,ZCTA5 75082,108869.0,29386.0,37.9,21520.0,7725.0,4532.0,618.0,12875.0,59.8
Whole Foods Market,quarry,,255 East Basse Road,San Antonio,TX,78209.0,+1 210-826-4676,Whole Foods,78209,ZCTA5 78209,79914.0,43184.0,36.9,29412.0,9113.0,4635.0,1138.0,14886.0,50.6
Whole Foods Market,vineyard,,18403 Blanco Road,San Antonio,TX,78258.0,+1 210-408-3110,Whole Foods,78258,ZCTA5 78258,110635.0,48344.0,37.5,32505.0,11387.0,5243.0,991.0,17621.0,54.2
Whole Foods Market,sugarland,,15900 Southwest Freeway,Sugar Land,TX,77478.0,+1 281-491-5577,Whole Foods,77478,ZCTA5 77478,110032.0,23105.0,48.2,17262.0,5911.0,2884.0,271.0,9066.0,52.5
Whole Foods Market,thewoodlands,,1925 Hughes Landing Boulevard,The Woodlands,TX,77380.0,+1 832-246-5600,Whole Foods,77380,ZCTA5 77380,82383.0,30034.0,36.4,22042.0,7455.0,3022.0,393.0,10870.0,49.3
Whole Foods Market,highlanddrive,,6930 South Highland Drive,Cottonwood Heights,UT,84121.0,+1 801-733-9455,Whole Foods,84121,ZCTA5 84121,108873.0,39759.0,40.4,28165.0,9526.0,3836.0,756.0,14118.0,50.1
Whole Foods Market,canyoncorners,,6598 North Landmark Drive,Park City,UT,84098.0,+1 435-575-0200,Whole Foods,84098,ZCTA5 84098,166462.0,20044.0,42.4,13844.0,5791.0,2641.0,467.0,8899.0,64.3
Whole Foods Market,sugarhouse,,1131 East Wilmington Avenue,Salt Lake City,UT,84106.0,+1 801-359-7913,Whole Foods,84106,ZCTA5 84106,90381.0,34704.0,35.2,25049.0,8082.0,3662.0,910.0,12654.0,50.5
Whole Foods Market,trolleysquare,,544 South 700 East,Salt Lake City,UT,84102.0,+1 801-924-9060,Whole Foods,84102,ZCTA5 84102,50036.0,19165.0,28.8,12007.0,3811.0,1901.0,407.0,6119.0,51.0
Whole Foods Market,alexandria,,1700 Duke Street,Alexandria,VA,22314.0,+1 703-706-0891,Whole Foods,22314,ZCTA5 22314,143031.0,35577.0,39.8,29504.0,9780.0,9075.0,1720.0,20575.0,69.7
Whole Foods Market,pentagoncity,,520 12th Street South,Arlington,VA,22202.0,+1 571-777-3948,Whole Foods,22202,ZCTA5 22202,137736.0,28084.0,35.4,22839.0,8759.0,7007.0,1517.0,17283.0,75.7
Whole Foods Market,arlington-va,,2700 North Wilson Boulevard,Arlington,VA,22201.0,+1 703-527-6596,Whole Foods,22201,ZCTA5 22201,140453.0,38010.0,31.3,28776.0,11492.0,9009.0,1247.0,21748.0,75.6
Whole Foods Market,,,1550 Crystal Drive,Arlington,VA,22202.0,+1 800-250-0668,Whole Foods,22202,ZCTA5 22202,137736.0,28084.0,35.4,22839.0,8759.0,7007.0,1517.0,17283.0,75.7
Whole Foods Market,ashburn,,19800 Belmont Chase Drive,Ashburn,VA,20147.0,+1 571-223-4440,Whole Foods,20147,ZCTA5 20147,154714.0,66917.0,38.4,44996.0,16462.0,10335.0,1519.0,28316.0,62.9
Whole Foods Market,charlottesville,,1797 Hydraulic Road,Charlottesville,VA,22901.0,+1 434-973-4900,Whole Foods,22901,ZCTA5 22901,88911.0,35610.0,43.4,26248.0,7679.0,4941.0,1705.0,14325.0,54.6
Whole Foods Market,fairlakes,,4501 Market Commons Drive,Fairfax,VA,22033.0,+1 703-222-2058,Whole Foods,22033,ZCTA5 22033,129513.0,38610.0,37.4,26725.0,9880.0,6682.0,627.0,17189.0,64.3
Whole Foods Market,,,103 East Broad Street,Falls Church,VA,22046.0,+1-703-448-1600,Whole Foods,22046,ZCTA5 22046,176112.0,18007.0,39.8,12032.0,3403.0,3606.0,704.0,7713.0,64.1
Whole Foods Market,shortpump,,11173 West Broad Street,Glen Allen,VA,23233.0,+1 804-364-4050,Whole Foods,23233,ZCTA5 23233,116469.0,31164.0,39.6,22015.0,8914.0,4842.0,697.0,14453.0,65.7
Whole Foods Market,newportnews,,12090 Jefferson Avenue,Newport News,VA,23606.0,+1 757-947-2460,Whole Foods,23606,ZCTA5 23606,67943.0,29807.0,32.3,18471.0,3780.0,2624.0,410.0,6814.0,36.9
Whole Foods Market,,,1861 Fountain Drive,Reston,VA,20190.0,+1-703-736-0600,Whole Foods,20190,ZCTA5 20190,120337.0,21121.0,40.6,16166.0,6139.0,4693.0,407.0,11239.0,69.5
Whole Foods Market,richmond-va,,2022 West Broad Street,Richmond,VA,23220.0,+1 804-956-3750,Whole Foods,23220,ZCTA5 23220,51830.0,33667.0,27.9,20278.0,7595.0,2903.0,718.0,11216.0,55.3
Whole Foods Market,springfieldplaza,,6426 Springfield Plaza,Springfield,VA,22150.0,+1 703-644-2500,Whole Foods,22150,ZCTA5 22150,112331.0,27734.0,41.0,19395.0,4887.0,2828.0,433.0,8148.0,42.0
Whole Foods Market,tysonscorner,,1635 Boro Place,Tysons,VA,22102.0,+1 571-634-3610,Whole Foods,22102,ZCTA5 22102,149420.0,28356.0,38.0,20535.0,7222.0,6671.0,1279.0,15172.0,73.9
Whole Foods Market,vienna,,143 Maple Avenue East,Vienna,VA,22180.0,+1 703-319-2000,Whole Foods,22180,ZCTA5 22180,179320.0,26179.0,37.4,17607.0,6197.0,5308.0,777.0,12282.0,69.8
Whole Foods Market,virginiabeach,,1800 Laskin Road,Virginia Beach,VA,23454.0,+1 757-422-0444,Whole Foods,23454,ZCTA5 23454,95547.0,58022.0,38.5,41185.0,11203.0,4670.0,879.0,16752.0,40.7
Whole Foods Market,bellevue,,888 116th Avenue Northeast,Bellevue,WA,98005.0,+1-425-462-1400,Whole Foods,98005,ZCTA5 98005,151297.0,22030.0,36.9,15830.0,5368.0,4238.0,823.0,10429.0,65.9
Whole Foods Market,bellinghamlakeway,,1030 Lakeway Drive,Bellingham,WA,98229.0,+1-360-714-6820,Whole Foods,98229,ZCTA5 98229,87946.0,34157.0,39.6,23865.0,6725.0,3656.0,879.0,11260.0,47.2
Whole Foods Market,kirkland,,12501 120th Avenue Northeast,Kirkland,WA,98034.0,+1-425-979-3301,Whole Foods,98034,ZCTA5 98034,119806.0,52636.0,37.5,38399.0,13733.0,5766.0,855.0,20354.0,53.0
Whole Foods Market,lynnwood,,2800 196th Street Southwest,Lynnwood,WA,98036.0,+1-425-775-1320,Whole Foods,98036,ZCTA5 98036,90770.0,42164.0,39.1,29986.0,7558.0,2793.0,409.0,10760.0,35.9
Whole Foods Market,redmond,,17991 Redmond Way Northeast,Redmond,WA,98052.0,+1-425-881-2600,Whole Foods,98052,ZCTA5 98052,158457.0,77324.0,35.0,54709.0,20391.0,16536.0,2064.0,38991.0,71.3
Whole Foods Market,rooseveltsquare,,1026 Northeast 64th Street,Seattle,WA,98115.0,+1-206-985-1500,Whole Foods,98115,ZCTA5 98115,141013.0,54457.0,37.2,40591.0,15774.0,9746.0,2897.0,28417.0,70.0
Whole Foods Market,westlake,,2200 Westlake Avenue,Seattle,WA,98121.0,+1-206-621-9700,Whole Foods,98121,ZCTA5 98121,142926.0,20562.0,33.6,19120.0,7483.0,5794.0,878.0,14155.0,74.0
Whole Foods Market,interbay,,2001 15th Avenue West,Seattle,WA,98119.0,+1-206-352-5440,Whole Foods,98119,ZCTA5 98119,112865.0,25906.0,34.1,19648.0,8330.0,4073.0,685.0,13088.0,66.6
Whole Foods Market,westseattle,,4755 Fauntleroy Way Southwest,Seattle,WA,98116.0,+1-206-338-5060,Whole Foods,98116,ZCTA5 98116,129924.0,27871.0,39.6,22021.0,8428.0,4456.0,774.0,13658.0,62.0
Whole Foods Market,chambersbay,,3515 Bridgeport Way West,University Place,WA,98466.0,+1-253-534-4500,Whole Foods,98466,ZCTA5 98466,89047.0,30405.0,38.3,20652.0,5186.0,2252.0,229.0,7667.0,37.1
Whole Foods Market,madisonsegoe,,4710 Madison Yards Way,Madison,WI,53705.0,+1 608-233-9566,Whole Foods,53705,ZCTA5 53705,79253.0,24936.0,35.0,17578.0,5419.0,3914.0,2505.0,11838.0,67.3
Whole Foods Market,mlw,,2305 North Prospect Avenue,Milwaukee,WI,53211.0,+1 414-223-1500,Whole Foods,53211,ZCTA5 53211,73783.0,34775.0,30.5,21177.0,7466.0,5244.0,1354.0,14064.0,66.4
Whole Foods Market,wauwatosa,,11100 West Burleigh Street,Wauwatosa,WI,53222.0,+1 414-808-3600,Whole Foods,53222,ZCTA5 53222,71283.0,24467.0,35.3,16701.0,4639.0,1774.0,383.0,6796.0,40.7
Whole Foods Market,,,1155 South Highway 89,Jackson,WY,83001.0,,Whole Foods,83001,ZCTA5 83001,110734.0,17721.0,38.8,13310.0,4939.0,2163.0,368.0,7470.0,56.1
Whole Foods Market,jacksonwyoming,,1155 South Highway 89,Jackson,WY,83001.0,+1 307-733-0450,Whole Foods,83001,ZCTA5 83001,110734.0,17721.0,38.8,13310.0,4939.0,2163.0,368.0,7470.0,56.1
